dataset,method,n_bins,sqnr_db_mean,sqnr_db_ci_low,sqnr_db_ci_high,corr_mean,corr_ci_low,corr_ci_high,mse_mean,rmse_mean,spectral_distortion_pct,timestamp
bci_iv_2a,uniform,32,22.424548551847526,22.37542261247255,22.47092193386021,0.9971315937886212,0.997091939115735,0.9971631685516095,0.21596320468465938,0.464718414402377,"{'delta': {'mean': 20.714841051827047, 'ci_low': 18.24217900654485, 'ci_high': 23.437910668772812}, 'theta': {'mean': 0.35106285180239066, 'ci_low': 0.2693499219877906, 'ci_high': 0.43499965384834394}, 'alpha': {'mean': 0.44286952264057916, 'ci_low': 0.29816290782071025, 'ci_high': 0.6292631840296574}, 'beta': {'mean': 0.2843568902442194, 'ci_low': 0.18513418192237205, 'ci_high': 0.40881059633084177}, 'gamma': {'mean': 4.859396515230767, 'ci_low': 3.181725274632142, 'ci_high': 7.254582085487524}}",2026-03-07T16:38:30.354715
bci_iv_2a,uniform,64,27.598223388652595,27.46321333518752,27.70862340463717,0.9991094440961864,0.9990750402056043,0.9991395504475364,0.06443181852229331,0.2538342343386591,"{'delta': {'mean': 7.1762633120878645, 'ci_low': 5.992067712064729, 'ci_high': 8.369191766722677}, 'theta': {'mean': 0.24319800273895747, 'ci_low': 0.16429657152146143, 'ci_high': 0.3268917042226339}, 'alpha': {'mean': 0.42426434473187064, 'ci_low': 0.29663364891829636, 'ci_high': 0.6013411893309331}, 'beta': {'mean': 0.3461055632134628, 'ci_low': 0.2593231059821543, 'ci_high': 0.45923949198875275}, 'gamma': {'mean': 1.3138920574271105, 'ci_low': 0.805318372268288, 'ci_high': 1.9691009365469316}}",2026-03-07T16:38:30.357218
bci_iv_2a,uniform,128,31.54708966508582,31.264559067989957,31.805322449462583,0.999611356422504,0.9995732821295179,0.9996418301547073,0.026163827230402118,0.16175236390978068,"{'delta': {'mean': 3.6957032396635956, 'ci_low': 2.8111710047354403, 'ci_high': 4.595388922481316}, 'theta': {'mean': 0.2846130390484444, 'ci_low': 0.2084483486769053, 'ci_high': 0.363494973527198}, 'alpha': {'mean': 0.41010103565439704, 'ci_low': 0.28411423032302285, 'ci_high': 0.5716877538861344}, 'beta': {'mean': 0.35670286615936936, 'ci_low': 0.2642355581482807, 'ci_high': 0.4615720801394928}, 'gamma': {'mean': 0.4823094740384985, 'ci_low': 0.28545539473743836, 'ci_high': 0.6899789171731064}}",2026-03-07T16:38:30.358219
bci_iv_2a,uniform,256,33.86935766076369,33.43632933827047,34.285343387564616,0.9997398564807956,0.9997091096316653,0.9997683218089034,0.01641027763743609,0.12810260589635206,"{'delta': {'mean': 2.8072086076579774, 'ci_low': 2.025431009615825, 'ci_high': 3.6157769847086856}, 'theta': {'mean': 0.2978371502176456, 'ci_low': 0.23573083913534448, 'ci_high': 0.36896931380630166}, 'alpha': {'mean': 0.4010226345314363, 'ci_low': 0.2696005296776374, 'ci_high': 0.5481743674722843}, 'beta': {'mean': 0.355790603519735, 'ci_low': 0.2751623862349659, 'ci_high': 0.46167937717455537}, 'gamma': {'mean': 0.31549819039368626, 'ci_low': 0.17404456282037797, 'ci_high': 0.4611810960690497}}",2026-03-07T16:38:30.358718
bci_iv_2a,uniform,512,34.88711929910897,34.38326607366602,35.38767701001989,0.9997734556753956,0.9997401085292008,0.9998024159492279,0.013876903661539017,0.11780027020995758,"{'delta': {'mean': 2.5730046435367635, 'ci_low': 1.825999314731525, 'ci_high': 3.3407860629413744}, 'theta': {'mean': 0.2997990708028759, 'ci_low': 0.2365794778122575, 'ci_high': 0.3672172612161355}, 'alpha': {'mean': 0.3961039257750574, 'ci_low': 0.2678106325520313, 'ci_high': 0.5414764498520533}, 'beta': {'mean': 0.35410544817759787, 'ci_low': 0.2693914694464279, 'ci_high': 0.4554426691515606}, 'gamma': {'mean': 0.28913126352327595, 'ci_low': 0.1654977737705325, 'ci_high': 0.43911576446039574}}",2026-03-07T16:38:30.359218
bci_iv_2a,uniform,1024,35.23551685170704,34.684076841279236,35.74432862712572,0.99978259102262,0.9997451318655612,0.9998101966815038,0.013196060976208386,0.11487410925099,"{'delta': {'mean': 2.518156842447746, 'ci_low': 1.7546587627195054, 'ci_high': 3.2384722455389934}, 'theta': {'mean': 0.3005991589162622, 'ci_low': 0.23639262396245175, 'ci_high': 0.37191287699395786}, 'alpha': {'mean': 0.3938059870266179, 'ci_low': 0.25418190314725697, 'ci_high': 0.541950264969868}, 'beta': {'mean': 0.3523256763205939, 'ci_low': 0.26500989927777274, 'ci_high': 0.456121260853738}, 'gamma': {'mean': 0.2844642981142506, 'ci_low': 0.16411743861389946, 'ci_high': 0.42803102768179574}}",2026-03-07T16:38:30.360219
bci_iv_2a,mu_law,32,19.443392594918148,19.403349644604496,19.48155564682968,0.9943538816798349,0.9942887539270763,0.9944104762186321,0.4297271177325881,0.655535748630529,"{'delta': {'mean': 43.016937999971, 'ci_low': 37.92530953813085, 'ci_high': 47.89355054242416}, 'theta': {'mean': 1.3355675419370687, 'ci_low': 1.0180750814763844, 'ci_high': 1.681742845179228}, 'alpha': {'mean': 0.4784352914024118, 'ci_low': 0.39209792973890123, 'ci_high': 0.5808283790781116}, 'beta': {'mean': 0.6444520921055311, 'ci_low': 0.5447451188975254, 'ci_high': 0.7581841583004264}, 'gamma': {'mean': 10.86986567918462, 'ci_low': 7.4586323004602795, 'ci_high': 16.045842156628563}}",2026-03-07T16:38:30.360718
bci_iv_2a,mu_law,64,24.878397613930847,24.775423189086663,24.968875542757203,0.998352273136075,0.9983005423759566,0.9983937174957408,0.12103124461545216,0.3478954506966887,"{'delta': {'mean': 13.042918412284017, 'ci_low': 11.233643658646331, 'ci_high': 15.010584901986904}, 'theta': {'mean': 0.3124584417471363, 'ci_low': 0.24121136534643173, 'ci_high': 0.3933041331312477}, 'alpha': {'mean': 0.40437352358889095, 'ci_low': 0.2384093585079412, 'ci_high': 0.6003845385510674}, 'beta': {'mean': 0.2976401509911496, 'ci_low': 0.18663015973925587, 'ci_high': 0.4398252215949342}, 'gamma': {'mean': 2.7901013353640085, 'ci_low': 1.8896698936253704, 'ci_high': 4.099880500292125}}",2026-03-07T16:38:30.361718
bci_iv_2a,mu_law,128,29.43395616556168,29.225591989467564,29.622527979323483,0.9993945611496113,0.9993542021256159,0.9994277640328854,0.04203904327867053,0.20503424903822906,"{'delta': {'mean': 5.428191107837211, 'ci_low': 4.392931811126645, 'ci_high': 6.463586502227116}, 'theta': {'mean': 0.2847132383548584, 'ci_low': 0.19846509656531117, 'ci_high': 0.3823735878604342}, 'alpha': {'mean': 0.44670043124016917, 'ci_low': 0.29418809159838605, 'ci_high': 0.6270249410403506}, 'beta': {'mean': 0.37491682382547226, 'ci_low': 0.2742773330039181, 'ci_high': 0.5094269907848066}, 'gamma': {'mean': 0.8274710474305608, 'ci_low': 0.5121177099484706, 'ci_high': 1.1621737265045593}}",2026-03-07T16:38:30.362219
bci_iv_2a,mu_law,256,32.57548715669017,32.21350248339275,32.9166562596872,0.999672189165564,0.9996361631942972,0.9997022440932445,0.021245069463599595,0.1457568847897059,"{'delta': {'mean': 3.401790127685595, 'ci_low': 2.5845437503000004, 'ci_high': 4.259300032219869}, 'theta': {'mean': 0.31394045307791774, 'ci_low': 0.2431693765041644, 'ci_high': 0.3998723911600587}, 'alpha': {'mean': 0.4327341280455977, 'ci_low': 0.2912602085851755, 'ci_high': 0.5950628771959446}, 'beta': {'mean': 0.38064908069871467, 'ci_low': 0.28727335695162776, 'ci_high': 0.4870905025319338}, 'gamma': {'mean': 0.39184498360051323, 'ci_low': 0.22255004992386251, 'ci_high': 0.5653739197754598}}",2026-03-07T16:38:30.363222
bci_iv_2a,mu_law,512,34.255922676484,33.79874106606677,34.68989773534615,0.9997498324970161,0.9997163631372065,0.9997809767729038,0.015516141986911385,0.12456380688992845,"{'delta': {'mean': 2.8138426655769226, 'ci_low': 2.0531030832750035, 'ci_high': 3.6015334245207793}, 'theta': {'mean': 0.3138915962875734, 'ci_low': 0.24884950699800812, 'ci_high': 0.38353423598550923}, 'alpha': {'mean': 0.4155381550954529, 'ci_low': 0.29002722654321644, 'ci_high': 0.5790102588437153}, 'beta': {'mean': 0.3705213113930743, 'ci_low': 0.28220482157729965, 'ci_high': 0.470082120868888}, 'gamma': {'mean': 0.3131181631034355, 'ci_low': 0.1750381696620873, 'ci_high': 0.4566086231227866}}",2026-03-07T16:38:30.363720
bci_iv_2a,mu_law,1024,34.96466072679758,34.434555697195975,35.49024754229337,0.999773335745009,0.9997391557555024,0.9998009513264846,0.013821492307224416,0.1175648429898344,"{'delta': {'mean': 2.608758567706864, 'ci_low': 1.8401961537284615, 'ci_high': 3.4192780892961108}, 'theta': {'mean': 0.30884493007646563, 'ci_low': 0.24738230089096588, 'ci_high': 0.381754059467624}, 'alpha': {'mean': 0.40497969103298165, 'ci_low': 0.2704936154986819, 'ci_high': 0.5445249152872774}, 'beta': {'mean': 0.3619954918061216, 'ci_low': 0.2752526156650667, 'ci_high': 0.45953358369826774}, 'gamma': {'mean': 0.2930017481996782, 'ci_low': 0.16663456959609438, 'ci_high': 0.4300889269758148}}",2026-03-07T16:38:30.364719
bci_iv_2a,adaptive,32,17.996962221933476,17.895754165370207,18.095048419365135,0.9919337832038804,0.9917396538576749,0.99210679179747,0.58995531496996,0.7680854867590977,"{'delta': {'mean': 83.97926739836598, 'ci_low': 73.35768468635362, 'ci_high': 96.93196714528392}, 'theta': {'mean': 1.164673963106533, 'ci_low': 0.734315231567671, 'ci_high': 1.6606910034298035}, 'alpha': {'mean': 2.8614316017281407, 'ci_low': 2.5623132084091287, 'ci_high': 3.1484296241346104}, 'beta': {'mean': 1.9162470290082925, 'ci_low': 1.6061158270120375, 'ci_high': 2.2848740295590444}, 'gamma': {'mean': 14.48862502139232, 'ci_low': 8.9656166481413, 'ci_high': 22.27574695126025}}",2026-03-07T16:38:30.365218
bci_iv_2a,adaptive,64,21.17343089569493,21.049242182900404,21.293943607865675,0.9960916338992247,0.9959595883362846,0.9962168569705601,0.2830034469137285,0.531980682838887,"{'delta': {'mean': 41.6512523225621, 'ci_low': 37.016203191184786, 'ci_high': 46.66866905618838}, 'theta': {'mean': 0.7121757935280724, 'ci_low': 0.47357176745784435, 'ci_high': 1.000304164557159}, 'alpha': {'mean': 1.4162767740122137, 'ci_low': 1.1780208929147336, 'ci_high': 1.6240547971108372}, 'beta': {'mean': 0.9427845384491254, 'ci_low': 0.7610395173696252, 'ci_high': 1.1408856872628734}, 'gamma': {'mean': 7.228786872754537, 'ci_low': 4.698360414875591, 'ci_high': 11.07366837745481}}",2026-03-07T16:38:30.366219
bci_iv_2a,adaptive,128,24.280105807718915,24.0995287906555,24.446533589353713,0.9980607633326671,0.9979641291408914,0.9981394220565785,0.13863547186262976,0.3723378464011277,"{'delta': {'mean': 20.862982698921485, 'ci_low': 18.678591238186776, 'ci_high': 23.160359946944965}, 'theta': {'mean': 0.4522818380423382, 'ci_low': 0.3173805472225263, 'ci_high': 0.5906450241009041}, 'alpha': {'mean': 0.7138356143328345, 'ci_low': 0.552063412811178, 'ci_high': 0.8771215287068354}, 'beta': {'mean': 0.4965907385294624, 'ci_low': 0.39506636293768116, 'ci_high': 0.5966701342410367}, 'gamma': {'mean': 3.639133705175717, 'ci_low': 2.3772223993592174, 'ci_high': 5.109044261070872}}",2026-03-07T16:38:30.366721
bci_iv_2a,adaptive,256,27.323492685626643,27.117772232741935,27.523792242538022,0.999012472249821,0.9989498787194434,0.999064167516102,0.06943481847647197,0.2635048737243241,"{'delta': {'mean': 10.73490123718158, 'ci_low': 9.348052861805938, 'ci_high': 12.072360479932453}, 'theta': {'mean': 0.2720972061580973, 'ci_low': 0.1966542853164443, 'ci_high': 0.3565508898731531}, 'alpha': {'mean': 0.376445387847366, 'ci_low': 0.27821578183271967, 'ci_high': 0.48182269675999323}, 'beta': {'mean': 0.283613965420667, 'ci_low': 0.21710587322901423, 'ci_high': 0.36162000220805174}, 'gamma': {'mean': 1.8695102169004103, 'ci_low': 1.2683976864072461, 'ci_high': 2.572014474628439}}",2026-03-07T16:38:30.367720
bci_iv_2a,adaptive,512,30.32833431372957,30.066968872478643,30.593041232530258,0.9994834305992031,0.9994326844907447,0.999524259566835,0.03554701091700985,0.18853914956053516,"{'delta': {'mean': 5.774746418537553, 'ci_low': 4.88349008221572, 'ci_high': 6.713897708604053}, 'theta': {'mean': 0.17058469733978812, 'ci_low': 0.13340435985636617, 'ci_high': 0.2156600056125537}, 'alpha': {'mean': 0.2184792463000457, 'ci_low': 0.16205473313582008, 'ci_high': 0.2863144163384473}, 'beta': {'mean': 0.17195394225923724, 'ci_low': 0.12232406766210815, 'ci_high': 0.2312358789758464}, 'gamma': {'mean': 0.9830223965971457, 'ci_low': 0.6739915667396216, 'ci_high': 1.3239074708570717}}",2026-03-07T16:38:30.368219
bci_iv_2a,adaptive,1024,33.32052823516948,32.98037160888144,33.630878895106186,0.9997228919518962,0.9996838712247456,0.9997503605229525,0.018645612308506018,0.13654893741258486,"{'delta': {'mean': 3.330704268109468, 'ci_low': 2.5742865657580336, 'ci_high': 4.205395799771863}, 'theta': {'mean': 0.11174430292503626, 'ci_low': 0.08208625243375448, 'ci_high': 0.14301866727737433}, 'alpha': {'mean': 0.13930095700233902, 'ci_low': 0.10579530203421826, 'ci_high': 0.17663394407237812}, 'beta': {'mean': 0.11697300575823617, 'ci_low': 0.07126763258551252, 'ci_high': 0.16897311346557486}, 'gamma': {'mean': 0.5423611893173912, 'ci_low': 0.35085770097834484, 'ci_high': 0.7477356409373741}}",2026-03-07T16:38:30.368720
physionet_mi,uniform,32,19.027415558992885,18.761628064945246,19.288073646228796,0.9913219007099991,0.9906291455229332,0.9920138501106618,2.8961157619391432e-11,5.38155717421932e-06,"{'delta': {'mean': 6.401577589851444, 'ci_low': 4.140507711970981, 'ci_high': 8.505953299566382}, 'theta': {'mean': 5.673207974061791, 'ci_low': 3.6834233739298137, 'ci_high': 7.5727677935837425}, 'alpha': {'mean': 1.5833820579738982, 'ci_low': 0.9302864268032499, 'ci_high': 2.5217316714562457}, 'beta': {'mean': 1.4130750050683019, 'ci_low': 0.6472824116659849, 'ci_high': 2.4812431418096303}, 'gamma': {'mean': 5.228836496294193, 'ci_low': 2.3542265325323966, 'ci_high': 9.755533284239757}}",2026-03-07T16:41:17.576957
physionet_mi,uniform,64,21.78139200142325,21.38296122816449,22.178558296898295,0.9936173205487041,0.9929772163505223,0.9942394778362896,1.7940982773335856e-11,4.2356797297878715e-06,"{'delta': {'mean': 6.2150806719931575, 'ci_low': 4.121119217356005, 'ci_high': 8.234470763936882}, 'theta': {'mean': 5.641173643239594, 'ci_low': 3.7827152895318887, 'ci_high': 7.637979309070089}, 'alpha': {'mean': 1.636840114323784, 'ci_low': 0.9297441510864971, 'ci_high': 2.5714926788081187}, 'beta': {'mean': 0.816348439667928, 'ci_low': 0.5325914283488494, 'ci_high': 1.1759129664860304}, 'gamma': {'mean': 1.7105885300568384, 'ci_low': 0.6474808816763473, 'ci_high': 3.1165812203951084}}",2026-03-07T16:41:17.578460
physionet_mi,uniform,128,23.437325778401515,22.979810533792417,23.95781566332886,0.9942519594869349,0.9936384337089385,0.9948370316614856,1.4959954784311986e-11,3.86781007603941e-06,"{'delta': {'mean': 6.115152543806721, 'ci_low': 3.8965439515188107, 'ci_high': 8.22599686554865}, 'theta': {'mean': 5.5936664064624395, 'ci_low': 3.7207463379354695, 'ci_high': 7.5914734165270845}, 'alpha': {'mean': 1.66770301679807, 'ci_low': 0.9555028606722159, 'ci_high': 2.582045352300184}, 'beta': {'mean': 0.864688670719247, 'ci_low': 0.5857077632478193, 'ci_high': 1.2134147185414508}, 'gamma': {'mean': 1.2345789314183984, 'ci_low': 0.6046393505197087, 'ci_high': 2.2320306261170173}}",2026-03-07T16:41:17.578960
physionet_mi,uniform,256,24.272911441346427,23.686434197993098,24.821318208593816,0.9944407653805406,0.9937602688441898,0.9950471493940146,1.410140256576456e-11,3.7551834263807352e-06,"{'delta': {'mean': 6.061847763307371, 'ci_low': 4.087345351574169, 'ci_high': 8.061048649726313}, 'theta': {'mean': 5.558009026616011, 'ci_low': 3.7449730916941313, 'ci_high': 7.541421059842089}, 'alpha': {'mean': 1.6688414733758337, 'ci_low': 0.9559831902338801, 'ci_high': 2.7073334206774775}, 'beta': {'mean': 0.8989902687441849, 'ci_low': 0.6161338903224071, 'ci_high': 1.277717158042556}, 'gamma': {'mean': 1.2224305765510322, 'ci_low': 0.609460253542458, 'ci_high': 2.2184449766690744}}",2026-03-07T16:41:17.579960
physionet_mi,uniform,512,24.636384448395056,24.004844607823443,25.197759767484005,0.9945029923664498,0.9938703454986714,0.9950874578318806,1.383014194873018e-11,3.7188898812320567e-06,"{'delta': {'mean': 6.035187602079458, 'ci_low': 3.946211067821439, 'ci_high': 8.19890190891165}, 'theta': {'mean': 5.539610122471956, 'ci_low': 3.7283997161765017, 'ci_high': 7.501848640589535}, 'alpha': {'mean': 1.6632362306892088, 'ci_low': 0.9932434140349025, 'ci_high': 2.6023072116447223}, 'beta': {'mean': 0.9104610243305935, 'ci_low': 0.6240465722945656, 'ci_high': 1.2493513730606778}, 'gamma': {'mean': 1.233264824755696, 'ci_low': 0.6078638462759056, 'ci_high': 2.2543224302752027}}",2026-03-07T16:41:17.580460
physionet_mi,uniform,1024,24.788523105529727,24.18254333126462,25.407218357588313,0.99452607760752,0.9938531039616294,0.9951173999302707,1.373397069361905e-11,3.705937222028869e-06,"{'delta': {'mean': 6.021583963661066, 'ci_low': 3.765099985448974, 'ci_high': 8.009506036449833}, 'theta': {'mean': 5.529408245270481, 'ci_low': 3.5722387618595626, 'ci_high': 7.527119472058653}, 'alpha': {'mean': 1.659089184173863, 'ci_low': 0.9670357874929375, 'ci_high': 2.617507922847281}, 'beta': {'mean': 0.9119548792975595, 'ci_low': 0.6305326656775154, 'ci_high': 1.2885829665907238}, 'gamma': {'mean': 1.2402256619118117, 'ci_low': 0.6343418721514186, 'ci_high': 2.2352117023420583}}",2026-03-07T16:41:17.581460
physionet_mi,mu_law,32,16.661120903673883,16.427148740425814,16.87847913980152,0.9865147488230251,0.9856627104533673,0.9872960168092504,5.125151309853111e-11,7.159016210243633e-06,"{'delta': {'mean': 7.770180285110747, 'ci_low': 5.3771737588303425, 'ci_high': 10.113612572830172}, 'theta': {'mean': 6.792743118286168, 'ci_low': 4.950541013166224, 'ci_high': 8.732865606349884}, 'alpha': {'mean': 2.32116810323138, 'ci_low': 1.1798399731286286, 'ci_high': 3.782201924242628}, 'beta': {'mean': 3.304122028706344, 'ci_low': 1.8042756514632166, 'ci_high': 5.435486104729509}, 'gamma': {'mean': 9.2676686158714, 'ci_low': 4.444373085645223, 'ci_high': 16.901232503534168}}",2026-03-07T16:41:17.581960
physionet_mi,mu_law,64,20.024516913687258,19.682822044444546,20.324599295082894,0.9918528412978095,0.9911267999576868,0.9925742264711793,2.568178587635503e-11,5.067719987958592e-06,"{'delta': {'mean': 7.031252870383871, 'ci_low': 4.719401234596611, 'ci_high': 9.309361308066384}, 'theta': {'mean': 6.262823277026723, 'ci_low': 4.222893419106066, 'ci_high': 8.272459655857292}, 'alpha': {'mean': 1.8393829887684885, 'ci_low': 0.9601871507510061, 'ci_high': 3.2275747227588196}, 'beta': {'mean': 0.9892285102518569, 'ci_low': 0.5172596729406281, 'ci_high': 1.5517781180272727}, 'gamma': {'mean': 2.7551525138215247, 'ci_low': 1.1607365658094295, 'ci_high': 4.933185367767303}}",2026-03-07T16:41:17.582960
physionet_mi,mu_law,128,22.304314572468943,21.852597844157497,22.688746867922816,0.9935349220570536,0.992823486286705,0.9942215976399528,1.7939491722926693e-11,4.235503715371607e-06,"{'delta': {'mean': 6.5650490234429215, 'ci_low': 4.340939077568384, 'ci_high': 8.685010374133027}, 'theta': {'mean': 5.95715899438774, 'ci_low': 4.084083704437957, 'ci_high': 7.952066769497954}, 'alpha': {'mean': 1.816415972915975, 'ci_low': 0.9993264798018332, 'ci_high': 3.0055063432529825}, 'beta': {'mean': 0.8910115012757135, 'ci_low': 0.587557204175204, 'ci_high': 1.2819307469401306}, 'gamma': {'mean': 1.4021419208703492, 'ci_low': 0.5620851684557402, 'ci_high': 2.514101447432917}}",2026-03-07T16:41:17.583459
physionet_mi,mu_law,256,23.640087980884267,23.05376078807287,24.180401556287457,0.9941241176207471,0.993454596833694,0.9947525712837921,1.536563708165798e-11,3.919902687779122e-06,"{'delta': {'mean': 6.29984633732772, 'ci_low': 4.150119947689876, 'ci_high': 8.499685094695272}, 'theta': {'mean': 5.760575692940663, 'ci_low': 3.8581075204007, 'ci_high': 7.742831607381359}, 'alpha': {'mean': 1.7611764045261542, 'ci_low': 1.0091902716536745, 'ci_high': 2.892869900701755}, 'beta': {'mean': 0.9286915208132109, 'ci_low': 0.6482172648657099, 'ci_high': 1.278422028920951}, 'gamma': {'mean': 1.2763785706699307, 'ci_low': 0.6554012042336744, 'ci_high': 2.3147366905946956}}",2026-03-07T16:41:17.583959
physionet_mi,mu_law,512,24.316614776986892,23.731231189143823,24.940177778254252,0.9943551268491906,0.9937504137729201,0.995020787205696,1.4405186212105616e-11,3.795416474131082e-06,"{'delta': {'mean': 6.157311398866681, 'ci_low': 4.102591996580142, 'ci_high': 8.228643333934501}, 'theta': {'mean': 5.642486264524409, 'ci_low': 3.8582482682680124, 'ci_high': 7.566838257103039}, 'alpha': {'mean': 1.7131144158122242, 'ci_low': 1.0042788842266934, 'ci_high': 2.6705227758629366}, 'beta': {'mean': 0.9298559603600219, 'ci_low': 0.6309487796767992, 'ci_high': 1.3146475856372608}, 'gamma': {'mean': 1.2581895498550435, 'ci_low': 0.6272116002649375, 'ci_high': 2.273144221201874}}",2026-03-07T16:41:17.584959
physionet_mi,mu_law,1024,24.63137182672859,24.057087368721596,25.233256200610374,0.9944547430986841,0.9938241111103099,0.9950911524764849,1.400707927059991e-11,3.742603274540318e-06,"{'delta': {'mean': 6.083083329346391, 'ci_low': 4.039936447791273, 'ci_high': 8.070702673694582}, 'theta': {'mean': 5.581274146723938, 'ci_low': 3.8275709240885196, 'ci_high': 7.594458931646571}, 'alpha': {'mean': 1.6846780181683207, 'ci_low': 0.9960109500071269, 'ci_high': 2.660986946507977}, 'beta': {'mean': 0.9237883341939425, 'ci_low': 0.6445245698755774, 'ci_high': 1.2847761545299095}, 'gamma': {'mean': 1.254216832308054, 'ci_low': 0.6401208625056024, 'ci_high': 2.2258244228551165}}",2026-03-07T16:41:17.585460
physionet_mi,adaptive,32,14.371741516653747,14.144583011604217,14.594608983142397,0.9776207149079227,0.9761852702273691,0.97897738730165,8.202382195404793e-11,9.056700389990162e-06,"{'delta': {'mean': 9.81731555998091, 'ci_low': 7.098104278602255, 'ci_high': 12.49900893941709}, 'theta': {'mean': 8.274858294730194, 'ci_low': 6.336243850354204, 'ci_high': 10.132035478540956}, 'alpha': {'mean': 4.35583846167914, 'ci_low': 3.2940971210754784, 'ci_high': 5.48175485117204}, 'beta': {'mean': 6.220328807816173, 'ci_low': 4.764335768038761, 'ci_high': 7.586214216097588}, 'gamma': {'mean': 10.786220947686152, 'ci_low': 7.374847320523483, 'ci_high': 14.849947839713181}}",2026-03-07T16:41:17.586461
physionet_mi,adaptive,64,16.818448370891748,16.561284697682968,17.07503516393894,0.9860141498894975,0.9849821618788986,0.9870806600744754,4.3486851412339106e-11,6.594456111942751e-06,"{'delta': {'mean': 7.153570725747819, 'ci_low': 4.853246825888673, 'ci_high': 9.335715060417328}, 'theta': {'mean': 6.703230208354595, 'ci_low': 4.776696505595334, 'ci_high': 8.680164597941607}, 'alpha': {'mean': 3.4685500275273675, 'ci_low': 2.551155520950321, 'ci_high': 4.290049722738109}, 'beta': {'mean': 4.168606251545596, 'ci_low': 3.0566763439296514, 'ci_high': 5.14307105174915}, 'gamma': {'mean': 6.707451331502993, 'ci_low': 4.938957517360572, 'ci_high': 8.566130702281944}}",2026-03-07T16:41:17.586960
physionet_mi,adaptive,128,19.36793826291807,19.06226893836265,19.657518525955037,0.9913658674123262,0.9906624343341307,0.9920349493168436,2.3867947983857714e-11,4.885483393059249e-06,"{'delta': {'mean': 4.886937116875805, 'ci_low': 3.440097292209287, 'ci_high': 6.359140736218374}, 'theta': {'mean': 4.883203132425544, 'ci_low': 3.352426017158863, 'ci_high': 6.682240772164453}, 'alpha': {'mean': 2.223818680978662, 'ci_low': 1.6409190697023288, 'ci_high': 2.738847126393152}, 'beta': {'mean': 2.5064711999711746, 'ci_low': 1.8764593421598204, 'ci_high': 3.1849232970095778}, 'gamma': {'mean': 3.9623599291441116, 'ci_low': 2.933226837024961, 'ci_high': 4.99385565577547}}",2026-03-07T16:41:17.587460
physionet_mi,adaptive,256,22.23678565021163,21.896919328167264,22.601428273446764,0.994946591951377,0.9944788494597745,0.9953883111518309,1.3264907292615883e-11,3.642102043136063e-06,"{'delta': {'mean': 3.0671936190012925, 'ci_low': 2.106327585191059, 'ci_high': 3.968108608764304}, 'theta': {'mean': 3.0746680914789253, 'ci_low': 2.0040553110596973, 'ci_high': 4.396253459418887}, 'alpha': {'mean': 1.3151127263708235, 'ci_low': 0.990780258268046, 'ci_high': 1.661446193814662}, 'beta': {'mean': 1.3779749628063358, 'ci_low': 1.012940261826399, 'ci_high': 1.7398098535140702}, 'gamma': {'mean': 2.170362944958691, 'ci_low': 1.5865717200859262, 'ci_high': 2.758709246635406}}",2026-03-07T16:41:17.588461
physionet_mi,adaptive,512,25.416963742865374,25.022754935396176,25.81162260383096,0.9971360096805848,0.9968070901168249,0.9974439570798355,7.455549246018806e-12,2.7304851667824176e-06,"{'delta': {'mean': 1.844588887874432, 'ci_low': 1.3036658430674772, 'ci_high': 2.3962602222647007}, 'theta': {'mean': 1.9169636852369787, 'ci_low': 1.184644839251048, 'ci_high': 3.0470406447701257}, 'alpha': {'mean': 0.7559595648489017, 'ci_low': 0.5408581999198868, 'ci_high': 0.9691664779381426}, 'beta': {'mean': 0.787477735740113, 'ci_low': 0.5949765947851532, 'ci_high': 0.9730829894075704}, 'gamma': {'mean': 1.2235576033410673, 'ci_low': 0.8848181474451248, 'ci_high': 1.538203644871766}}",2026-03-07T16:41:17.588960
physionet_mi,adaptive,1024,28.751916320097155,28.31571811095307,29.198808336945724,0.9984212827124086,0.9982213961188424,0.9986102940523149,4.217925308084537e-12,2.053758824225604e-06,"{'delta': {'mean': 1.1533417148686727, 'ci_low': 0.8233888469734874, 'ci_high': 1.4662368716935337}, 'theta': {'mean': 1.2553537550219411, 'ci_low': 0.7964237510594068, 'ci_high': 1.9414955325927163}, 'alpha': {'mean': 0.5725779591478354, 'ci_low': 0.4260531295086988, 'ci_high': 0.7299694742074555}, 'beta': {'mean': 0.4866327020060761, 'ci_low': 0.3725298840385732, 'ci_high': 0.586565951000567}, 'gamma': {'mean': 0.680021286924134, 'ci_low': 0.4888407899403849, 'ci_high': 0.8418951665147751}}",2026-03-07T16:41:17.589960
sleep_edf,uniform,32,21.207228459181245,20.40050931635802,21.910508498149806,0.9958826883624494,0.9949596476633186,0.9966587205840106,4.027237618979822e-12,2.006797852046843e-06,"{'delta': {'mean': 2.084753081397509, 'ci_low': 0.9059924273492361, 'ci_high': 3.479030879219383}, 'theta': {'mean': 1.134097574776905, 'ci_low': 0.6265494813745867, 'ci_high': 1.7524870102718926}, 'alpha': {'mean': 2.999184958264487, 'ci_low': 2.3053117943648913, 'ci_high': 3.7464015553936405}, 'beta': {'mean': 8.92498804124936, 'ci_low': 4.860175854124518, 'ci_high': 14.963208820107456}, 'gamma': {'mean': 11.42442316748502, 'ci_low': 4.78523180000106, 'ci_high': 20.597979203435152}}",2026-03-07T16:41:46.093378
sleep_edf,uniform,64,25.236793288581456,23.623145155610903,26.62237143488392,0.997967987322018,0.9971323746430807,0.9987157297314208,1.488201048721281e-12,1.2199184598657737e-06,"{'delta': {'mean': 2.0569254253127083, 'ci_low': 0.8324967041158969, 'ci_high': 3.4672029966447573}, 'theta': {'mean': 1.170713569892688, 'ci_low': 0.7368024350035179, 'ci_high': 1.7444467925075382}, 'alpha': {'mean': 1.388937787015873, 'ci_low': 1.0088216752974979, 'ci_high': 1.8010929404724398}, 'beta': {'mean': 3.450981744278155, 'ci_low': 2.186043244823538, 'ci_high': 5.099439572726369}, 'gamma': {'mean': 3.9932187096195015, 'ci_low': 2.1602504150796493, 'ci_high': 6.672211708916981}}",2026-03-07T16:41:46.094383
sleep_edf,uniform,128,28.15516837650788,25.920737616930918,30.339063081410373,0.9985150922681925,0.9977952160653456,0.9992221135070182,8.393762281480455e-13,9.161747803492768e-07,"{'delta': {'mean': 2.017433794233107, 'ci_low': 0.9297591447329975, 'ci_high': 3.410411617109629}, 'theta': {'mean': 1.1666606272383855, 'ci_low': 0.7180505461787628, 'ci_high': 1.6959596802391832}, 'alpha': {'mean': 1.017918835699928, 'ci_low': 0.6628642984111124, 'ci_high': 1.3635228081176096}, 'beta': {'mean': 2.090361958998526, 'ci_low': 1.4096151465234041, 'ci_high': 2.763975438979787}, 'gamma': {'mean': 2.12623541416418, 'ci_low': 1.3575608666194612, 'ci_high': 2.9236052052088786}}",2026-03-07T16:41:46.095382
sleep_edf,uniform,256,30.14508810722532,27.02746289069275,33.3408570094424,0.9986646373689725,0.9978415577686677,0.9993132606222891,6.699284567252009e-13,8.184915740098983e-07,"{'delta': {'mean': 1.9899440650105915, 'ci_low': 0.8306928580292327, 'ci_high': 3.513902673196204}, 'theta': {'mean': 1.1756394321523111, 'ci_low': 0.7354740785240038, 'ci_high': 1.6790058975906514}, 'alpha': {'mean': 0.955880592858341, 'ci_low': 0.6113609194199602, 'ci_high': 1.3042150817675613}, 'beta': {'mean': 1.7320268507689611, 'ci_low': 1.1393176762848154, 'ci_high': 2.2714500512820965}, 'gamma': {'mean': 1.6810188707792164, 'ci_low': 1.1307579828225773, 'ci_high': 2.2528406443549494}}",2026-03-07T16:41:46.096381
sleep_edf,uniform,512,31.520270828204893,27.86977078013355,35.62601752121826,0.9987080998833958,0.9978742493363203,0.9993906788678885,6.24008496114263e-13,7.899420840253183e-07,"{'delta': {'mean': 1.9720222373112626, 'ci_low': 0.8806798345047817, 'ci_high': 3.2844168737910904}, 'theta': {'mean': 1.171785538713088, 'ci_low': 0.7100670199848781, 'ci_high': 1.6470000874677062}, 'alpha': {'mean': 0.9306013931708863, 'ci_low': 0.6039330386163655, 'ci_high': 1.2769581980493443}, 'beta': {'mean': 1.659962474811877, 'ci_low': 1.0918293594301705, 'ci_high': 2.1497086815765774}, 'gamma': {'mean': 1.5598791567175707, 'ci_low': 1.0333902141392348, 'ci_high': 2.1270506100599147}}",2026-03-07T16:41:46.096882
sleep_edf,uniform,1024,32.57730617626697,28.199974568516712,37.23657489790342,0.9987221404113512,0.9979291040107099,0.9994216994162315,6.107733957941599e-13,7.815199266775991e-07,"{'delta': {'mean': 1.9659286536064204, 'ci_low': 0.8176600518345901, 'ci_high': 3.3175130523833025}, 'theta': {'mean': 1.1681708631883612, 'ci_low': 0.707070435961853, 'ci_high': 1.667567943021591}, 'alpha': {'mean': 0.9268436005644194, 'ci_low': 0.5970156314087883, 'ci_high': 1.2550822646946869}, 'beta': {'mean': 1.6324947530740996, 'ci_low': 1.094346273052991, 'ci_high': 2.1245418926319757}, 'gamma': {'mean': 1.5401586134621454, 'ci_low': 0.9914468108386498, 'ci_high': 2.068055003703732}}",2026-03-07T16:41:46.097882
sleep_edf,mu_law,32,18.366419762333077,17.716730112778173,18.935875657504422,0.9923112443059763,0.9910821651657576,0.993472658713927,7.839240637344773e-12,2.7998643962422134e-06,"{'delta': {'mean': 2.864129742413866, 'ci_low': 1.392125243368957, 'ci_high': 4.544787805899244}, 'theta': {'mean': 2.1591782862029403, 'ci_low': 1.481267490565695, 'ci_high': 2.8606262461729792}, 'alpha': {'mean': 6.96280667514756, 'ci_low': 4.993768410223875, 'ci_high': 9.245296174535408}, 'beta': {'mean': 14.813142692900334, 'ci_low': 7.737643687472954, 'ci_high': 24.991623507974445}, 'gamma': {'mean': 16.37907097275257, 'ci_low': 8.05358681742597, 'ci_high': 28.645979601882686}}",2026-03-07T16:41:46.098382
sleep_edf,mu_law,64,22.828604441206977,21.546898370980283,24.0142766822116,0.9968287560572329,0.9958168327984057,0.9977468047691028,2.5933144436516914e-12,1.6103771122478398e-06,"{'delta': {'mean': 2.4357376057606173, 'ci_low': 1.0937686966309155, 'ci_high': 4.104673744939916}, 'theta': {'mean': 1.392541565873286, 'ci_low': 0.8913145289937425, 'ci_high': 1.9736830269404648}, 'alpha': {'mean': 2.4473668076798725, 'ci_low': 1.7846016616357105, 'ci_high': 3.1880286540032476}, 'beta': {'mean': 5.429806396387484, 'ci_low': 3.0385426081641653, 'ci_high': 8.567583170248113}, 'gamma': {'mean': 6.279906553225294, 'ci_low': 3.183907521216545, 'ci_high': 10.626031619516663}}",2026-03-07T16:41:46.098882
sleep_edf,mu_law,128,26.346192665050857,24.40467235682025,28.310996424545195,0.9981171794004642,0.9971060782056127,0.9988971131736388,1.1802317111373446e-12,1.0863846975806243e-06,"{'delta': {'mean': 2.241498242326429, 'ci_low': 1.0279115454853878, 'ci_high': 3.8085860789615564}, 'theta': {'mean': 1.3196537558204153, 'ci_low': 0.8283580945533721, 'ci_high': 1.8069008540804465}, 'alpha': {'mean': 1.3051193901248452, 'ci_low': 0.905670732872385, 'ci_high': 1.7268690031942246}, 'beta': {'mean': 2.6718198882657505, 'ci_low': 1.7750832233430471, 'ci_high': 3.6884625470236796}, 'gamma': {'mean': 2.9199430080405984, 'ci_low': 1.8560907276038914, 'ci_high': 4.2492807327116235}}",2026-03-07T16:41:46.099882
sleep_edf,mu_law,256,28.884875245619043,26.339022732373984,31.45234559788513,0.9985087867941548,0.9976221527204371,0.9992774097081376,7.878081137412686e-13,8.875855529137845e-07,"{'delta': {'mean': 2.1106593520083297, 'ci_low': 0.973424547585373, 'ci_high': 3.5430950569585185}, 'theta': {'mean': 1.27932431416422, 'ci_low': 0.8172135906803568, 'ci_high': 1.790576022329496}, 'alpha': {'mean': 1.058353942494225, 'ci_low': 0.7113049354394104, 'ci_high': 1.4399628160126219}, 'beta': {'mean': 1.9610001847999883, 'ci_low': 1.3860000909476315, 'ci_high': 2.524121491030585}, 'gamma': {'mean': 1.9563442220157228, 'ci_low': 1.2905848075207436, 'ci_high': 2.6053109248723816}}",2026-03-07T16:41:46.100382
sleep_edf,mu_law,512,30.652796473053616,27.236941985552093,34.27837648008914,0.9986410600592965,0.9978563837010622,0.9993484654750984,6.698619401078017e-13,8.184509393407779e-07,"{'delta': {'mean': 2.040550705062791, 'ci_low': 0.8951749526539794, 'ci_high': 3.3825131863382194}, 'theta': {'mean': 1.2222189733264046, 'ci_low': 0.7812207661629816, 'ci_high': 1.728808155783772}, 'alpha': {'mean': 0.9644395330348676, 'ci_low': 0.6170448668563459, 'ci_high': 1.3190994123955715}, 'beta': {'mean': 1.7527927172663822, 'ci_low': 1.1917048061433724, 'ci_high': 2.2841455823754835}, 'gamma': {'mean': 1.6665465834868667, 'ci_low': 1.1176910819083739, 'ci_high': 2.2437262582026585}}",2026-03-07T16:41:46.101381
sleep_edf,mu_law,1024,31.943348240936388,27.897137998665638,36.55892927804629,0.9986911982590346,0.9978390055969663,0.9993711537771941,6.303994654589084e-13,7.939769930287076e-07,"{'delta': {'mean': 1.9979979677955177, 'ci_low': 0.8137067346288619, 'ci_high': 3.2986383704227955}, 'theta': {'mean': 1.1896575132413123, 'ci_low': 0.7283608400100307, 'ci_high': 1.6948606469128373}, 'alpha': {'mean': 0.9350386998668492, 'ci_low': 0.6032786985146639, 'ci_high': 1.2576787198400228}, 'beta': {'mean': 1.6800622217937236, 'ci_low': 1.1279700379953506, 'ci_high': 2.1992040089286444}, 'gamma': {'mean': 1.5876824724541025, 'ci_low': 1.0150192799247788, 'ci_high': 2.1548916482215876}}",2026-03-07T16:41:46.101882
sleep_edf,adaptive,32,16.016670088976447,15.207872593219395,16.780132150977373,0.9863886011737947,0.9837866027739277,0.9885429887078906,1.3286745533424251e-11,3.6450988372641213e-06,"{'delta': {'mean': 4.316081167481639, 'ci_low': 2.70810911739346, 'ci_high': 6.1290500816377955}, 'theta': {'mean': 3.379644677344035, 'ci_low': 2.0767912268223907, 'ci_high': 4.712658611458248}, 'alpha': {'mean': 8.544170271320516, 'ci_low': 6.522643515078589, 'ci_high': 11.19549538815098}, 'beta': {'mean': 15.246668236781451, 'ci_low': 8.364612519577351, 'ci_high': 25.21149970359861}, 'gamma': {'mean': 14.713966148977724, 'ci_low': 8.125236310190411, 'ci_high': 25.632297652113436}}",2026-03-07T16:41:46.102882
sleep_edf,adaptive,64,19.309927678298315,18.234822126248666,20.402369335437516,0.9932778498582742,0.9916056340873795,0.9947318449347448,5.94008224658311e-12,2.437228394423286e-06,"{'delta': {'mean': 3.1946397362720163, 'ci_low': 1.7276030593474825, 'ci_high': 4.976316382689778}, 'theta': {'mean': 2.9574393960721546, 'ci_low': 2.134066221318679, 'ci_high': 3.7423028895336405}, 'alpha': {'mean': 5.110158734240999, 'ci_low': 3.9753300398640805, 'ci_high': 6.3925215236111415}, 'beta': {'mean': 8.249974894109828, 'ci_low': 4.51952888937989, 'ci_high': 13.07616003849044}, 'gamma': {'mean': 8.347512637829393, 'ci_low': 4.581425578081032, 'ci_high': 13.854924374059904}}",2026-03-07T16:41:46.103382
sleep_edf,adaptive,128,22.47833181389334,21.244418010014694,23.793149613836913,0.9964904044470055,0.9952749087023479,0.9974727539966723,2.748613615059575e-12,1.6578943316929385e-06,"{'delta': {'mean': 2.5760418052613234, 'ci_low': 1.2061722743116976, 'ci_high': 4.028781951528958}, 'theta': {'mean': 2.2396342799257267, 'ci_low': 1.651362984312771, 'ci_high': 2.8829173540766453}, 'alpha': {'mean': 2.798961445801271, 'ci_low': 1.9723711011419824, 'ci_high': 3.5970161386545767}, 'beta': {'mean': 4.355826110645528, 'ci_low': 2.5000051373535794, 'ci_high': 6.736854072406977}, 'gamma': {'mean': 4.417381844956859, 'ci_low': 2.4662569446826175, 'ci_high': 7.209876448175298}}",2026-03-07T16:41:46.103882
sleep_edf,adaptive,256,25.569423082553964,23.907963187668802,27.061009920306095,0.9980975819536251,0.997297473844048,0.9987220132198091,1.3488532952000892e-12,1.1614014358524313e-06,"{'delta': {'mean': 1.778966276155402, 'ci_low': 0.7193628736809261, 'ci_high': 3.0191123526467445}, 'theta': {'mean': 1.3534597896480716, 'ci_low': 0.8714890624594619, 'ci_high': 1.9116094233431375}, 'alpha': {'mean': 1.4402005134326574, 'ci_low': 1.0032534484251943, 'ci_high': 1.8861025139213803}, 'beta': {'mean': 2.1768954871780553, 'ci_low': 1.2814256710741874, 'ci_high': 3.31088348007498}, 'gamma': {'mean': 2.3739842754122296, 'ci_low': 1.2650288563200647, 'ci_high': 3.880128790841005}}",2026-03-07T16:41:46.104882
sleep_edf,adaptive,512,28.895142618252397,27.137919304269804,30.663765308350847,0.9989694368788375,0.9984723685716587,0.9994073641190749,6.475271724660691e-13,8.046907309433041e-07,"{'delta': {'mean': 1.0626267933759401, 'ci_low': 0.382988696049344, 'ci_high': 1.9340881305405597}, 'theta': {'mean': 0.717075354594512, 'ci_low': 0.3317173788368745, 'ci_high': 1.1710795762286412}, 'alpha': {'mean': 0.6597637007298223, 'ci_low': 0.40781010347432506, 'ci_high': 0.8828940781474353}, 'beta': {'mean': 1.1993444894840617, 'ci_low': 0.7416587937900514, 'ci_high': 1.7768344704002046}, 'gamma': {'mean': 1.2093832937544386, 'ci_low': 0.7060011958187496, 'ci_high': 1.8104788030659293}}",2026-03-07T16:41:46.105382
sleep_edf,adaptive,1024,32.910245307970946,30.401515481843223,35.321545811541284,0.999492134467781,0.9992109831739551,0.9997087709878095,2.817310425422977e-13,5.307834233868817e-07,"{'delta': {'mean': 0.46900543564385694, 'ci_low': 0.16198593716346393, 'ci_high': 0.8771034572042471}, 'theta': {'mean': 0.3796940479207789, 'ci_low': 0.18354294086070547, 'ci_high': 0.572545848608452}, 'alpha': {'mean': 0.3094836281629773, 'ci_low': 0.18259915276280975, 'ci_high': 0.457817802277385}, 'beta': {'mean': 0.599820600854485, 'ci_low': 0.3546914816541522, 'ci_high': 0.9031456899498516}, 'gamma': {'mean': 0.5640283077228471, 'ci_low': 0.3100086536649698, 'ci_high': 0.913651090396643}}",2026-03-07T16:41:46.106382
mental_arithmetic,uniform,32,22.083665834486883,21.786324857802114,22.346252484617896,0.9958168151600594,0.9939493585507093,0.9968898020080768,2.8914848640066163e-12,1.7004366686256258e-06,"{'delta': {'mean': 1.2488260814734446, 'ci_low': 0.45806928756864507, 'ci_high': 2.6046759715544137}, 'theta': {'mean': 0.6422944069066805, 'ci_low': 0.35642325942617364, 'ci_high': 1.105445739281835}, 'alpha': {'mean': 0.3949811767193417, 'ci_low': 0.27041458461214546, 'ci_high': 0.5673001961827908}, 'beta': {'mean': 0.5745942850381016, 'ci_low': 0.3087198019999189, 'ci_high': 0.9910301650097126}, 'gamma': {'mean': 3.080959146076621, 'ci_low': 2.3770927906606074, 'ci_high': 3.7424355547706054}}",2026-03-07T16:41:55.484281
mental_arithmetic,uniform,64,27.21965158462903,26.73339314121884,27.608881987423683,0.9978446382038131,0.9956906917282431,0.9989172535453287,2.337371755513622e-12,1.5288465441350293e-06,"{'delta': {'mean': 1.1948967409658482, 'ci_low': 0.39606572940180274, 'ci_high': 2.5471565804556433}, 'theta': {'mean': 0.6060080035415142, 'ci_low': 0.3176649273805329, 'ci_high': 1.081201491386836}, 'alpha': {'mean': 0.3810621952143704, 'ci_low': 0.24913217868409968, 'ci_high': 0.5823427617764865}, 'beta': {'mean': 0.5100779495104748, 'ci_low': 0.2252402396447935, 'ci_high': 0.9795836102372607}, 'gamma': {'mean': 1.0683685375614524, 'ci_low': 0.6639979456798025, 'ci_high': 1.7119437039763075}}",2026-03-07T16:41:55.485795
mental_arithmetic,uniform,128,31.50680585124771,30.88962990118591,32.14927675188664,0.9983668206911452,0.9966612931034364,0.9994607120731468,2.1888847837810806e-12,1.4794880140714493e-06,"{'delta': {'mean': 1.1751911869491023, 'ci_low': 0.38396664655322144, 'ci_high': 2.531025797415921}, 'theta': {'mean': 0.5881916788646103, 'ci_low': 0.3037442831602306, 'ci_high': 1.0579196881190347}, 'alpha': {'mean': 0.3670072366631373, 'ci_low': 0.23338014211133878, 'ci_high': 0.5540283814856259}, 'beta': {'mean': 0.5139956864412187, 'ci_low': 0.2272032955940469, 'ci_high': 0.9824087882444933}, 'gamma': {'mean': 0.7054818336807318, 'ci_low': 0.27450913439274327, 'ci_high': 1.4615085012314526}}",2026-03-07T16:41:55.486296
mental_arithmetic,uniform,256,34.62278478879684,33.756022153207866,35.532367058464516,0.9985041805150744,0.9967144401923651,0.9995805317985782,2.1467647183205944e-12,1.4651841926258263e-06,"{'delta': {'mean': 1.1634800800319263, 'ci_low': 0.3895864537972977, 'ci_high': 2.5286772527196524}, 'theta': {'mean': 0.5796493402700433, 'ci_low': 0.29633255422480453, 'ci_high': 1.0511731692506712}, 'alpha': {'mean': 0.3577936010687378, 'ci_low': 0.2196159311578684, 'ci_high': 0.5436117302802981}, 'beta': {'mean': 0.5168551770648793, 'ci_low': 0.23048494175584583, 'ci_high': 0.993329659783737}, 'gamma': {'mean': 0.6481186532130419, 'ci_low': 0.21131207303761018, 'ci_high': 1.413852663821689}}",2026-03-07T16:41:55.486795
mental_arithmetic,uniform,512,36.59908041012653,35.46813099795836,37.62152154047693,0.9985419475923155,0.9964608843705108,0.9995480563244057,2.133754231304651e-12,1.460737564145131e-06,"{'delta': {'mean': 1.157734909777295, 'ci_low': 0.38012899538569384, 'ci_high': 2.4806763312367046}, 'theta': {'mean': 0.5741576259256211, 'ci_low': 0.28411480964193464, 'ci_high': 1.0391548602475789}, 'alpha': {'mean': 0.35319767999655804, 'ci_low': 0.2175482377792552, 'ci_high': 0.5389765109566762}, 'beta': {'mean': 0.5153466031124664, 'ci_low': 0.22691255578746475, 'ci_high': 0.9933398441855597}, 'gamma': {'mean': 0.6434209918294098, 'ci_low': 0.19462748840145688, 'ci_high': 1.422838678578875}}",2026-03-07T16:41:55.487795
mental_arithmetic,uniform,1024,37.768218567244645,36.538901042800894,39.079057430474066,0.9985531087663808,0.9967318322487108,0.9995831686580823,2.1292574384507317e-12,1.4591975323617882e-06,"{'delta': {'mean': 1.15362194862111, 'ci_low': 0.3753373919486781, 'ci_high': 2.4943026152544223}, 'theta': {'mean': 0.5717692724445469, 'ci_low': 0.28882851432394696, 'ci_high': 1.0366456129358692}, 'alpha': {'mean': 0.35090198674576867, 'ci_low': 0.2134949455741595, 'ci_high': 0.5343363667216389}, 'beta': {'mean': 0.5123452039892479, 'ci_low': 0.21707413178141383, 'ci_high': 0.9914633063505398}, 'gamma': {'mean': 0.6409292879254438, 'ci_low': 0.1920393457168136, 'ci_high': 1.4240952943523326}}",2026-03-07T16:41:55.488797
mental_arithmetic,mu_law,32,19.140939913251145,18.90153313447738,19.343408110906573,0.992766063276065,0.9906322017927549,0.9940428385844077,3.890812722581733e-12,1.9725143149244147e-06,"{'delta': {'mean': 1.681443508090568, 'ci_low': 0.8379225249404227, 'ci_high': 3.1095395954602556}, 'theta': {'mean': 0.8972512603440783, 'ci_low': 0.6372704283860742, 'ci_high': 1.3217280451812643}, 'alpha': {'mean': 0.7477920806513361, 'ci_low': 0.6404463508019578, 'ci_high': 0.8997193863652642}, 'beta': {'mean': 1.8308489020056684, 'ci_low': 1.4508081344548789, 'ci_high': 2.2145998897496852}, 'gamma': {'mean': 9.163884439399522, 'ci_low': 7.265203350793096, 'ci_high': 11.150867076954267}}",2026-03-07T16:41:55.489296
mental_arithmetic,mu_law,64,24.48663610958469,24.098785263781675,24.821398448005738,0.9969484023416378,0.9950017486891488,0.998097621902095,2.6777016976148146e-12,1.636368448001493e-06,"{'delta': {'mean': 1.3213473866107013, 'ci_low': 0.48049281826737544, 'ci_high': 2.725989644688542}, 'theta': {'mean': 0.6383186249092749, 'ci_low': 0.3389753637805788, 'ci_high': 1.123353143821822}, 'alpha': {'mean': 0.41063562492938355, 'ci_low': 0.2785787013311467, 'ci_high': 0.6018313934552066}, 'beta': {'mean': 0.6074389725707627, 'ci_low': 0.3089980403490103, 'ci_high': 1.0571050544201397}, 'gamma': {'mean': 2.0237358854676204, 'ci_low': 1.5118619195003908, 'ci_high': 2.714178146733955}}",2026-03-07T16:41:55.490295
mental_arithmetic,mu_law,128,29.186709443606397,28.592839640686726,29.713765691499248,0.9980796577952276,0.9963093515758131,0.9991802069480891,2.3195554032366245e-12,1.5230086681423138e-06,"{'delta': {'mean': 1.2514702426792617, 'ci_low': 0.43681955207161316, 'ci_high': 2.643882779800243}, 'theta': {'mean': 0.6319996725530206, 'ci_low': 0.33543504166294663, 'ci_high': 1.11049927697313}, 'alpha': {'mean': 0.3919863901673108, 'ci_low': 0.24771513966107506, 'ci_high': 0.5927869317158682}, 'beta': {'mean': 0.5414912972142574, 'ci_low': 0.24028709544809324, 'ci_high': 1.0565625710399968}, 'gamma': {'mean': 0.8993455938953293, 'ci_low': 0.45982531518966124, 'ci_high': 1.6626559376658014}}",2026-03-07T16:41:55.490795
mental_arithmetic,mu_law,256,32.90271173071231,32.10484860613864,33.63470884656195,0.998401372717826,0.9964774916236179,0.9994548721243651,2.2021771053799154e-12,1.483973418016615e-06,"{'delta': {'mean': 1.2107080970962507, 'ci_low': 0.4110885330235604, 'ci_high': 2.5651548058599993}, 'theta': {'mean': 0.6109387887786573, 'ci_low': 0.31746932688072377, 'ci_high': 1.0998931266648855}, 'alpha': {'mean': 0.38541425829396136, 'ci_low': 0.24725145835567244, 'ci_high': 0.579959564065902}, 'beta': {'mean': 0.5402789785363776, 'ci_low': 0.24769871608952676, 'ci_high': 1.0258698729897493}, 'gamma': {'mean': 0.6947656626215573, 'ci_low': 0.2585889765722515, 'ci_high': 1.490574863902124}}",2026-03-07T16:41:55.491796
mental_arithmetic,mu_law,512,35.47915285112857,34.45146581205044,36.42924072375483,0.9985008188702378,0.9967559124596951,0.9995785448121575,2.1589539493282066e-12,1.4693379289081892e-06,"{'delta': {'mean': 1.18385460583445, 'ci_low': 0.3970290943273947, 'ci_high': 2.5084999009089026}, 'theta': {'mean': 0.5942864773277106, 'ci_low': 0.3022847292368845, 'ci_high': 1.0939829242392667}, 'alpha': {'mean': 0.3686912545394786, 'ci_low': 0.22391451931042541, 'ci_high': 0.5782682942137425}, 'beta': {'mean': 0.528495550855099, 'ci_low': 0.24396170232270348, 'ci_high': 1.0039530698892112}, 'gamma': {'mean': 0.6677445839935939, 'ci_low': 0.22716981029120864, 'ci_high': 1.4594009520109408}}",2026-03-07T16:41:55.492295
mental_arithmetic,mu_law,1024,37.085767754875214,35.89220409651636,38.156256082930526,0.9985350164826791,0.9967303857487448,0.9995895300008113,2.141234477320837e-12,1.4632957586629016e-06,"{'delta': {'mean': 1.167778341961742, 'ci_low': 0.386846788338179, 'ci_high': 2.5301645126202104}, 'theta': {'mean': 0.5828036416682442, 'ci_low': 0.29172598236911085, 'ci_high': 1.0666704811051277}, 'alpha': {'mean': 0.3591817284686768, 'ci_low': 0.22386426005463744, 'ci_high': 0.5590039225778933}, 'beta': {'mean': 0.5205153270455147, 'ci_low': 0.22745308297894057, 'ci_high': 0.9888813733732581}, 'gamma': {'mean': 0.649865091342344, 'ci_low': 0.20172478758878537, 'ci_high': 1.4488186773437124}}",2026-03-07T16:41:55.493295
mental_arithmetic,adaptive,32,17.640089658460322,17.334207061873013,17.91208090909168,0.9893864031935059,0.9862457786130568,0.9911747818874316,5.258805471846191e-12,2.2932085539362072e-06,"{'delta': {'mean': 2.9283116735400814, 'ci_low': 1.9757784554871396, 'ci_high': 4.550389473646854}, 'theta': {'mean': 2.4336681887036584, 'ci_low': 1.7916857824833472, 'ci_high': 3.236584588233653}, 'alpha': {'mean': 2.434593044410389, 'ci_low': 1.8974010829171972, 'ci_high': 2.997011182510018}, 'beta': {'mean': 2.1219160624238573, 'ci_low': 1.3097724004209, 'ci_high': 3.1877720059909884}, 'gamma': {'mean': 9.771986870609908, 'ci_low': 7.5107853481686195, 'ci_high': 11.860460453872067}}",2026-03-07T16:41:55.493795
mental_arithmetic,adaptive,64,20.761895078614764,20.359072634526942,21.111231848053396,0.9940061005859604,0.9917368829607865,0.9954583522628361,3.787498903751428e-12,1.946149763957396e-06,"{'delta': {'mean': 2.218526335722538, 'ci_low': 1.2437564532703218, 'ci_high': 3.836582149609076}, 'theta': {'mean': 1.5022029240064345, 'ci_low': 0.9492658563086508, 'ci_high': 2.324494369835734}, 'alpha': {'mean': 1.445550411384834, 'ci_low': 1.0199767584891182, 'ci_high': 1.9566918056529845}, 'beta': {'mean': 1.5434334972386974, 'ci_low': 0.8914256955463241, 'ci_high': 2.5637981232657197}, 'gamma': {'mean': 5.501715872461405, 'ci_low': 4.021502171782762, 'ci_high': 7.1885328038417535}}",2026-03-07T16:41:55.494795
mental_arithmetic,adaptive,128,23.8649850413806,23.38434620337767,24.296005715351907,0.996384533101091,0.9944490763058071,0.9976141143234327,2.8852906828392033e-12,1.6986143419973832e-06,"{'delta': {'mean': 1.7879833000607994, 'ci_low': 0.8561553602488189, 'ci_high': 3.3531740895323603}, 'theta': {'mean': 1.074753054311792, 'ci_low': 0.626276625593448, 'ci_high': 1.7935206752572632}, 'alpha': {'mean': 0.9380827431624976, 'ci_low': 0.6433776626319904, 'ci_high': 1.3801493324770686}, 'beta': {'mean': 1.140587382454011, 'ci_low': 0.6293987151360295, 'ci_high': 1.9317357559471875}, 'gamma': {'mean': 3.337926490099087, 'ci_low': 2.4319299062035578, 'ci_high': 4.60533674180606}}",2026-03-07T16:41:55.495295
mental_arithmetic,adaptive,256,26.968522662706242,26.44904516231403,27.503296942579336,0.9976846930910549,0.996124849288373,0.9987312209253213,2.2629939012289623e-12,1.5043250650138627e-06,"{'delta': {'mean': 1.4216530070580542, 'ci_low': 0.6226759514582755, 'ci_high': 2.7662101520849305}, 'theta': {'mean': 0.812080094667064, 'ci_low': 0.476013074759213, 'ci_high': 1.4031245712422469}, 'alpha': {'mean': 0.655425675139833, 'ci_low': 0.4566044812640288, 'ci_high': 0.998427229490717}, 'beta': {'mean': 0.8451313523244816, 'ci_low': 0.45503963784806345, 'ci_high': 1.4480443193728845}, 'gamma': {'mean': 1.9234209949728616, 'ci_low': 1.26151432083705, 'ci_high': 2.9316905920514844}}",2026-03-07T16:41:55.495795
mental_arithmetic,adaptive,512,30.137567683640757,29.4637234896631,30.734450377716573,0.9984587028927715,0.9969510302386351,0.9993027329972735,1.7759268223567735e-12,1.3326390442864764e-06,"{'delta': {'mean': 1.0492088612241313, 'ci_low': 0.4190128779239894, 'ci_high': 2.0831741948433415}, 'theta': {'mean': 0.6327338121799764, 'ci_low': 0.33667291826079854, 'ci_high': 1.149812098322189}, 'alpha': {'mean': 0.4756696595294578, 'ci_low': 0.3092016874169057, 'ci_high': 0.7404408624735277}, 'beta': {'mean': 0.5982806220738366, 'ci_low': 0.2976224694152707, 'ci_high': 1.0643148069706658}, 'gamma': {'mean': 1.1742089901912607, 'ci_low': 0.682990655777428, 'ci_high': 1.9207913438336572}}",2026-03-07T16:41:55.496795
mental_arithmetic,adaptive,1024,33.67689330404333,32.940098113288194,34.37934962576848,0.9989898124102156,0.9979310890247861,0.9996187985205621,1.3308257634749865e-12,1.1536142177846918e-06,"{'delta': {'mean': 0.7652060767223006, 'ci_low': 0.27415930102206504, 'ci_high': 1.5799727740493668}, 'theta': {'mean': 0.44510086833905127, 'ci_low': 0.2271130211215363, 'ci_high': 0.8181787112007285}, 'alpha': {'mean': 0.3058657424860683, 'ci_low': 0.1901677194587742, 'ci_high': 0.4736332275535363}, 'beta': {'mean': 0.37908550793122375, 'ci_low': 0.1877963524030306, 'ci_high': 0.6255001413075318}, 'gamma': {'mean': 0.7005716874428807, 'ci_low': 0.39746653139789995, 'ci_high': 1.120220343295974}}",2026-03-07T16:41:55.497295
epfl_p300,uniform,32,20.0477642541156,19.381932404723184,20.627180349261025,0.9914380180453453,0.9892903164699807,0.9932894967591874,0.5251592255420161,0.7246787050424596,"{'delta': {'mean': 0.0, 'ci_low': 0.0, 'ci_high': 0.0}, 'theta': {'mean': 5.010401339539305, 'ci_low': 3.273271733683089, 'ci_high': 6.68587913285188}, 'alpha': {'mean': 5.010401339539305, 'ci_low': 3.2859850156533503, 'ci_high': 6.720797961967294}, 'beta': {'mean': 5.221659570700631, 'ci_low': 3.3045725685472673, 'ci_high': 6.780029457192577}, 'gamma': {'mean': 5.851076052177946, 'ci_low': 3.6235898959012665, 'ci_high': 7.717294537699196}}",2026-03-07T16:42:25.162381
epfl_p300,uniform,64,23.750139721519066,22.933091280374644,24.578432249538146,0.993709417619835,0.991715429720372,0.9955733865158393,0.42394975237619337,0.6511142391133782,"{'delta': {'mean': 0.0, 'ci_low': 0.0, 'ci_high': 0.0}, 'theta': {'mean': 4.868950046640515, 'ci_low': 3.0716680495925686, 'ci_high': 6.347263209735251}, 'alpha': {'mean': 4.868950046640515, 'ci_low': 3.1141296541244565, 'ci_high': 6.3880217603009}, 'beta': {'mean': 5.075924395788555, 'ci_low': 3.3882930920301866, 'ci_high': 6.809917009792826}, 'gamma': {'mean': 5.716104559210054, 'ci_low': 3.5967296870956513, 'ci_high': 7.603347410508794}}",2026-03-07T16:42:25.163395
epfl_p300,uniform,128,26.333430598475132,25.172624289348487,27.453929493112238,0.9943332201010865,0.99235999492325,0.9962159449844802,0.3949731829935618,0.6284689196718974,"{'delta': {'mean': 0.0, 'ci_low': 0.0, 'ci_high': 0.0}, 'theta': {'mean': 4.79795843504301, 'ci_low': 3.068262702844143, 'ci_high': 6.438700853440697}, 'alpha': {'mean': 4.79795843504301, 'ci_low': 3.1723100288438846, 'ci_high': 6.400205276304871}, 'beta': {'mean': 5.002715149056157, 'ci_low': 3.1574473726093237, 'ci_high': 6.711735468423743}, 'gamma': {'mean': 5.63805589720473, 'ci_low': 3.699640936835342, 'ci_high': 7.590604591908265}}",2026-03-07T16:42:25.164385
epfl_p300,uniform,256,27.858102978919227,26.42729211953088,29.173905624238056,0.9945168609117434,0.9926055495147686,0.9962494506298228,0.3858899051670267,0.6212003744099215,"{'delta': {'mean': 0.0, 'ci_low': 0.0, 'ci_high': 0.0}, 'theta': {'mean': 4.760374137129463, 'ci_low': 3.1029422879360307, 'ci_high': 6.442051219488799}, 'alpha': {'mean': 4.760374137129463, 'ci_low': 2.9830795987940752, 'ci_high': 6.414136689421961}, 'beta': {'mean': 4.962691318164191, 'ci_low': 3.1685253497127217, 'ci_high': 6.7353406214752924}, 'gamma': {'mean': 5.597912786120387, 'ci_low': 3.464758575096406, 'ci_high': 7.593504639471944}}",2026-03-07T16:42:25.164885
epfl_p300,uniform,512,28.61897518634371,27.074516469906772,29.960026675124627,0.9945766053623444,0.9925560410046241,0.9963556338555282,0.38269909992723483,0.6186267856528965,"{'delta': {'mean': 0.0, 'ci_low': 0.0, 'ci_high': 0.0}, 'theta': {'mean': 4.740726015569224, 'ci_low': 2.991330402123899, 'ci_high': 6.329129801532919}, 'alpha': {'mean': 4.740726015569224, 'ci_low': 3.1564420361793317, 'ci_high': 6.339562877598034}, 'beta': {'mean': 4.942690767347058, 'ci_low': 3.346407052574898, 'ci_high': 6.591445165959497}, 'gamma': {'mean': 5.5773816141698775, 'ci_low': 3.4899655883385767, 'ci_high': 7.464570255838464}}",2026-03-07T16:42:25.165385
epfl_p300,uniform,1024,28.937076862652003,27.47253316093406,30.417684492700555,0.9945984637122105,0.992638999121635,0.9962829551582247,0.38144143049784823,0.6176094481934746,"{'delta': {'mean': 0.0, 'ci_low': 0.0, 'ci_high': 0.0}, 'theta': {'mean': 4.731414189984781, 'ci_low': 3.111299816361085, 'ci_high': 6.221470857099066}, 'alpha': {'mean': 4.731414189984781, 'ci_low': 3.0385232043026855, 'ci_high': 6.103581178786293}, 'beta': {'mean': 4.932698859210817, 'ci_low': 3.1502915875310102, 'ci_high': 6.627523647476451}, 'gamma': {'mean': 5.567171597066018, 'ci_low': 3.5621142719909265, 'ci_high': 7.418941105098817}}",2026-03-07T16:42:25.166384
epfl_p300,mu_law,32,17.433742532919407,16.906953802558608,17.918342450168645,0.9868635231489902,0.9842994794453083,0.9892641407749428,0.7626098210492297,0.873275340914439,"{'delta': {'mean': 0.0, 'ci_low': 0.0, 'ci_high': 0.0}, 'theta': {'mean': 5.904694315095482, 'ci_low': 3.7978429030518663, 'ci_high': 7.73953977009641}, 'alpha': {'mean': 5.904694315095482, 'ci_low': 4.008977157513004, 'ci_high': 7.803955683735658}, 'beta': {'mean': 6.169522476031807, 'ci_low': 4.132716675171969, 'ci_high': 8.292107945290315}, 'gamma': {'mean': 6.803830287134174, 'ci_low': 4.329269626583771, 'ci_high': 9.185562734980563}}",2026-03-07T16:42:25.166885
epfl_p300,mu_law,64,21.598997696033887,20.749763511475113,22.336613614126247,0.992053157672656,0.9898027632203971,0.9940870487413996,0.5172158331244272,0.7191771917437505,"{'delta': {'mean': 0.0, 'ci_low': 0.0, 'ci_high': 0.0}, 'theta': {'mean': 5.382342302501309, 'ci_low': 3.5606828809626623, 'ci_high': 7.099802328628374}, 'alpha': {'mean': 5.382342302501309, 'ci_low': 3.54453196718271, 'ci_high': 7.176734255338457}, 'beta': {'mean': 5.609265820383779, 'ci_low': 3.6950750286239, 'ci_high': 7.59140758714759}, 'gamma': {'mean': 6.257001316727647, 'ci_low': 4.07610674456985, 'ci_high': 8.566169884898502}}",2026-03-07T16:42:25.167885
epfl_p300,mu_law,128,24.79104497074477,23.742530987185695,25.816391924223808,0.9936664260426177,0.9916087526343794,0.9955879636110051,0.4351572025389987,0.6596644620858385,"{'delta': {'mean': 0.0, 'ci_low': 0.0, 'ci_high': 0.0}, 'theta': {'mean': 5.092406066323058, 'ci_low': 3.1944860107021635, 'ci_high': 6.71845305406119}, 'alpha': {'mean': 5.092406066323058, 'ci_low': 3.1859863066959444, 'ci_high': 6.78360828479367}, 'beta': {'mean': 5.305903518983962, 'ci_low': 3.509211668234449, 'ci_high': 6.97298408413093}, 'gamma': {'mean': 5.954791732325619, 'ci_low': 3.638713119268099, 'ci_high': 7.980392244814448}}",2026-03-07T16:42:25.168385
epfl_p300,mu_law,256,26.909643517319815,25.771787009302926,28.239430104924544,0.9942242330920372,0.992262357809896,0.9959488079914428,0.4043492416790371,0.6358846134944901,"{'delta': {'mean': 0.0, 'ci_low': 0.0, 'ci_high': 0.0}, 'theta': {'mean': 4.921669985059007, 'ci_low': 3.1083736380829103, 'ci_high': 6.487945298358629}, 'alpha': {'mean': 4.921669985059007, 'ci_low': 3.0499659266136314, 'ci_high': 6.548273151424343}, 'beta': {'mean': 5.128874303660652, 'ci_low': 3.271851337144902, 'ci_high': 6.836583802877852}, 'gamma': {'mean': 5.76963688902983, 'ci_low': 3.679054751043718, 'ci_high': 7.757067508942258}}",2026-03-07T16:42:25.169385
epfl_p300,mu_law,512,28.11207219034018,26.5836790290413,29.51211849829714,0.994440453038705,0.9924095922468749,0.9960931699022897,0.3915165454261831,0.625712829839842,"{'delta': {'mean': 0.0, 'ci_low': 0.0, 'ci_high': 0.0}, 'theta': {'mean': 4.825741033880156, 'ci_low': 3.143436072967947, 'ci_high': 6.40709186871254}, 'alpha': {'mean': 4.825741033880156, 'ci_low': 3.276795151473363, 'ci_high': 6.553676334053427}, 'beta': {'mean': 5.0298139131763016, 'ci_low': 3.301305709311801, 'ci_high': 6.7546129478156995}, 'gamma': {'mean': 5.668383441084849, 'ci_low': 3.6340810517367643, 'ci_high': 7.681268711506884}}",2026-03-07T16:42:25.169885
epfl_p300,mu_law,1024,28.697678299323833,27.232186929118438,30.17141365358133,0.9945329680320263,0.9924271500763718,0.9963106239407107,0.3857466880852119,0.6210850892472076,"{'delta': {'mean': 0.0, 'ci_low': 0.0, 'ci_high': 0.0}, 'theta': {'mean': 4.775004865585503, 'ci_low': 3.12625484402649, 'ci_high': 6.3879119251146195}, 'alpha': {'mean': 4.775004865585503, 'ci_low': 3.203913627202456, 'ci_high': 6.28199041001356}, 'beta': {'mean': 4.97759124848156, 'ci_low': 3.2878745598102657, 'ci_high': 6.569319014447078}, 'gamma': {'mean': 5.613853973965422, 'ci_low': 3.560464603608185, 'ci_high': 7.617334808467762}}",2026-03-07T16:42:25.170885
epfl_p300,adaptive,32,15.40082682262223,14.887406982888056,15.889041425640407,0.979690379734674,0.9758784742360496,0.9830080561803815,1.1282326513779062,1.0621829651137822,"{'delta': {'mean': 0.0, 'ci_low': 0.0, 'ci_high': 0.0}, 'theta': {'mean': 7.913462886689723, 'ci_low': 5.73944194539504, 'ci_high': 10.178361382791204}, 'alpha': {'mean': 7.913462886689723, 'ci_low': 5.672001860010616, 'ci_high': 10.197101908431781}, 'beta': {'mean': 8.230685742246163, 'ci_low': 5.8873460327231655, 'ci_high': 10.518762154983223}, 'gamma': {'mean': 8.686939548775333, 'ci_low': 5.862993537453865, 'ci_high': 11.257132141089906}}",2026-03-07T16:42:25.171384
epfl_p300,adaptive,64,17.870472360426522,17.310435919182428,18.429249951029767,0.9870961014578169,0.9843478410930517,0.9895572132708998,0.7411590330014093,0.8609059373714467,"{'delta': {'mean': 0.0, 'ci_low': 0.0, 'ci_high': 0.0}, 'theta': {'mean': 6.374109943992773, 'ci_low': 4.396046130850903, 'ci_high': 8.42685309590939}, 'alpha': {'mean': 6.374109943992773, 'ci_low': 4.294501085547075, 'ci_high': 8.324986444492033}, 'beta': {'mean': 6.627026600414783, 'ci_low': 4.533518510345873, 'ci_high': 8.810307927467738}, 'gamma': {'mean': 7.137887766725416, 'ci_low': 4.794659347678709, 'ci_high': 9.546501790672083}}",2026-03-07T16:42:25.171884
epfl_p300,adaptive,128,20.387426794047183,19.74151220700848,21.05252190463389,0.9919475277377569,0.990054958013753,0.9936096081048628,0.46985162608888575,0.6854572387019381,"{'delta': {'mean': 0.0, 'ci_low': 0.0, 'ci_high': 0.0}, 'theta': {'mean': 4.878572297066944, 'ci_low': 3.269960025049345, 'ci_high': 6.6492472034067305}, 'alpha': {'mean': 4.878572297066944, 'ci_low': 3.361923453945083, 'ci_high': 6.515036215036547}, 'beta': {'mean': 5.013862500148315, 'ci_low': 3.4129181013240406, 'ci_high': 6.696930727888623}, 'gamma': {'mean': 5.47263768738302, 'ci_low': 3.482548328501433, 'ci_high': 7.540974514662801}}",2026-03-07T16:42:25.172883
epfl_p300,adaptive,256,23.343136429898546,22.636423201306755,24.074788150146006,0.9953640063940877,0.9941779139729277,0.9963433821617603,0.271952173263634,0.521490338610059,"{'delta': {'mean': 0.0, 'ci_low': 0.0, 'ci_high': 0.0}, 'theta': {'mean': 3.32802507754158, 'ci_low': 2.2932197000436356, 'ci_high': 4.3395142601817644}, 'alpha': {'mean': 3.32802507754158, 'ci_low': 2.285432323942738, 'ci_high': 4.35470600622874}, 'beta': {'mean': 3.4036785659751048, 'ci_low': 2.34186015349108, 'ci_high': 4.4767309695514745}, 'gamma': {'mean': 3.798559088342336, 'ci_low': 2.5453407730540683, 'ci_high': 5.047584957910976}}",2026-03-07T16:42:25.173384
epfl_p300,adaptive,512,26.811545055019725,25.989035780120094,27.601579037520914,0.9976035472085792,0.996859182717101,0.9981861437252127,0.1411588331201298,0.37571110326969287,"{'delta': {'mean': 0.0, 'ci_low': 0.0, 'ci_high': 0.0}, 'theta': {'mean': 1.9752499147641545, 'ci_low': 1.4082743345428428, 'ci_high': 2.513217664642066}, 'alpha': {'mean': 1.9752499147641545, 'ci_low': 1.4410855897603756, 'ci_high': 2.5478379416308234}, 'beta': {'mean': 2.0173070669097504, 'ci_low': 1.4284879491649842, 'ci_high': 2.5907316568643073}, 'gamma': {'mean': 2.2857898524315177, 'ci_low': 1.508990662649818, 'ci_high': 2.9623228232258416}}",2026-03-07T16:42:25.174384
epfl_p300,adaptive,1024,30.901156938741117,29.93081717188413,31.749807088594334,0.9988901182334571,0.9985393406920854,0.9991772883484148,0.06572675756101824,0.25637230264016087,"{'delta': {'mean': 0.0, 'ci_low': 0.0, 'ci_high': 0.0}, 'theta': {'mean': 0.8674943627628213, 'ci_low': 0.6051247414357973, 'ci_high': 1.1231381679011283}, 'alpha': {'mean': 0.8674943627628213, 'ci_low': 0.6337853291841623, 'ci_high': 1.1298797861286578}, 'beta': {'mean': 0.8918453087977424, 'ci_low': 0.6316029048386533, 'ci_high': 1.2088735689603294}, 'gamma': {'mean': 0.9906803007773224, 'ci_low': 0.6914301885594775, 'ci_high': 1.2761667903831266}}",2026-03-07T16:42:25.174884
ssvep_nakanishi,uniform,32,40.621408265381866,38.96198755243333,42.43884766084659,0.9974472743793393,0.9973899736937759,0.9975041345785784,7503.829187974775,86.62464538440994,"{'delta': {'mean': 5.156729494652302, 'ci_low': 3.708178618409014, 'ci_high': 7.018188383922625}, 'theta': {'mean': 16.05056146001836, 'ci_low': 13.294342907150707, 'ci_high': 18.64303199512963}, 'alpha': {'mean': 42.054679999901886, 'ci_low': 34.68825278161189, 'ci_high': 49.42769657796146}, 'beta': {'mean': 67.17082301579973, 'ci_low': 54.92868635972811, 'ci_high': 79.16318486970204}, 'gamma': {'mean': 116.26573197928934, 'ci_low': 96.78149468441785, 'ci_high': 135.7204176672017}}",2026-03-07T16:42:32.056955
ssvep_nakanishi,uniform,64,46.64281701370229,44.94527691338909,48.351288298870486,0.9993543929138036,0.9993455059100094,0.9993641599030767,1857.8745039531366,43.103068382113314,"{'delta': {'mean': 1.6157309186097755, 'ci_low': 1.212515317545191, 'ci_high': 2.1692694483850024}, 'theta': {'mean': 6.209044870664286, 'ci_low': 5.3336121575549535, 'ci_high': 7.077622423462568}, 'alpha': {'mean': 17.227572409642654, 'ci_low': 14.984878921113282, 'ci_high': 19.520101133749694}, 'beta': {'mean': 29.36072043404102, 'ci_low': 24.961329883534052, 'ci_high': 33.956063762430446}, 'gamma': {'mean': 53.32637225823681, 'ci_low': 45.797269857453, 'ci_high': 60.04140211739662}}",2026-03-07T16:42:32.057960
ssvep_nakanishi,uniform,128,52.60575350101839,50.79377117011075,54.252763262759764,0.9998354124331266,0.9998310543244556,0.9998379542675968,478.2081534969553,21.867970950615316,"{'delta': {'mean': 0.4503826326597695, 'ci_low': 0.33273566299860885, 'ci_high': 0.5719893800526833}, 'theta': {'mean': 2.0099049390372716, 'ci_low': 1.7496124177797385, 'ci_high': 2.2929725010728848}, 'alpha': {'mean': 5.785551520537346, 'ci_low': 5.170709370448504, 'ci_high': 6.458027234482179}, 'beta': {'mean': 11.234224579918767, 'ci_low': 9.982046193285337, 'ci_high': 12.645456112583968}, 'gamma': {'mean': 22.689611329068335, 'ci_low': 20.1289711807039, 'ci_high': 25.249575591364724}}",2026-03-07T16:42:32.058959
ssvep_nakanishi,uniform,256,58.58855799527623,56.79649334323655,60.32515788696688,0.9999576723633612,0.9999541916019985,0.9999594501035959,120.09080704173306,10.958595121717613,"{'delta': {'mean': 0.09533453436145367, 'ci_low': 0.07098315117576773, 'ci_high': 0.12018985888250272}, 'theta': {'mean': 0.5020079036014568, 'ci_low': 0.3946562653247997, 'ci_high': 0.6129453020806845}, 'alpha': {'mean': 1.3633997840734786, 'ci_low': 1.172854134947376, 'ci_high': 1.5608413229801066}, 'beta': {'mean': 3.3674345986951058, 'ci_low': 2.963291379489706, 'ci_high': 3.825108756995462}, 'gamma': {'mean': 8.142537085911535, 'ci_low': 7.475764621465127, 'ci_high': 8.952132024587085}}",2026-03-07T16:42:32.059460
ssvep_nakanishi,uniform,512,64.52985088340544,62.635786773554386,66.03247800166133,0.9999882021381666,0.9999849417027419,0.999989834805342,31.30172828356484,5.594794749011338,"{'delta': {'mean': 0.022391518335748494, 'ci_low': 0.01884577201734261, 'ci_high': 0.025851335402713428}, 'theta': {'mean': 0.10414597855068337, 'ci_low': 0.08277058038337175, 'ci_high': 0.13037140980431575}, 'alpha': {'mean': 0.2723251927726366, 'ci_low': 0.23232653737830736, 'ci_high': 0.3103742898263092}, 'beta': {'mean': 0.8227239192470154, 'ci_low': 0.6800077556647992, 'ci_high': 0.9529458369300191}, 'gamma': {'mean': 2.3575570632115395, 'ci_low': 2.0911520847823835, 'ci_high': 2.5948445792213786}}",2026-03-07T16:42:32.060460
ssvep_nakanishi,uniform,1024,70.45253723861013,68.53703145083878,72.25626830714933,0.9999958659574051,0.9999911659594937,0.9999974568287698,8.949048296939738,2.991495996477304,"{'delta': {'mean': 0.00899365044535815, 'ci_low': 0.006498059895474121, 'ci_high': 0.01211671392304926}, 'theta': {'mean': 0.023776786353294468, 'ci_low': 0.02035755709939555, 'ci_high': 0.027095822507246663}, 'alpha': {'mean': 0.06539658303736634, 'ci_low': 0.05520208725524626, 'ci_high': 0.07468533587669934}, 'beta': {'mean': 0.1813566031240489, 'ci_low': 0.15661516182696195, 'ci_high': 0.20664506128359275}, 'gamma': {'mean': 0.6027915298452577, 'ci_low': 0.5374099422746993, 'ci_high': 0.6731047629049569}}",2026-03-07T16:42:32.060960
ssvep_nakanishi,mu_law,32,37.784242487250566,35.76266975662286,39.427705008444626,0.9952395745345678,0.9949622806281362,0.9954992378368849,15053.796198809965,122.69391263958438,"{'delta': {'mean': 9.858677882900487, 'ci_low': 8.074178119050723, 'ci_high': 11.679072713574662}, 'theta': {'mean': 22.91259007154669, 'ci_low': 20.164560806417146, 'ci_high': 25.85441648377055}, 'alpha': {'mean': 52.73126570609616, 'ci_low': 44.442046882489755, 'ci_high': 62.32248048475003}, 'beta': {'mean': 82.17561295564084, 'ci_low': 70.32678327159101, 'ci_high': 93.13584178397421}, 'gamma': {'mean': 141.15413215715208, 'ci_low': 121.7714074432718, 'ci_high': 159.59046660500113}}",2026-03-07T16:42:32.061959
ssvep_nakanishi,mu_law,64,43.66580819545474,41.85203863188841,45.43309916711006,0.9987411095547937,0.9987008941136805,0.9987808329862685,3857.1850745438696,62.10624022225037,"{'delta': {'mean': 3.4095252090495167, 'ci_low': 2.7742403881950173, 'ci_high': 4.173917174787431}, 'theta': {'mean': 8.949270674133372, 'ci_low': 7.348398944677903, 'ci_high': 10.561512223053063}, 'alpha': {'mean': 22.415643387346815, 'ci_low': 19.4562015575438, 'ci_high': 25.83556723998734}, 'beta': {'mean': 37.55972256525851, 'ci_low': 31.922291713484032, 'ci_high': 43.979450275987695}, 'gamma': {'mean': 67.1563637126589, 'ci_low': 57.86204556728122, 'ci_high': 76.16468436982218}}",2026-03-07T16:42:32.062460
ssvep_nakanishi,mu_law,128,49.67769377670057,47.85816681626264,51.27181921128582,0.9996793243474933,0.9996688675730521,0.9996879341406884,931.4348198379816,30.519417095317888,"{'delta': {'mean': 1.0646712615718228, 'ci_low': 0.8495813780185772, 'ci_high': 1.304831183854248}, 'theta': {'mean': 3.0224830354302052, 'ci_low': 2.6645903258754213, 'ci_high': 3.4235650554822725}, 'alpha': {'mean': 8.467007445944509, 'ci_low': 7.719825199601148, 'ci_high': 9.4883687387668}, 'beta': {'mean': 15.76400366172729, 'ci_low': 13.757990846445031, 'ci_high': 18.207506153096364}, 'gamma': {'mean': 29.898404326209143, 'ci_low': 26.39251224417732, 'ci_high': 33.66963161192438}}",2026-03-07T16:42:32.063459
ssvep_nakanishi,mu_law,256,55.65083026689571,53.76468734777721,57.42936456836688,0.9999174620630833,0.9999122340048086,0.9999206172899187,238.26111030796244,15.435708934414462,"{'delta': {'mean': 0.25707632991893226, 'ci_low': 0.21441751427039638, 'ci_high': 0.3076974632753842}, 'theta': {'mean': 0.9077545428333084, 'ci_low': 0.7968572834938678, 'ci_high': 1.0078092232092}, 'alpha': {'mean': 2.7086318983136177, 'ci_low': 2.4487728628261407, 'ci_high': 3.00429104069686}, 'beta': {'mean': 5.689471424020206, 'ci_low': 5.198754741264495, 'ci_high': 6.387091084784025}, 'gamma': {'mean': 12.012732940578612, 'ci_low': 10.916182050880916, 'ci_high': 13.32591525423888}}",2026-03-07T16:42:32.063958
ssvep_nakanishi,mu_law,512,61.60760965095798,59.68017675106828,63.29642047885511,0.9999779693882795,0.9999739771490592,0.9999800142883142,60.59981372984126,7.7845882183864585,"{'delta': {'mean': 0.09319718472781005, 'ci_low': 0.06894956977650793, 'ci_high': 0.11879420706354801}, 'theta': {'mean': 0.2382679513591332, 'ci_low': 0.1927593304610102, 'ci_high': 0.2798943817224324}, 'alpha': {'mean': 0.6702983133069788, 'ci_low': 0.575010456867224, 'ci_high': 0.7668905810726222}, 'beta': {'mean': 1.609393110239803, 'ci_low': 1.4217441362930323, 'ci_high': 1.803063485784509}, 'gamma': {'mean': 4.077784585785281, 'ci_low': 3.7098140113116407, 'ci_high': 4.541919965708968}}",2026-03-07T16:42:32.064958
ssvep_nakanishi,mu_law,1024,67.54441289494626,65.6257260755468,69.42663360386122,0.9999932168885562,0.9999896986991701,0.9999949915419023,16.292433992619852,4.036388731604013,"{'delta': {'mean': 0.020492375367489074, 'ci_low': 0.01590839364744727, 'ci_high': 0.025414762619997526}, 'theta': {'mean': 0.06563059734218202, 'ci_low': 0.051230479486615736, 'ci_high': 0.08235908374986745}, 'alpha': {'mean': 0.16598439045939675, 'ci_low': 0.1414230009529532, 'ci_high': 0.19029717442638394}, 'beta': {'mean': 0.3875733750366434, 'ci_low': 0.3197071668379446, 'ci_high': 0.4490922962910554}, 'gamma': {'mean': 1.1292357318648087, 'ci_low': 0.9968769129961763, 'ci_high': 1.247448886261936}}",2026-03-07T16:42:32.065459
ssvep_nakanishi,adaptive,32,42.852431909816495,40.82168191502619,44.831288239074475,0.9976594199621324,0.9968084887164422,0.9983462413653315,4504.207093816233,67.11338982510296,"{'delta': {'mean': 5.910914370273883, 'ci_low': 4.075499225426052, 'ci_high': 8.043262542592712}, 'theta': {'mean': 10.487052341439714, 'ci_low': 7.171096842172783, 'ci_high': 14.12328983780878}, 'alpha': {'mean': 21.07197644422154, 'ci_low': 16.087384810416744, 'ci_high': 25.91218113797892}, 'beta': {'mean': 34.37255504529726, 'ci_low': 26.051165743190225, 'ci_high': 43.28920623925748}, 'gamma': {'mean': 60.77989927809886, 'ci_low': 47.790089963842476, 'ci_high': 75.51721803072255}}",2026-03-07T16:42:32.066459
ssvep_nakanishi,adaptive,64,47.97869335646041,45.99254587487078,50.079765584868596,0.9991645271631202,0.9988752390351366,0.9994099161774092,1669.9157279648834,40.86460238354074,"{'delta': {'mean': 2.2389044437829235, 'ci_low': 1.5791198203038717, 'ci_high': 3.0770135930276137}, 'theta': {'mean': 3.7719275280725757, 'ci_low': 2.678460239444025, 'ci_high': 4.985858513693041}, 'alpha': {'mean': 8.36163453759972, 'ci_low': 6.338224897219933, 'ci_high': 10.488323834583559}, 'beta': {'mean': 15.33684218190079, 'ci_low': 11.772107337728626, 'ci_high': 19.31836161310264}, 'gamma': {'mean': 28.719357805602538, 'ci_low': 23.125774626295076, 'ci_high': 35.463502914596326}}",2026-03-07T16:42:32.066959
ssvep_nakanishi,adaptive,128,53.53317966194367,51.47364965526147,55.51368798386317,0.9996745615827517,0.9994879528550538,0.999802235257811,465.6442114632877,21.578790778523427,"{'delta': {'mean': 0.7561040897854141, 'ci_low': 0.5072736535197724, 'ci_high': 1.0363673620536387}, 'theta': {'mean': 1.401245930886654, 'ci_low': 0.9004813170245745, 'ci_high': 1.8908145451696747}, 'alpha': {'mean': 3.0234485029399285, 'ci_low': 2.1508513818218846, 'ci_high': 3.957948549531524}, 'beta': {'mean': 5.820430743742772, 'ci_low': 4.258387245522509, 'ci_high': 7.850609574720182}, 'gamma': {'mean': 11.626440573561474, 'ci_low': 9.279411831276045, 'ci_high': 14.627182633372133}}",2026-03-07T16:42:32.067959
ssvep_nakanishi,adaptive,256,59.00894073661189,56.58979385842042,61.3634911748469,0.9998828449451865,0.9998071628909239,0.9999362129987046,163.2447427449423,12.776726605235877,"{'delta': {'mean': 0.3756532287052945, 'ci_low': 0.23688752764499785, 'ci_high': 0.5245555592506644}, 'theta': {'mean': 0.6767362772418676, 'ci_low': 0.4570816711445526, 'ci_high': 0.9374469620788581}, 'alpha': {'mean': 1.2467288165284314, 'ci_low': 0.8404398241824715, 'ci_high': 1.6794294571442219}, 'beta': {'mean': 2.1886885047803855, 'ci_low': 1.4951154237084618, 'ci_high': 3.076477916077001}, 'gamma': {'mean': 4.492653420467416, 'ci_low': 3.5898065430637836, 'ci_high': 5.788861330685202}}",2026-03-07T16:42:32.068959
ssvep_nakanishi,adaptive,512,64.60944928395207,62.27307252662192,66.71630083187975,0.9999616585572834,0.9999337500109885,0.9999814829132095,46.96090631058734,6.852802806924138,"{'delta': {'mean': 0.21063193017385382, 'ci_low': 0.12118779906758977, 'ci_high': 0.3270071372831016}, 'theta': {'mean': 0.3136903445620767, 'ci_low': 0.21688647212101997, 'ci_high': 0.4276159252385757}, 'alpha': {'mean': 0.5184526756684126, 'ci_low': 0.3416222559355523, 'ci_high': 0.7198514923958065}, 'beta': {'mean': 0.9534176408489766, 'ci_low': 0.6065300479340747, 'ci_high': 1.3746156939669252}, 'gamma': {'mean': 1.9121091448617002, 'ci_low': 1.3126699755582736, 'ci_high': 2.6969658327596244}}",2026-03-07T16:42:32.069460
ssvep_nakanishi,adaptive,1024,70.29554723824337,67.96999779949095,72.38583432382627,0.99998918177318,0.9999819971861715,0.9999942073828358,12.459789884307147,3.52984275631467,"{'delta': {'mean': 0.09220029764602405, 'ci_low': 0.07016904057937162, 'ci_high': 0.11830364552160569}, 'theta': {'mean': 0.12147196680221344, 'ci_low': 0.08747430260791642, 'ci_high': 0.15280072952771545}, 'alpha': {'mean': 0.17631047353084417, 'ci_low': 0.11653265476029452, 'ci_high': 0.24612420954319364}, 'beta': {'mean': 0.31820107718936036, 'ci_low': 0.1953489517377483, 'ci_high': 0.46581510447756225}, 'gamma': {'mean': 0.6872704362737425, 'ci_low': 0.4313170655034429, 'ci_high': 0.9828977215380006}}",2026-03-07T16:42:32.070459
