experiment,source,target,vocab_size,n_bins,method,classifier,seed,accuracy_mean,accuracy_std,accuracy_ci_low,accuracy_ci_high,balanced_accuracy_mean,kappa_mean,timestamp
exp10,sleep_edf,sleep_edf,512,64,adaptive,BPE_Hist_LogReg,42,0.7797225576046652,0.08218461106913356,0.6641843971631206,0.8484308131241084,0.5558179791418695,0.5847873696897397,2026-03-22T01:30:45.492947
exp10,sleep_edf,sleep_edf,512,64,adaptive,BPE_Hist_LogReg,123,0.7113657031605877,0.04250640696420469,0.6570921985815603,0.7608850820842256,0.5337334665198744,0.4649796457640131,2026-03-22T01:33:22.630400
exp10,sleep_edf,sleep_edf,512,64,adaptive,BPE_Hist_LogReg,456,0.693880705138436,0.031417230661982834,0.6542553191489362,0.7310984308131241,0.5215122485566489,0.4292572284083295,2026-03-22T01:35:34.458945
exp10,sleep_edf,sleep_edf,512,64,adaptive,BPE_Hist_LogReg,789,0.6875854342406651,0.02496155719270141,0.6535460992907801,0.7127052105638829,0.515496424531606,0.4244229946264359,2026-03-22T01:37:10.093381
exp10,sleep_edf,sleep_edf,512,64,adaptive,BPE_Hist_LogReg,2024,0.7583270179900392,0.07436814700369576,0.6574468085106383,0.834522111269615,0.5466382714929422,0.5461775601456849,2026-03-22T01:38:41.192070
exp10,sleep_edf,bci_iv_2a,512,64,adaptive,BPE_Hist_LogReg,42,0.2488425925925926,0.005901642955547193,0.24305555555555555,0.2569444444444444,0.2488425925925926,-0.0015432098765431797,2026-03-22T01:40:03.214919
exp10,sleep_edf,bci_iv_2a,512,64,adaptive,BPE_Hist_LogReg,123,0.2476851851851852,0.002950821477773601,0.24479166666666666,0.2517361111111111,0.2476851851851852,-0.0030864197530863966,2026-03-22T01:40:04.502646
exp10,sleep_edf,bci_iv_2a,512,64,adaptive,BPE_Hist_LogReg,456,0.2488425925925926,0.004978197492501514,0.24305555555555555,0.2552083333333333,0.24884259259259264,-0.0015432098765432538,2026-03-22T01:40:05.884101
exp10,sleep_edf,bci_iv_2a,512,64,adaptive,BPE_Hist_LogReg,789,0.2476851851851852,0.0016368212527466321,0.2465277777777778,0.25,0.2476851851851852,-0.0030864197530863593,2026-03-22T01:40:07.135569
exp10,sleep_edf,bci_iv_2a,512,64,adaptive,BPE_Hist_LogReg,2024,0.24710648148148148,0.005366677370078526,0.23958333333333334,0.2517361111111111,0.24710648148148148,-0.003858024691358023,2026-03-22T01:40:08.335929
exp10,sleep_edf,mental_arithmetic,512,64,adaptive,BPE_Hist_LogReg,42,0.6777777777777777,0.14989708403591157,0.5,0.8666666666666667,0.6777777777777777,0.3555555555555556,2026-03-22T01:40:12.996590
exp10,sleep_edf,mental_arithmetic,512,64,adaptive,BPE_Hist_LogReg,123,0.6666666666666666,0.15153535218873174,0.5,0.8666666666666667,0.6666666666666666,0.3333333333333333,2026-03-22T01:40:13.009563
exp10,sleep_edf,mental_arithmetic,512,64,adaptive,BPE_Hist_LogReg,456,0.6888888888888888,0.16405358955814892,0.5,0.8241666666666649,0.6888888888888888,0.37777777777777777,2026-03-22T01:40:13.022069
exp10,sleep_edf,mental_arithmetic,512,64,adaptive,BPE_Hist_LogReg,789,0.6777777777777777,0.14989708403591157,0.5,0.8666666666666667,0.6777777777777777,0.3555555555555556,2026-03-22T01:40:13.034575
exp10,sleep_edf,mental_arithmetic,512,64,adaptive,BPE_Hist_LogReg,2024,0.6777777777777777,0.12862041003100252,0.5,0.8000000000000002,0.6777777777777777,0.35555555555555557,2026-03-22T01:40:13.048592
exp10,bci_iv_2a,sleep_edf,512,64,adaptive,BPE_Hist_LogReg,42,0.7308490002989032,0.05706009088749789,0.6695035460992907,0.8069236259814417,0.5611150053319086,0.5005341705815721,2026-03-22T01:42:09.569126
exp10,bci_iv_2a,sleep_edf,512,64,adaptive,BPE_Hist_LogReg,123,0.7382269493436061,0.06355918497532516,0.6673758865248227,0.8215560314061384,0.5636333982302536,0.5076000543185443,2026-03-22T01:43:42.215805
exp10,bci_iv_2a,sleep_edf,512,64,adaptive,BPE_Hist_LogReg,456,0.4495675987478603,0.17558260632263017,0.24018558172733762,0.6698581560283688,0.3685313433003283,0.21225708524063472,2026-03-22T01:45:18.356793
exp10,bci_iv_2a,sleep_edf,512,64,adaptive,BPE_Hist_LogReg,789,0.6832535987166203,0.05260946469219357,0.6263383297644539,0.7262356967250427,0.5024779845786361,0.4356569009365036,2026-03-22T01:46:52.421219
exp10,bci_iv_2a,sleep_edf,512,64,adaptive,BPE_Hist_LogReg,2024,0.7686640464915566,0.07337757868933281,0.6648936170212766,0.8209700427960057,0.6022093228540254,0.5663507274937775,2026-03-22T01:48:21.085761
exp10,bci_iv_2a,bci_iv_2a,512,64,adaptive,BPE_Hist_LogReg,42,0.2569444444444445,0.011251285934735854,0.2465277777777778,0.2725694444444444,0.2569444444444445,0.009259259259259264,2026-03-22T01:49:24.978274
exp10,bci_iv_2a,bci_iv_2a,512,64,adaptive,BPE_Hist_LogReg,123,0.2569444444444445,0.011251285934735854,0.2465277777777778,0.2725694444444444,0.2569444444444445,0.009259259259259264,2026-03-22T01:49:26.135921
exp10,bci_iv_2a,bci_iv_2a,512,64,adaptive,BPE_Hist_LogReg,456,0.2609953703703704,0.013397959378229431,0.24826388888888892,0.2795138888888889,0.2609953703703704,0.014660493827160467,2026-03-22T01:49:27.212381
exp10,bci_iv_2a,bci_iv_2a,512,64,adaptive,BPE_Hist_LogReg,789,0.2586805555555556,0.009820927516479817,0.2517361111111111,0.2725694444444444,0.2586805555555556,0.011574074074074034,2026-03-22T01:49:28.323484
exp10,bci_iv_2a,bci_iv_2a,512,64,adaptive,BPE_Hist_LogReg,2024,0.25810185185185186,0.009113435039365516,0.25,0.2708333333333333,0.25810185185185186,0.01080246913580248,2026-03-22T01:49:29.562235
exp10,bci_iv_2a,mental_arithmetic,512,64,adaptive,BPE_Hist_LogReg,42,0.6999999999999998,0.16329931618554522,0.5,0.9,0.6999999999999998,0.4000000000000001,2026-03-22T01:49:32.718289
exp10,bci_iv_2a,mental_arithmetic,512,64,adaptive,BPE_Hist_LogReg,123,0.6555555555555556,0.12272623352430291,0.5,0.8000000000000002,0.6555555555555556,0.3111111111111111,2026-03-22T01:49:32.730800
exp10,bci_iv_2a,mental_arithmetic,512,64,adaptive,BPE_Hist_LogReg,456,0.6888888888888888,0.14989708403591157,0.5,0.8666666666666667,0.6888888888888888,0.37777777777777777,2026-03-22T01:49:32.743306
exp10,bci_iv_2a,mental_arithmetic,512,64,adaptive,BPE_Hist_LogReg,789,0.6888888888888888,0.14989708403591157,0.5,0.8666666666666667,0.6888888888888888,0.37777777777777777,2026-03-22T01:49:32.756316
exp10,bci_iv_2a,mental_arithmetic,512,64,adaptive,BPE_Hist_LogReg,2024,0.6777777777777777,0.13698697784375505,0.5,0.8333333333333334,0.6777777777777777,0.3555555555555556,2026-03-22T01:49:32.768318
exp10,mental_arithmetic,sleep_edf,512,64,adaptive,BPE_Hist_LogReg,42,0.7964963321758569,0.09692259944189295,0.6606382978723404,0.8801711840228247,0.598751703772401,0.6161638344907061,2026-03-22T01:51:10.434412
exp10,mental_arithmetic,sleep_edf,512,64,adaptive,BPE_Hist_LogReg,123,0.7275020030331413,0.08708121785661585,0.6620567375886525,0.8505706134094151,0.49857272444815237,0.5037294486513817,2026-03-22T01:52:38.018334
exp10,mental_arithmetic,sleep_edf,512,64,adaptive,BPE_Hist_LogReg,456,0.6505753167433249,0.03868657969328331,0.599214846538187,0.681697709789797,0.44422740286381784,0.3680073182980023,2026-03-22T01:54:05.184812
exp10,mental_arithmetic,sleep_edf,512,64,adaptive,BPE_Hist_LogReg,789,0.7299002714841168,0.04747559896830434,0.6627659574468086,0.764265335235378,0.5539854216651908,0.4966333892985264,2026-03-22T01:55:31.535194
exp10,mental_arithmetic,sleep_edf,512,64,adaptive,BPE_Hist_LogReg,2024,0.7243013947786175,0.05336173029429942,0.6631205673758865,0.7931526390870185,0.5302511416398276,0.4981944598419988,2026-03-22T01:56:57.102730
exp10,mental_arithmetic,bci_iv_2a,512,64,adaptive,BPE_Hist_LogReg,42,0.2476851851851852,0.002950821477773601,0.24479166666666666,0.2517361111111111,0.2476851851851852,-0.0030864197530863966,2026-03-22T01:57:50.021804
exp10,mental_arithmetic,bci_iv_2a,512,64,adaptive,BPE_Hist_LogReg,123,0.24537037037037035,0.002165310987716406,0.24305555555555555,0.24826388888888892,0.24537037037037035,-0.006172839506172867,2026-03-22T01:57:51.228108
exp10,mental_arithmetic,bci_iv_2a,512,64,adaptive,BPE_Hist_LogReg,456,0.244212962962963,0.0029508214777736047,0.24131944444444445,0.24826388888888892,0.244212962962963,-0.007716049382716121,2026-03-22T01:57:52.455216
exp10,mental_arithmetic,bci_iv_2a,512,64,adaptive,BPE_Hist_LogReg,789,0.24479166666666666,0.0037504286449119555,0.24131944444444445,0.25,0.24479166666666666,-0.0069444444444444935,2026-03-22T01:57:53.736938
exp10,mental_arithmetic,bci_iv_2a,512,64,adaptive,BPE_Hist_LogReg,2024,0.24363425925925927,0.005366677370078539,0.23611111111111108,0.24826388888888892,0.24363425925925922,-0.008487654320987673,2026-03-22T01:57:54.896571
exp10,mental_arithmetic,mental_arithmetic,512,64,adaptive,BPE_Hist_LogReg,42,0.6777777777777777,0.13698697784375505,0.5,0.8333333333333334,0.6777777777777777,0.3555555555555556,2026-03-22T01:57:59.021195
exp10,mental_arithmetic,mental_arithmetic,512,64,adaptive,BPE_Hist_LogReg,123,0.688888888888889,0.13966450099973926,0.5,0.8333333333333334,0.688888888888889,0.37777777777777777,2026-03-22T01:57:59.033705
exp10,mental_arithmetic,mental_arithmetic,512,64,adaptive,BPE_Hist_LogReg,456,0.688888888888889,0.13425606637327306,0.5,0.8000000000000002,0.6888888888888888,0.37777777777777777,2026-03-22T01:57:59.046210
exp10,mental_arithmetic,mental_arithmetic,512,64,adaptive,BPE_Hist_LogReg,789,0.7000000000000001,0.14401645996461915,0.5,0.8333333333333334,0.7000000000000001,0.4000000000000001,2026-03-22T01:57:59.058215
exp10,mental_arithmetic,mental_arithmetic,512,64,adaptive,BPE_Hist_LogReg,2024,0.7000000000000001,0.14401645996461915,0.5,0.8333333333333334,0.7000000000000001,0.4000000000000001,2026-03-22T01:57:59.071220
