experiment,dataset,tokenizer,transform,vocab_size,n_bins,seed,accuracy_mean,accuracy_std,accuracy_ci_low,accuracy_ci_high,balanced_accuracy_mean,kappa_mean,timestamp,classifier,n_windows,vocab_type,feature_type,top_k_bigrams,level,vocab_size_l1,vocab_size_l2
S1,sleep_edf,BPE,raw,256,64,42,0.7139757061285336,0.05254343797878268,0.6531914893617021,0.7813837375178316,0.5578937345223856,0.470584225835397,2026-03-22T02:18:15.078427,,,,,,,,
S1,sleep_edf,BPE,raw,256,64,123,0.7563056669049818,0.07367009959147884,0.6570921985815603,0.8334522111269614,0.5963976373099896,0.543428096991751,2026-03-22T02:18:15.079431,,,,,,,,
S1,sleep_edf,BPE,raw,256,64,456,0.6916274619268442,0.02790579429348319,0.6688053540534797,0.7219842969307638,0.5223610068538288,0.4373472118045461,2026-03-22T02:18:15.112539,,,,,,,,
S1,sleep_edf,BPE,raw,256,64,789,0.6938787033509959,0.026049346921265225,0.6744704959982991,0.7139800285306704,0.5121763800557414,0.39624038131399325,2026-03-22T02:18:15.113042,,,,,,,,
S1,sleep_edf,BPE,raw,256,64,2024,0.6711380355132546,0.0745055746722483,0.5860099928622412,0.7674750356633381,0.5042999185707785,0.422761142082053,2026-03-22T02:18:15.113541,,,,,,,,
S1,sleep_edf,BPE,log,256,64,42,0.8191026935804823,0.07431362808513174,0.7145390070921985,0.880527817403709,0.634755049518447,0.662988296138372,2026-03-22T02:25:14.508656,,,,,,,,
S1,sleep_edf,BPE,log,256,64,123,0.8615108851055538,0.007093911717381308,0.8559201141226819,0.8715203426124197,0.6113574591148798,0.7212649024350938,2026-03-22T02:25:14.509656,,,,,,,,
S1,sleep_edf,BPE,log,256,64,456,0.7785762176343306,0.09492987809280497,0.6443262411347518,0.8461812990720915,0.6214405247311895,0.6081266494531431,2026-03-22T02:25:14.510656,,,,,,,,
S1,sleep_edf,BPE,log,256,64,789,0.7829432826675299,0.09314898877768413,0.6567375886524822,0.8787446504992867,0.6178597269023937,0.6137782837842428,2026-03-22T02:25:14.511156,,,,,,,,
S1,sleep_edf,BPE,log,256,64,2024,0.80029731237433,0.09761602734245406,0.6631205673758865,0.8823109843081313,0.637423991882023,0.6426443763427546,2026-03-22T02:25:14.512156,,,,,,,,
S1,sleep_edf,BPE,binary,256,64,42,0.8018537429103091,0.059637124305956093,0.7177304964539007,0.8491440798858774,0.6197368161310991,0.6334871147698238,2026-03-22T02:31:50.132421,,,,,,,,
S1,sleep_edf,BPE,binary,256,64,123,0.8210184770974539,0.03793403678009874,0.7695035460992908,0.8597430406852249,0.5870405562294305,0.652402331316635,2026-03-22T02:31:50.133421,,,,,,,,
S1,sleep_edf,BPE,binary,256,64,456,0.7876371185581216,0.06933579826596642,0.6904255319148936,0.8473609129814551,0.5718615240469725,0.6120050604373932,2026-03-22T02:31:50.133921,,,,,,,,
S1,sleep_edf,BPE,binary,256,64,789,0.7981680308609764,0.056481794925476114,0.7184397163120567,0.8422555317630264,0.5967937950552824,0.6199510420328794,2026-03-22T02:31:50.134921,,,,,,,,
S1,sleep_edf,BPE,binary,256,64,2024,0.7647320965334408,0.10924913994948998,0.6102836879432624,0.8454675231977159,0.5692256967738317,0.59141519622478,2026-03-22T02:31:50.135421,,,,,,,,
S1,sleep_edf,Raw,raw,256,64,42,0.5171234280543476,0.09696334161689354,0.3908701854493581,0.6265957446808511,0.34547075153657253,0.20838951370183798,2026-03-22T02:33:44.271381,,,,,,,,
S1,sleep_edf,Raw,raw,256,64,123,0.5883388631267078,0.027176501084647493,0.5660242683797287,0.6265957446808511,0.37060608558973085,0.251900891493632,2026-03-22T02:33:44.272382,,,,,,,,
S1,sleep_edf,Raw,raw,256,64,456,0.5884532480918513,0.03142942114001106,0.5499643112062812,0.6269503546099291,0.3545150465718277,0.24515638496864042,2026-03-22T02:33:44.273381,,,,,,,,
S1,sleep_edf,Raw,raw,256,64,789,0.584412162444531,0.03166037939504222,0.550321199143469,0.6265957446808511,0.3391198740847317,0.24991681716600125,2026-03-22T02:33:44.274382,,,,,,,,
S1,sleep_edf,Raw,raw,256,64,2024,0.6096307921876649,0.015481332209256947,0.5888017118402282,0.625886524822695,0.37798396516388316,0.2510106085036345,2026-03-22T02:33:44.274881,,,,,,,,
S1,sleep_edf,Raw,log,256,64,42,0.5086939838293271,0.09804147282625561,0.43152639087018546,0.6470378301213419,0.3480395644734135,0.18592164527715774,2026-03-22T02:35:10.659097,,,,,,,,
S1,sleep_edf,Raw,log,256,64,123,0.5719503467024355,0.04271858286685619,0.5246077032810271,0.6281227694503926,0.3756212294689676,0.2319735681231744,2026-03-22T02:35:10.660100,,,,,,,,
S1,sleep_edf,Raw,log,256,64,456,0.5502719152377916,0.06721692283971135,0.4595744680851064,0.6202712348322627,0.386066210466324,0.24316859701517235,2026-03-22T02:35:10.660600,,,,,,,,
S1,sleep_edf,Raw,log,256,64,789,0.4795175733431412,0.022852853438741178,0.4531914893617021,0.5089158345221113,0.37552656268609413,0.2155832103859617,2026-03-22T02:35:10.661601,,,,,,,,
S1,sleep_edf,Raw,log,256,64,2024,0.6087402462780601,0.031859938411587733,0.5756602426837973,0.6517730496453901,0.36729189503622334,0.25623690503327073,2026-03-22T02:35:10.662600,,,,,,,,
S1,sleep_edf,Raw,binary,256,64,42,0.03884564536959088,0.016178727661785925,0.02198581560283688,0.05174068994261622,0.2011695906432749,0.00012133064760744272,2026-03-22T02:36:30.355187,,,,,,,,
S1,sleep_edf,Raw,binary,256,64,123,0.04431105405294761,0.016872299743875586,0.02198581560283688,0.06276747503566334,0.21102292260276875,0.0029387870066235333,2026-03-22T02:36:30.356187,,,,,,,,
S1,sleep_edf,Raw,binary,256,64,456,0.08289750875025557,0.06275522607344876,0.037089871611982884,0.17163120567375886,0.20981698231833878,0.0015238314753663884,2026-03-22T02:36:30.357187,,,,,,,,
S1,sleep_edf,Raw,binary,256,64,789,0.058236264515585744,0.015439206902992638,0.045904647281695056,0.07446808510638298,0.20829201127271949,0.0015911777445946444,2026-03-22T02:36:30.358186,,,,,,,,
S1,sleep_edf,Raw,binary,256,64,2024,0.5324541117490328,0.23446592856782592,0.2012847965738758,0.7124113475177305,0.20997327244564554,0.008219368139414337,2026-03-22T02:36:30.359186,,,,,,,,
S1,bci_iv_2a,BPE,raw,256,64,42,0.2517361111111111,0.01859071574561227,0.22743055555555555,0.2725694444444444,0.2517361111111111,0.0023148148148148064,2026-03-22T02:37:44.953701,,,,,,,,
S1,bci_iv_2a,BPE,raw,256,64,123,0.2511574074074074,0.015614279587074112,0.23263888888888892,0.2708333333333333,0.2511574074074074,0.0015432098765432167,2026-03-22T02:37:44.954706,,,,,,,,
S1,bci_iv_2a,BPE,raw,256,64,456,0.2534722222222222,0.01634773945813139,0.23263888888888892,0.2725694444444444,0.2534722222222222,0.004629629629629613,2026-03-22T02:37:44.955706,,,,,,,,
S1,bci_iv_2a,BPE,raw,256,64,789,0.2511574074074074,0.015678492111277843,0.2309027777777778,0.2690972222222222,0.2511574074074074,0.0015432098765431797,2026-03-22T02:37:44.956206,,,,,,,,
S1,bci_iv_2a,BPE,raw,256,64,2024,0.2534722222222222,0.01634773945813139,0.23263888888888892,0.2725694444444444,0.2534722222222222,0.004629629629629613,2026-03-22T02:37:44.957206,,,,,,,,
S1,bci_iv_2a,BPE,log,256,64,42,0.2667824074074074,0.007274192760403106,0.2569444444444444,0.2743055555555556,0.2667824074074074,0.02237654320987655,2026-03-22T02:39:40.830645,,,,,,,,
S1,bci_iv_2a,BPE,log,256,64,123,0.2673611111111111,0.006495932963149201,0.2586805555555556,0.2743055555555556,0.2673611111111111,0.02314814814814814,2026-03-22T02:39:40.831646,,,,,,,,
S1,bci_iv_2a,BPE,log,256,64,456,0.2673611111111111,0.006178864729184765,0.2586805555555556,0.2725694444444444,0.2673611111111111,0.02314814814814814,2026-03-22T02:39:40.832145,,,,,,,,
S1,bci_iv_2a,BPE,log,256,64,789,0.26620370370370366,0.006547285010986554,0.2569444444444444,0.2708333333333333,0.2662037037037037,0.02160493827160496,2026-03-22T02:39:40.833145,,,,,,,,
S1,bci_iv_2a,BPE,log,256,64,2024,0.26851851851851855,0.005901642955547202,0.2604166666666667,0.2743055555555556,0.26851851851851855,0.024691358024691357,2026-03-22T02:39:40.833646,,,,,,,,
S1,bci_iv_2a,BPE,binary,256,64,42,0.2662037037037037,0.00995639498500305,0.2534722222222222,0.2777777777777778,0.2662037037037037,0.02160493827160496,2026-03-22T02:41:17.531145,,,,,,,,
S1,bci_iv_2a,BPE,binary,256,64,123,0.2667824074074074,0.004092053131866579,0.2638888888888889,0.2725694444444444,0.2667824074074074,0.022376543209876514,2026-03-22T02:41:17.532144,,,,,,,,
S1,bci_iv_2a,BPE,binary,256,64,456,0.2667824074074074,0.008544457789486936,0.2569444444444444,0.2777777777777778,0.2667824074074074,0.022376543209876587,2026-03-22T02:41:17.533144,,,,,,,,
S1,bci_iv_2a,BPE,binary,256,64,789,0.2662037037037037,0.008184106263733186,0.2604166666666667,0.2777777777777778,0.26620370370370366,0.021604938271604923,2026-03-22T02:41:17.533644,,,,,,,,
S1,bci_iv_2a,BPE,binary,256,64,2024,0.2667824074074074,0.011803285911094412,0.2552083333333333,0.2829861111111111,0.2667824074074074,0.02237654320987655,2026-03-22T02:41:17.534644,,,,,,,,
S1,bci_iv_2a,Raw,raw,256,64,42,0.24305555555555558,0.008852464433320802,0.2309027777777778,0.2517361111111111,0.24305555555555558,-0.009259259259259264,2026-03-22T02:41:26.368785,,,,,,,,
S1,bci_iv_2a,Raw,raw,256,64,123,0.24594907407407407,0.005901642955547209,0.2378472222222222,0.2517361111111111,0.24594907407407407,-0.005401234567901277,2026-03-22T02:41:26.369786,,,,,,,,
S1,bci_iv_2a,Raw,raw,256,64,456,0.24479166666666663,0.011602973180418643,0.22916666666666666,0.2569444444444444,0.24479166666666666,-0.00694444444444442,2026-03-22T02:41:26.370786,,,,,,,,
S1,bci_iv_2a,Raw,raw,256,64,789,0.24247685185185186,0.007807139793537056,0.23263888888888892,0.2517361111111111,0.24247685185185186,-0.01003086419753089,2026-03-22T02:41:26.371787,,,,,,,,
S1,bci_iv_2a,Raw,raw,256,64,2024,0.24826388888888884,0.011071253744044543,0.23263888888888892,0.2569444444444444,0.24826388888888892,-0.0023148148148148064,2026-03-22T02:41:26.372286,,,,,,,,
S1,bci_iv_2a,Raw,log,256,64,42,0.24016203703703706,0.0008184106263733161,0.23958333333333334,0.24131944444444445,0.240162037037037,-0.013117283950617287,2026-03-22T02:43:58.656525,,,,,,,,
S1,bci_iv_2a,Raw,log,256,64,123,0.24016203703703706,0.0021653109877164036,0.2378472222222222,0.24305555555555555,0.24016203703703706,-0.013117283950617287,2026-03-22T02:43:58.657525,,,,,,,,
S1,bci_iv_2a,Raw,log,256,64,456,0.24074074074074073,0.0016368212527466321,0.23958333333333334,0.24305555555555555,0.2407407407407407,-0.01234567901234566,2026-03-22T02:43:58.658525,,,,,,,,
S1,bci_iv_2a,Raw,log,256,64,789,0.24016203703703706,0.0008184106263733161,0.23958333333333334,0.24131944444444445,0.240162037037037,-0.013117283950617287,2026-03-22T02:43:58.658525,,,,,,,,
S1,bci_iv_2a,Raw,log,256,64,2024,0.23958333333333334,0.001417528786332864,0.2378472222222222,0.24131944444444445,0.23958333333333334,-0.013888888888888914,2026-03-22T02:43:58.660034,,,,,,,,
S1,bci_iv_2a,Raw,binary,256,64,42,0.25,0.0,0.25,0.25,0.25,0.0,2026-03-22T02:46:42.978833,,,,,,,,
S1,bci_iv_2a,Raw,binary,256,64,123,0.25,0.0,0.25,0.25,0.25,0.0,2026-03-22T02:46:42.979833,,,,,,,,
S1,bci_iv_2a,Raw,binary,256,64,456,0.25,0.0,0.25,0.25,0.25,0.0,2026-03-22T02:46:42.980834,,,,,,,,
S1,bci_iv_2a,Raw,binary,256,64,789,0.25,0.0,0.25,0.25,0.25,0.0,2026-03-22T02:46:42.980834,,,,,,,,
S1,bci_iv_2a,Raw,binary,256,64,2024,0.25,0.0,0.25,0.25,0.25,0.0,2026-03-22T02:46:42.982340,,,,,,,,
S2,sleep_edf,,log,256,64,42,0.8335901636729148,0.036824873760548354,0.7833333333333333,0.8705420827389444,0.6143575544481175,0.6771958176918322,2026-03-22T02:52:32.215816,BPE_Hist_log_LogReg,,,,,,,
S2,sleep_edf,,log,256,64,123,0.7980726087155992,0.10955279874326328,0.6450354609929078,0.895506419400856,0.6243740470981387,0.6411490956779141,2026-03-22T02:52:32.216816,BPE_Hist_log_LogReg,,,,,,,
S2,sleep_edf,,log,256,64,456,0.755688400366096,0.1041812846325368,0.6180851063829788,0.8700927908636689,0.5995315490733191,0.5835804944914663,2026-03-22T02:52:32.221815,BPE_Hist_log_LogReg,,,,,,,
S2,sleep_edf,,log,256,64,789,0.8062006654990007,0.08512516106864809,0.6858156028368795,0.8665239114917916,0.625211504392627,0.6451879690390158,2026-03-22T02:52:32.222815,BPE_Hist_log_LogReg,,,,,,,
S2,sleep_edf,,log,256,64,2024,0.7618124610271592,0.1255074412266298,0.5858156028368794,0.8697359029264811,0.604851839647805,0.5875885581518143,2026-03-22T02:52:32.223816,BPE_Hist_log_LogReg,,,,,,,
S2,sleep_edf,,log,256,64,42,0.8802264501821652,0.013283285573812845,0.8615274803711634,0.8911347517730497,0.5503579118640318,0.7497352120775046,2026-03-22T02:54:33.928259,BPE_Hist_log_RF,,,,,,,
S2,sleep_edf,,log,256,64,123,0.8802264501821652,0.013283285573812845,0.8703573597148697,0.8900955406494605,0.5503579118640318,0.7497352120775046,2026-03-22T02:54:33.929757,BPE_Hist_log_RF,,,,,,,
S2,sleep_edf,,log,256,64,456,0.8802264501821652,0.013283285573812845,0.8615274803711634,0.8911347517730497,0.5503579118640318,0.7497352120775046,2026-03-22T02:54:33.930258,BPE_Hist_log_RF,,,,,,,
S2,sleep_edf,,log,256,64,789,0.8802264501821652,0.013283285573812845,0.8615274803711634,0.8911347517730497,0.5503579118640318,0.7497352120775046,2026-03-22T02:54:33.930759,BPE_Hist_log_RF,,,,,,,
S2,sleep_edf,,log,256,64,2024,0.8802264501821652,0.013283285573812845,0.8615274803711634,0.8911347517730497,0.5503579118640318,0.7497352120775046,2026-03-22T02:54:33.931762,BPE_Hist_log_RF,,,,,,,
S2,sleep_edf,,binary,256,64,42,0.7966796156027951,0.07660086003324304,0.6886524822695036,0.8577032810271041,0.5969315726046899,0.6255807914068452,2026-03-22T03:00:09.877458,BPE_Hist_binary_LogReg,,,,,,,
S2,sleep_edf,,binary,256,64,123,0.7823379582494588,0.08382153238610829,0.6645390070921986,0.8527104136947218,0.5884701548576501,0.6046574799714369,2026-03-22T03:00:09.878458,BPE_Hist_binary_LogReg,,,,,,,
S2,sleep_edf,,binary,256,64,456,0.7775074032374985,0.09527861891253339,0.6429078014184397,0.8502139800285308,0.5963759768387549,0.6030216325226606,2026-03-22T03:00:09.879458,BPE_Hist_binary_LogReg,,,,,,,
S2,sleep_edf,,binary,256,64,789,0.7853186125264622,0.08715995479345053,0.6620567375886525,0.8473609129814551,0.5653112319592452,0.6108082099783244,2026-03-22T03:00:09.879958,BPE_Hist_binary_LogReg,,,,,,,
S2,sleep_edf,,binary,256,64,2024,0.7857024224104986,0.05806582972856595,0.7056737588652483,0.8416547788873038,0.5620737071127152,0.601871721798027,2026-03-22T03:00:09.880960,BPE_Hist_binary_LogReg,,,,,,,
S2,sleep_edf,,binary,256,64,42,0.866593262016695,0.009985646029589762,0.8529621698786581,0.87660485021398,0.45039339316926874,0.7055993345834284,2026-03-22T03:00:32.542446,BPE_Hist_binary_RF,,,,,,,
S2,sleep_edf,,binary,256,64,123,0.866593262016695,0.009985646029589762,0.8529621698786581,0.87660485021398,0.45039339316926874,0.7055993345834284,2026-03-22T03:00:32.543447,BPE_Hist_binary_RF,,,,,,,
S2,sleep_edf,,binary,256,64,456,0.866593262016695,0.009985646029589762,0.8529621698786581,0.87660485021398,0.45039339316926874,0.7055993345834284,2026-03-22T03:00:32.543946,BPE_Hist_binary_RF,,,,,,,
S2,sleep_edf,,binary,256,64,789,0.866593262016695,0.009985646029589762,0.8529621698786581,0.87660485021398,0.45039339316926874,0.7055993345834284,2026-03-22T03:00:32.544947,BPE_Hist_binary_RF,,,,,,,
S2,sleep_edf,,binary,256,64,2024,0.866593262016695,0.009985646029589762,0.8529621698786581,0.87660485021398,0.45039339316926874,0.7055993345834283,2026-03-22T03:00:32.545947,BPE_Hist_binary_RF,,,,,,,
S2,bci_iv_2a,,log,256,64,42,0.26851851851851855,0.00830596070278203,0.2569444444444444,0.2760416666666667,0.26851851851851855,0.024691358024691357,2026-03-22T03:02:03.401996,BPE_Hist_log_LogReg,,,,,,,
S2,bci_iv_2a,,log,256,64,123,0.2679398148148148,0.006698979689114708,0.2586805555555556,0.2743055555555556,0.2679398148148148,0.023919753086419766,2026-03-22T03:02:03.402997,BPE_Hist_log_LogReg,,,,,,,
S2,bci_iv_2a,,log,256,64,456,0.2690972222222222,0.00885246443332082,0.2569444444444444,0.2777777777777778,0.2690972222222222,0.025462962962962982,2026-03-22T03:02:03.404502,BPE_Hist_log_LogReg,,,,,,,
S2,bci_iv_2a,,log,256,64,789,0.2679398148148148,0.008060409882629713,0.2569444444444444,0.2760416666666667,0.2679398148148148,0.023919753086419766,2026-03-22T03:02:03.404502,BPE_Hist_log_LogReg,,,,,,,
S2,bci_iv_2a,,log,256,64,2024,0.2650462962962963,0.006992503456941304,0.2552083333333333,0.2708333333333333,0.26504629629629634,0.020061728395061706,2026-03-22T03:02:03.406009,BPE_Hist_log_LogReg,,,,,,,
S2,bci_iv_2a,,log,256,64,42,0.24305555555555555,0.007087643931664286,0.234375,0.2517361111111111,0.24305555555555555,-0.009259259259259264,2026-03-22T03:03:16.038765,BPE_Hist_log_RF,,,,,,,
S2,bci_iv_2a,,log,256,64,123,0.24305555555555555,0.007087643931664286,0.234375,0.2517361111111111,0.24305555555555555,-0.009259259259259264,2026-03-22T03:03:16.039764,BPE_Hist_log_RF,,,,,,,
S2,bci_iv_2a,,log,256,64,456,0.24305555555555555,0.007087643931664286,0.234375,0.2517361111111111,0.24305555555555555,-0.009259259259259264,2026-03-22T03:03:16.040768,BPE_Hist_log_RF,,,,,,,
S2,bci_iv_2a,,log,256,64,789,0.24305555555555555,0.007087643931664286,0.234375,0.2517361111111111,0.24305555555555555,-0.009259259259259264,2026-03-22T03:03:16.041272,BPE_Hist_log_RF,,,,,,,
S2,bci_iv_2a,,log,256,64,2024,0.24305555555555555,0.007087643931664286,0.234375,0.2517361111111111,0.24305555555555555,-0.009259259259259264,2026-03-22T03:03:16.042272,BPE_Hist_log_RF,,,,,,,
S2,bci_iv_2a,,binary,256,64,42,0.2633101851851852,0.009438371776794045,0.2534722222222222,0.2760416666666667,0.2633101851851852,0.0177469135802469,2026-03-22T03:04:25.997226,BPE_Hist_binary_LogReg,,,,,,,
S2,bci_iv_2a,,binary,256,64,123,0.26678240740740744,0.01286233262204448,0.2552083333333333,0.2847222222222222,0.2667824074074074,0.022376543209876514,2026-03-22T03:04:25.997726,BPE_Hist_binary_LogReg,,,,,,,
S2,bci_iv_2a,,binary,256,64,456,0.2621527777777778,0.005670115145331433,0.2552083333333333,0.2690972222222222,0.2621527777777778,0.016203703703703682,2026-03-22T03:04:25.998726,BPE_Hist_binary_LogReg,,,,,,,
S2,bci_iv_2a,,binary,256,64,789,0.2667824074074074,0.007807139793537059,0.2604166666666667,0.2777777777777778,0.2667824074074074,0.02237654320987655,2026-03-22T03:04:25.999725,BPE_Hist_binary_LogReg,,,,,,,
S2,bci_iv_2a,,binary,256,64,2024,0.265625,0.00992270150433001,0.2569444444444444,0.2795138888888889,0.26562499999999994,0.020833333333333332,2026-03-22T03:04:26.000224,BPE_Hist_binary_LogReg,,,,,,,
S2,bci_iv_2a,,binary,256,64,42,0.2494212962962963,0.032520882681081296,0.2222222222222222,0.2951388888888889,0.2494212962962963,-0.0007716049382715898,2026-03-22T03:05:38.495101,BPE_Hist_binary_RF,,,,,,,
S2,bci_iv_2a,,binary,256,64,123,0.2494212962962963,0.032520882681081296,0.2222222222222222,0.2951388888888889,0.2494212962962963,-0.0007716049382715898,2026-03-22T03:05:38.496105,BPE_Hist_binary_RF,,,,,,,
S2,bci_iv_2a,,binary,256,64,456,0.2494212962962963,0.032520882681081296,0.2222222222222222,0.2951388888888889,0.2494212962962963,-0.0007716049382715898,2026-03-22T03:05:38.497108,BPE_Hist_binary_RF,,,,,,,
S2,bci_iv_2a,,binary,256,64,789,0.2494212962962963,0.032520882681081296,0.2222222222222222,0.2951388888888889,0.2494212962962963,-0.0007716049382715898,2026-03-22T03:05:38.497607,BPE_Hist_binary_RF,,,,,,,
S2,bci_iv_2a,,binary,256,64,2024,0.2494212962962963,0.032520882681081296,0.2222222222222222,0.2951388888888889,0.2494212962962963,-0.0007716049382715898,2026-03-22T03:05:38.498609,BPE_Hist_binary_RF,,,,,,,
S3,sleep_edf,,raw,256,64,42,0.6582692243213043,0.03745606667098015,0.6205673758865248,0.7093437945791726,0.5398855102703805,0.4071502165908674,2026-03-22T03:27:33.428737,Windowed_raw_LogReg,5,,,,,,
S3,sleep_edf,,raw,256,64,123,0.7827810234248055,0.1168058132184088,0.6202127659574468,0.8894436519258203,0.4989532761027065,0.6133272806653588,2026-03-22T03:27:33.430237,Windowed_raw_LogReg,5,,,,,,
S3,sleep_edf,,raw,256,64,456,0.6879819795223933,0.1303240109106779,0.5102836879432624,0.8191868758915835,0.5060572635212678,0.47086575934663877,2026-03-22T03:27:33.434241,Windowed_raw_LogReg,5,,,,,,
S3,sleep_edf,,raw,256,64,789,0.7067112043429891,0.06266673800778091,0.6553191489361702,0.7949358059914408,0.550848769141407,0.4782306158932233,2026-03-22T03:27:33.435241,Windowed_raw_LogReg,5,,,,,,
S3,sleep_edf,,raw,256,64,2024,0.7484621156058099,0.10580498261175858,0.6021276595744681,0.8486795146324054,0.5874415671946879,0.5492045351511149,2026-03-22T03:27:33.435741,Windowed_raw_LogReg,5,,,,,,
S3,sleep_edf,,log,256,64,42,0.8535249017916366,0.03578779555132263,0.8049645390070922,0.8901569186875892,0.613448011534907,0.7088383733190762,2026-03-22T03:35:41.610940,Windowed_log_LogReg,5,,,,,,
S3,sleep_edf,,log,256,64,123,0.8524389794058607,0.02871296574094786,0.8131205673758867,0.8808844507845933,0.6104989506045625,0.7060431339414358,2026-03-22T03:35:41.611940,Windowed_log_LogReg,5,,,,,,
S3,sleep_edf,,log,256,64,456,0.8499573843862501,0.03240157176721362,0.8053191489361703,0.8812410841654779,0.6023044960754587,0.7012649532993334,2026-03-22T03:35:41.612940,Windowed_log_LogReg,5,,,,,,
S3,sleep_edf,,log,256,64,789,0.8526819611603985,0.03136362245739953,0.8102836879432624,0.8851640513552068,0.6027495424440205,0.7057395497902995,2026-03-22T03:35:41.613440,Windowed_log_LogReg,5,,,,,,
S3,sleep_edf,,log,256,64,2024,0.8531639669508361,0.033976498604764344,0.8070921985815603,0.8880171184022826,0.6065295124786771,0.7075837079401887,2026-03-22T03:35:41.614440,Windowed_log_LogReg,5,,,,,,
S3,sleep_edf,,binary,256,64,42,0.8533930347661589,0.03144207095614839,0.8113475177304964,0.8869472182596291,0.5945118562996946,0.7069458501953395,2026-03-22T03:44:05.357752,Windowed_binary_LogReg,5,,,,,,
S3,sleep_edf,,binary,256,64,123,0.8516197348973389,0.03313088478370787,0.8063829787234043,0.8848074179743225,0.5988286742628349,0.7042910953664724,2026-03-22T03:44:05.358752,Windowed_binary_LogReg,5,,,,,,
S3,sleep_edf,,binary,256,64,456,0.8520899350524687,0.03129024229337264,0.8092198581560283,0.8830242510699001,0.5944443608415931,0.7045664909955432,2026-03-22T03:44:05.359252,Windowed_binary_LogReg,5,,,,,,
S3,sleep_edf,,binary,256,64,789,0.8532641245655995,0.026974341130704058,0.8166666666666668,0.8808844507845933,0.5958264429205125,0.7059712649209717,2026-03-22T03:44:05.360252,Windowed_binary_LogReg,5,,,,,,
S3,sleep_edf,,binary,256,64,2024,0.8543398448402423,0.02991661849149168,0.8138297872340425,0.8851640513552068,0.5970216613428456,0.708537074384823,2026-03-22T03:44:05.360752,Windowed_binary_LogReg,5,,,,,,
S3,bci_iv_2a,,raw,256,64,42,0.2858796296296296,0.02415351476239492,0.2552083333333333,0.3142361111111111,0.2858796296296297,0.0478395061728395,2026-03-22T03:45:52.676704,Windowed_raw_LogReg,5,,,,,,
S3,bci_iv_2a,,raw,256,64,123,0.2853009259259259,0.024111882703703312,0.2552083333333333,0.3142361111111111,0.285300925925926,0.04706790123456791,2026-03-22T03:45:52.677704,Windowed_raw_LogReg,5,,,,,,
S3,bci_iv_2a,,raw,256,64,456,0.2853009259259259,0.024111882703703312,0.2552083333333333,0.3142361111111111,0.285300925925926,0.04706790123456791,2026-03-22T03:45:52.678704,Windowed_raw_LogReg,5,,,,,,
S3,bci_iv_2a,,raw,256,64,789,0.2858796296296296,0.02415351476239492,0.2552083333333333,0.3142361111111111,0.2858796296296297,0.0478395061728395,2026-03-22T03:45:52.679204,Windowed_raw_LogReg,5,,,,,,
S3,bci_iv_2a,,raw,256,64,2024,0.2858796296296296,0.02415351476239492,0.2552083333333333,0.3142361111111111,0.2858796296296297,0.0478395061728395,2026-03-22T03:45:52.680203,Windowed_raw_LogReg,5,,,,,,
S3,bci_iv_2a,,log,256,64,42,0.32175925925925924,0.029062221133078065,0.2864583333333333,0.3576388888888889,0.3217592592592593,0.09567901234567903,2026-03-22T03:47:52.310469,Windowed_log_LogReg,5,,,,,,
S3,bci_iv_2a,,log,256,64,123,0.31712962962962965,0.02892360879536992,0.2864583333333333,0.35590277777777785,0.31712962962962965,0.0895061728395062,2026-03-22T03:47:52.311468,Windowed_log_LogReg,5,,,,,,
S3,bci_iv_2a,,log,256,64,456,0.3159722222222222,0.027044725568397963,0.2847222222222222,0.3506944444444444,0.31597222222222227,0.08796296296296298,2026-03-22T03:47:52.311968,Windowed_log_LogReg,5,,,,,,
S3,bci_iv_2a,,log,256,64,789,0.3177083333333333,0.03191801442855944,0.2777777777777778,0.35590277777777785,0.3177083333333333,0.09027777777777779,2026-03-22T03:47:52.312968,Windowed_log_LogReg,5,,,,,,
S3,bci_iv_2a,,log,256,64,2024,0.31539351851851855,0.02940589355535302,0.2829861111111111,0.3541666666666667,0.31539351851851855,0.08719135802469136,2026-03-22T03:47:52.313468,Windowed_log_LogReg,5,,,,,,
S3,bci_iv_2a,,binary,256,64,42,0.3107638888888889,0.004252586358998558,0.3055555555555556,0.3159722222222222,0.3107638888888889,0.08101851851851849,2026-03-22T03:49:50.694926,Windowed_binary_LogReg,5,,,,,,
S3,bci_iv_2a,,binary,256,64,123,0.31192129629629634,0.0029508214777735917,0.3090277777777778,0.3159722222222222,0.31192129629629634,0.0825617283950617,2026-03-22T03:49:50.695926,Windowed_binary_LogReg,5,,,,,,
S3,bci_iv_2a,,binary,256,64,456,0.3072916666666667,0.002835057572665728,0.3038194444444444,0.3107638888888889,0.3072916666666667,0.07638888888888888,2026-03-22T03:49:50.696926,Windowed_binary_LogReg,5,,,,,,
S3,bci_iv_2a,,binary,256,64,789,0.31134259259259256,0.0008184106263733161,0.3107638888888889,0.3125,0.31134259259259256,0.08179012345679011,2026-03-22T03:49:50.697426,Windowed_binary_LogReg,5,,,,,,
S3,bci_iv_2a,,binary,256,64,2024,0.31365740740740744,0.006391991329390775,0.3055555555555556,0.3211805555555556,0.31365740740740744,0.08487654320987655,2026-03-22T03:49:50.698428,Windowed_binary_LogReg,5,,,,,,
S4,sleep_edf,,,256,64,42,0.7854302908901173,0.08830152321292922,0.6631205673758865,0.8684022824536376,0.6538240727748433,0.6188543377165284,2026-03-22T03:55:35.447006,BPE_Hist_Log_LogReg,,native,,,,,
S4,sleep_edf,,,256,64,123,0.7411690034971414,0.12786721328809228,0.5613475177304964,0.8476088508208423,0.6002262089888076,0.5681028001848342,2026-03-22T03:55:35.448005,BPE_Hist_Log_LogReg,,native,,,,,
S4,sleep_edf,,,256,64,456,0.8428946533145711,0.015900748491327926,0.8276595744680851,0.8648359486447932,0.6392400394801386,0.691095945763713,2026-03-22T03:55:35.448505,BPE_Hist_Log_LogReg,,native,,,,,
S4,sleep_edf,,,256,64,789,0.748177522380897,0.1720184054287747,0.5049645390070922,0.8743754461099215,0.6050273591176398,0.5909870102215063,2026-03-22T03:55:35.449505,BPE_Hist_Log_LogReg,,native,,,,,
S4,sleep_edf,,,256,64,2024,0.8474622321673219,0.029731775250353806,0.8060283687943263,0.8743754461099215,0.5915138704117875,0.6932184110025895,2026-03-22T03:55:35.450004,BPE_Hist_Log_LogReg,,native,,,,,
S4,sleep_edf,,,256,64,42,0.8178854981339362,0.06285276097371462,0.7290780141843972,0.865549215406562,0.6216510630463817,0.6568146445702265,2026-03-22T04:01:12.432795,BPE_Hist_Log_LogReg,,universal,,,,,
S4,sleep_edf,,,256,64,123,0.753067888014089,0.1421137574705992,0.5535460992907801,0.8737517831669045,0.6093169490033613,0.586347345762801,2026-03-22T04:01:12.433795,BPE_Hist_Log_LogReg,,universal,,,,,
S4,sleep_edf,,,256,64,456,0.7632790133290808,0.14242440835515885,0.5624113475177305,0.87660485021398,0.60551007254009,0.6046104698717892,2026-03-22T04:01:12.434794,BPE_Hist_Log_LogReg,,universal,,,,,
S4,sleep_edf,,,256,64,789,0.7419311638449226,0.14625648070291183,0.5351063829787234,0.8460496298242237,0.5989520428645266,0.5709678379641092,2026-03-22T04:01:12.435294,BPE_Hist_Log_LogReg,,universal,,,,,
S4,sleep_edf,,,256,64,2024,0.8021299700791271,0.07249503405795579,0.699645390070922,0.8558172733761599,0.6149824001094939,0.6386284899988451,2026-03-22T04:01:12.436294,BPE_Hist_Log_LogReg,,universal,,,,,
S4,mental_arithmetic,,,256,64,42,0.688888888888889,0.13966450099973926,0.5,0.8333333333333334,0.688888888888889,0.37777777777777777,2026-03-22T04:01:17.357148,BPE_Hist_Log_LogReg,,native,,,,,
S4,mental_arithmetic,,,256,64,123,0.688888888888889,0.13966450099973926,0.5,0.8333333333333334,0.688888888888889,0.37777777777777777,2026-03-22T04:01:17.358148,BPE_Hist_Log_LogReg,,native,,,,,
S4,mental_arithmetic,,,256,64,456,0.6888888888888888,0.1396645009997393,0.5,0.8333333333333334,0.688888888888889,0.37777777777777777,2026-03-22T04:01:17.359148,BPE_Hist_Log_LogReg,,native,,,,,
S4,mental_arithmetic,,,256,64,789,0.688888888888889,0.13966450099973926,0.5,0.8333333333333334,0.688888888888889,0.37777777777777777,2026-03-22T04:01:17.359648,BPE_Hist_Log_LogReg,,native,,,,,
S4,mental_arithmetic,,,256,64,2024,0.688888888888889,0.1396645009997393,0.5,0.8333333333333334,0.688888888888889,0.37777777777777777,2026-03-22T04:01:17.360648,BPE_Hist_Log_LogReg,,native,,,,,
S4,mental_arithmetic,,,256,64,42,0.6777777777777777,0.12862041003100252,0.5,0.8000000000000002,0.6777777777777777,0.35555555555555557,2026-03-22T04:01:21.783291,BPE_Hist_Log_LogReg,,universal,,,,,
S4,mental_arithmetic,,,256,64,123,0.688888888888889,0.13425606637327303,0.5,0.8000000000000002,0.6888888888888888,0.37777777777777777,2026-03-22T04:01:21.784293,BPE_Hist_Log_LogReg,,universal,,,,,
S4,mental_arithmetic,,,256,64,456,0.688888888888889,0.13425606637327306,0.5,0.8000000000000002,0.6888888888888888,0.37777777777777777,2026-03-22T04:01:21.784791,BPE_Hist_Log_LogReg,,universal,,,,,
S4,mental_arithmetic,,,256,64,789,0.688888888888889,0.13425606637327303,0.5,0.8000000000000002,0.6888888888888888,0.37777777777777777,2026-03-22T04:01:21.785791,BPE_Hist_Log_LogReg,,universal,,,,,
S4,mental_arithmetic,,,256,64,2024,0.6777777777777777,0.12862041003100252,0.5,0.8000000000000002,0.6777777777777777,0.35555555555555557,2026-03-22T04:01:21.786291,BPE_Hist_Log_LogReg,,universal,,,,,
S5,sleep_edf,,,256,64,42,0.24882675830289183,0.16879958362454364,0.12633832976445397,0.4875178316690442,0.4187099098432528,0.11765184889326508,2026-03-22T04:03:55.504768,Cooccurrence_bigram_only_LogReg,,,bigram_only,500,,,
S5,sleep_edf,,,256,64,123,0.26204951107822166,0.15444323016385986,0.1270521056388294,0.4782453637660485,0.42230087791995335,0.12096414520350966,2026-03-22T04:03:55.505768,Cooccurrence_bigram_only_LogReg,,,bigram_only,500,,,
S5,sleep_edf,,,256,64,456,0.30743242553789424,0.15720649067682888,0.1891506067094932,0.5296005706134094,0.445836691830368,0.15152413987625188,2026-03-22T04:03:55.506267,Cooccurrence_bigram_only_LogReg,,,bigram_only,500,,,
S5,sleep_edf,,,256,64,789,0.31604957091520125,0.13831748045502024,0.1819148936170213,0.5064194008559201,0.4610730975752881,0.15753259577609127,2026-03-22T04:03:55.507268,Cooccurrence_bigram_only_LogReg,,,bigram_only,500,,,
S5,sleep_edf,,,256,64,2024,0.2887489063918192,0.15735038199877857,0.14882226980728053,0.5085592011412268,0.4394050092720277,0.14384319236948784,2026-03-22T04:03:55.507768,Cooccurrence_bigram_only_LogReg,,,bigram_only,500,,,
S5,sleep_edf,,,256,64,42,0.783642638378666,0.12384989280356595,0.6085106382978723,0.87339514978602,0.6083163482064288,0.6276510849564702,2026-03-22T04:14:35.555795,Cooccurrence_hist+bigram_LogReg,,,hist+bigram,500,,,
S5,sleep_edf,,,256,64,123,0.8377783160650641,0.04721650480530542,0.7712765957446809,0.8762482168330955,0.6309478193139648,0.6843266476802484,2026-03-22T04:14:35.556794,Cooccurrence_hist+bigram_LogReg,,,hist+bigram,500,,,
S5,sleep_edf,,,256,64,456,0.8062041989571337,0.08702603292144635,0.6833333333333332,0.8737517831669045,0.6271097044727928,0.6439222720417975,2026-03-22T04:14:35.556794,Cooccurrence_hist+bigram_LogReg,,,hist+bigram,500,,,
S5,sleep_edf,,,256,64,789,0.8097195005459455,0.07285770012020794,0.7081560283687943,0.8755349500713266,0.6386268861691188,0.6464023631164849,2026-03-22T04:14:35.558303,Cooccurrence_hist+bigram_LogReg,,,hist+bigram,500,,,
S5,sleep_edf,,,256,64,2024,0.8278123743263653,0.04911899582368197,0.7592198581560283,0.8716119828815977,0.6283345552649161,0.6657291352624503,2026-03-22T04:14:35.558803,Cooccurrence_hist+bigram_LogReg,,,hist+bigram,500,,,
S5,bci_iv_2a,,,256,64,42,0.27546296296296297,0.012705149537095001,0.265625,0.2934027777777778,0.27546296296296297,0.03395061728395062,2026-03-22T04:15:28.823121,Cooccurrence_bigram_only_LogReg,,,bigram_only,500,,,
S5,bci_iv_2a,,,256,64,123,0.2725694444444445,0.009922701504329995,0.2586805555555556,0.28125,0.2725694444444445,0.030092592592592598,2026-03-22T04:15:28.824621,Cooccurrence_bigram_only_LogReg,,,bigram_only,500,,,
S5,bci_iv_2a,,,256,64,456,0.26967592592592593,0.020262895138902306,0.24826388888888892,0.296875,0.26967592592592593,0.026234567901234535,2026-03-22T04:15:28.825121,Cooccurrence_bigram_only_LogReg,,,bigram_only,500,,,
S5,bci_iv_2a,,,256,64,789,0.27777777777777773,0.020881502954477674,0.25,0.3003472222222222,0.27777777777777773,0.037037037037037056,2026-03-22T04:15:28.826121,Cooccurrence_bigram_only_LogReg,,,bigram_only,500,,,
S5,bci_iv_2a,,,256,64,2024,0.28587962962962965,0.018446038715867166,0.2638888888888889,0.3090277777777778,0.28587962962962965,0.0478395061728395,2026-03-22T04:15:28.826621,Cooccurrence_bigram_only_LogReg,,,bigram_only,500,,,
S5,bci_iv_2a,,,256,64,42,0.2685185185185185,0.009223019357933593,0.2569444444444444,0.2795138888888889,0.2685185185185185,0.024691358024691357,2026-03-22T04:17:16.341597,Cooccurrence_hist+bigram_LogReg,,,hist+bigram,500,,,
S5,bci_iv_2a,,,256,64,123,0.2667824074074074,0.008661243950865618,0.25983796296296297,0.2760416666666667,0.2667824074074074,0.022376543209876514,2026-03-22T04:17:16.342597,Cooccurrence_hist+bigram_LogReg,,,hist+bigram,500,,,
S5,bci_iv_2a,,,256,64,456,0.26909722222222227,0.00789246625982977,0.2586805555555556,0.2777777777777778,0.26909722222222227,0.025462962962962982,2026-03-22T04:17:16.343597,Cooccurrence_hist+bigram_LogReg,,,hist+bigram,500,,,
S5,bci_iv_2a,,,256,64,789,0.26851851851851855,0.007807139793537056,0.2586805555555556,0.2777777777777778,0.26851851851851855,0.024691358024691357,2026-03-22T04:17:16.344097,Cooccurrence_hist+bigram_LogReg,,,hist+bigram,500,,,
S5,bci_iv_2a,,,256,64,2024,0.2679398148148148,0.006698979689114708,0.2586805555555556,0.2743055555555556,0.2679398148148148,0.023919753086419766,2026-03-22T04:17:16.345099,Cooccurrence_hist+bigram_LogReg,,,hist+bigram,500,,,
S6,sleep_edf,,,256,64,42,0.7965904324338209,0.08637859937503155,0.674468085106383,0.8601997146932953,0.603863614068743,0.6333132199649268,2026-03-22T04:23:00.612174,Hierarchical_BPE_LogReg,,,,,hierarchical,256,256
S6,sleep_edf,,,256,64,123,0.8720814941098812,0.006843601727155978,0.8631205673758865,0.8797287651677373,0.6360480291342168,0.7426144125201244,2026-03-22T04:23:00.613174,Hierarchical_BPE_LogReg,,,,,hierarchical,256,256
S6,sleep_edf,,,256,64,456,0.7790058017967141,0.12109941450268358,0.6078014184397164,0.8684022824536376,0.6421073461113399,0.623388471001278,2026-03-22T04:23:00.614175,Hierarchical_BPE_LogReg,,,,,hierarchical,256,256
S6,sleep_edf,,,256,64,789,0.7756798023568533,0.04169198503914652,0.7216312056737588,0.8231098430813124,0.6060344206450593,0.5924759060929821,2026-03-22T04:23:00.614674,Hierarchical_BPE_LogReg,,,,,hierarchical,256,256
S6,sleep_edf,,,256,64,2024,0.8394022841795655,0.03563266182007155,0.7907801418439716,0.8751783166904422,0.638695539478532,0.688029718227023,2026-03-22T04:23:00.615675,Hierarchical_BPE_LogReg,,,,,hierarchical,256,256
S6,bci_iv_2a,,,256,64,42,0.2679398148148148,0.007807139793537075,0.2569444444444444,0.2743055555555556,0.2679398148148148,0.023919753086419766,2026-03-22T04:25:15.090208,Hierarchical_BPE_LogReg,,,,,hierarchical,256,256
S6,bci_iv_2a,,,256,64,123,0.26967592592592593,0.008060409882629689,0.2586805555555556,0.2777777777777778,0.26967592592592593,0.026234567901234573,2026-03-22T04:25:15.091207,Hierarchical_BPE_LogReg,,,,,hierarchical,256,256
S6,bci_iv_2a,,,256,64,456,0.26851851851851855,0.010056798146402073,0.2552083333333333,0.2795138888888889,0.26851851851851855,0.024691358024691357,2026-03-22T04:25:15.092208,Hierarchical_BPE_LogReg,,,,,hierarchical,256,256
S6,bci_iv_2a,,,256,64,789,0.2696759259259259,0.009438371776794045,0.2569444444444444,0.2795138888888889,0.2696759259259259,0.026234567901234573,2026-03-22T04:25:15.093207,Hierarchical_BPE_LogReg,,,,,hierarchical,256,256
S6,bci_iv_2a,,,256,64,2024,0.2679398148148148,0.009113435039365533,0.2552083333333333,0.2760416666666667,0.2679398148148148,0.02391975308641973,2026-03-22T04:25:15.093708,Hierarchical_BPE_LogReg,,,,,hierarchical,256,256
