dataset,classifier,acc_mean,acc_ci,kap_mean,kap_ci,acc_std,n_seeds
bci_iv_2a,BPE_Bigram_LogReg,0.2677083333333333,0.006493400886116956,0.023611111111111062,0.00865786784815601,0.005230434361136486,5
bci_iv_2a,BPE_Hist_LogReg,0.2701388888888888,0.0011181439378370314,0.026851851851851804,0.0014908585837826696,0.000900664932864878,5
bci_iv_2a,BPE_Hist_RF,0.2472993827160494,0.0,-0.0036008230452673996,6.01949046163952e-19,0.0,5
bci_iv_2a,BPE_Seq_CNN,0.2612268518518518,0.006594188487364409,0.01496913580246908,0.008792251316485833,0.005311618773124399,5
bci_iv_2a,BPE_Seq_CW_Transformer,0.2500771604938271,0.0023193745420415613,0.00010288065843619999,0.003092499389388685,0.0018682561748153371,5
bci_iv_2a,BPE_Seq_Transformer,0.2638888888888889,0.006089108761818923,0.018518518518518483,0.00811881168242525,0.004904777058291314,5
bci_iv_2a,BPE_WindowedSeq_CNN,0.3056327160493827,0.005286493133432074,0.07417695473251025,0.007048657511242776,0.004258270176131118,5
bci_iv_2a,BPE_Windowed_LogReg,0.3017361111111111,0.0006425925925926391,0.06898148148148142,0.0008567901234567769,0.0005176083281249888,5
bci_iv_2a,CSP_LDA,0.3919753086419753,0.0,0.1893004115226337,0.0,0.0,5
bci_iv_2a,Chronos_Binning,0.2717592592592592,0.0004907881994288725,0.029012345679012303,0.0006543842659052472,0.00039532989066198946,5
bci_iv_2a,EEGNet,0.45084876543209873,0.007760781811146643,0.26779835390946494,0.010347709081528976,0.006251309685975444,5
bci_iv_2a,PSD_LogReg,0.3804398148148148,0.00010709876543209151,0.1739197530864197,0.0001427983539094451,8.626805468748606e-05,5
bci_iv_2a,Patching_LogReg,0.3552469135802469,0.0002141975308642177,0.1403292181069958,0.00028559670781894413,0.00017253610937500004,5
bci_iv_2a,VQ_LogReg,0.2858796296296296,0.0,0.0478395061728395,0.0,0.0,5
epfl_p300,BPE_Bigram_LogReg,0.5970254629629631,0.03018238835507727,0.04977368077722138,0.0022097540053430255,0.024311913575378548,5
epfl_p300,BPE_Hist_LogReg,0.6075231481481481,0.00024363497954501076,0.03460080723052606,0.0005366100386652613,0.00019624797404878058,5
epfl_p300,BPE_Hist_RF,0.8333333333333334,0.0,0.0,0.0,0.0,5
epfl_p300,BPE_Seq_CNN,0.8333449074074075,3.2129629629593556e-05,0.00011547344110854,0.00032055427251730703,2.588041640621851e-05,5
epfl_p300,BPE_Seq_CW_Transformer,0.8344328703703703,0.0018344864966652755,0.051604874413709124,0.015202223108645028,0.001477678858194884,5
epfl_p300,BPE_Seq_Transformer,0.833275462962963,7.184403594380041e-05,0.00034493474395487993,0.0003776684762502883,5.7870370370416424e-05,5
epfl_p300,BPE_WindowedSeq_CNN,0.8309606481481481,0.001061980254948161,0.0781385944399329,0.011687518119245552,0.0008554250867531145,5
epfl_p300,BPE_Windowed_LogReg,0.7262037037037037,0.00019935910903518027,0.258171921576316,0.0003846294384557979,0.00016058376071197969,5
epfl_p300,Chronos_Binning,0.8333333333333334,0.0,0.0,0.0,0.0,5
epfl_p300,EEGNet,0.8803009259259259,0.0021103077296905515,0.5022658042121863,0.008621034798311477,0.0016998528591611402,5
epfl_p300,PSD_LogReg,0.6556944444444445,3.935059910858111e-05,0.12971469090348098,3.2837390321963496e-05,3.169690726301513e-05,5
epfl_p300,Patching_LogReg,0.8328125,0.0,0.0066653428640063,0.0,0.0,5
epfl_p300,VQ_LogReg,0.8333333333333334,0.0,0.0,0.0,0.0,5
mental_arithmetic,BPE_Bigram_LogReg,0.5463809523809523,0.023975950821897803,0.09276190476190471,0.04795190164379547,0.019312628192707293,5
mental_arithmetic,BPE_Hist_LogReg,0.6046428571428571,0.013974884300122658,0.20928571428571424,0.027949768600245273,0.011256769190478688,5
mental_arithmetic,BPE_Hist_RF,0.5437619047619048,0.02396683875199594,0.08752380952380948,0.047933677503991794,0.019305288420475197,5
mental_arithmetic,BPE_Seq_CNN,0.5054285714285713,0.017612737795243277,0.01085714285714286,0.035225475590486464,0.014187060151312589,5
mental_arithmetic,BPE_Seq_CW_Transformer,0.49866666666666665,0.0056456322338360124,-0.0026666666666666796,0.011291264467671897,0.004547556718595574,5
mental_arithmetic,BPE_Seq_Transformer,0.512357142857143,0.0051180082718966105,0.02471428571428568,0.010236016543793176,0.004122555621529917,5
mental_arithmetic,BPE_WindowedSeq_CNN,0.5946904761904763,0.01860337334976995,0.18938095238095234,0.03720674669953987,0.014985017082454461,5
mental_arithmetic,BPE_Windowed_LogReg,0.5585,0.01448322980290688,0.11699999999999997,0.02896645960581376,0.011666241488851104,5
mental_arithmetic,Chronos_Binning,0.5794285714285715,0.009575487026801983,0.1588571428571428,0.01915097405360402,0.007713054722477157,5
mental_arithmetic,EEGNet,0.5025000000000001,0.006939999999999975,0.005,0.013879999999999998,0.005590169943749454,5
mental_arithmetic,PSD_LogReg,0.6822619047619047,0.014352714496708824,0.3645238095238096,0.028705428993417673,0.011561111410766434,5
mental_arithmetic,Patching_LogReg,0.5,0.0,0.0,0.0,0.0,5
mental_arithmetic,VQ_LogReg,0.6554285714285715,0.012572697275086791,0.31085714285714283,0.02514539455017361,0.010127307553177391,5
physionet_mi,BPE_Bigram_LogReg,0.2665411213921478,0.0021200371914567727,0.022219316569416517,0.0027597542775122837,0.0017076899405349714,5
physionet_mi,BPE_Hist_LogReg,0.32080580460681773,0.003989352588707936,0.09442578926964955,0.005339017020016826,0.0032134234778694905,5
physionet_mi,BPE_Hist_RF,0.2632651538137985,0.004266150577597012,0.01762194426322348,0.005679269691035895,0.0034363842556761207,5
physionet_mi,BPE_Seq_CNN,0.26552897791677765,0.004356430583081923,0.020751978507736378,0.005819902607551881,0.003509104799362473,5
physionet_mi,BPE_Seq_CW_Transformer,0.27973484476919885,0.0037416018766192913,0.03982117757529754,0.005155751091849931,0.003013860281290172,5
physionet_mi,BPE_Seq_Transformer,0.26911031395752893,0.004779531093660456,0.02529326396388624,0.006745706800127891,0.003849912257204141,5
physionet_mi,BPE_WindowedSeq_CNN,0.3731722494559281,0.006607281026335058,0.1643331362640125,0.008939864623079927,0.005322164813159139,5
physionet_mi,BPE_Windowed_LogReg,0.42697728791840206,0.004776589557338748,0.2359688712829747,0.006350076755979378,0.0038475428497208473,5
physionet_mi,CSP_LDA,0.25493592726030306,0.0009623658991443694,0.006141361905982599,0.0011834648220324945,0.0007751857239605608,5
physionet_mi,Chronos_Binning,0.3178602922051321,0.003908544964760811,0.09042322563828106,0.005245647596481437,0.0031483329374350486,5
physionet_mi,EEGNet,0.5817131860262761,0.01027525842104399,0.44221887323713227,0.013740950905830857,0.008276720574867263,5
physionet_mi,PSD_LogReg,0.3387007463978686,0.003354983000483185,0.11823957218167654,0.004290261720079159,0.002702438779696186,5
physionet_mi,Patching_LogReg,0.2522174487013126,0.00012618692925025557,0.0,0.0,0.00010164357048830262,5
physionet_mi,VQ_LogReg,0.3225518591837176,0.007294940818210826,0.09641029733617176,0.009844006108170003,0.005876074769941407,5
sleep_edf,BPE_Bigram_LogReg,0.7269235384844371,0.010504054168972366,0.5005161859783154,0.01959255986411447,0.00846101554796912,5
sleep_edf,BPE_Hist_LogReg,0.7187830300533817,0.014185971441203035,0.5062215555986762,0.013748029891483474,0.011426799880908015,5
sleep_edf,BPE_Hist_RF,0.7953813758285108,0.0024601869536465893,0.49697549808368,0.007114699668326965,0.0019816805712218654,5
sleep_edf,BPE_Seq_CNN,0.8422730903621712,0.002566983381256389,0.664625138151382,0.005345344923491633,0.002067705092795946,5
sleep_edf,BPE_Seq_CW_Transformer,0.76434456748858,0.0032076567408728337,0.48157269600792985,0.004606984370415702,0.002583767478774166,5
sleep_edf,BPE_Seq_Transformer,0.7905107527351365,0.0023311194872731146,0.5543743941298234,0.013039596591573204,0.0018777167281041572,5
sleep_edf,BPE_WindowedSeq_CNN,0.8513711062248852,0.0008969772841289778,0.6881491928583536,0.0017496800158697586,0.0007225151950956549,5
sleep_edf,BPE_Windowed_LogReg,0.7304820863106072,0.030426813366676745,0.5373849612995515,0.031662077672947535,0.024508797920240796,5
sleep_edf,Chronos_Binning,0.6829491272250248,0.0006104533890098059,-0.00285031763890322,0.0010204767632356236,0.0004917201998995134,5
sleep_edf,EEGNet,0.8534439633155528,0.027140758592901854,0.6733079929279523,0.08422473604973961,0.02186188082659946,5
sleep_edf,PSD_LogReg,0.8033162607580759,0.006653130343934002,0.6504770361145056,0.009327009449320207,0.005359096438113468,5
sleep_edf,Patching_LogReg,0.6853499605688576,0.000229548537802743,0.0,0.0,0.00018490134533955823,5
sleep_edf,VQ_LogReg,0.8590809706066083,0.0036601696638467176,0.690514690523539,0.008041208592358061,0.0029482666345618937,5
ssvep_nakanishi,BPE_Bigram_LogReg,0.08333333333333329,0.003296137416987642,-1.986258379993444e-17,0.003595786273077364,0.002655038662667485,5
ssvep_nakanishi,BPE_Hist_LogReg,0.0781481481481481,0.0014938646255887552,-0.005656565656565619,0.0016296705006422813,0.0012033079438035766,5
ssvep_nakanishi,BPE_Hist_RF,0.0858024691358024,0.0,0.0026936026936026,0.0,0.0,5
ssvep_nakanishi,BPE_Seq_CNN,0.0838271604938271,0.00747718143956266,0.0005387205387205401,0.00815692520679557,0.006022869588963201,5
ssvep_nakanishi,BPE_Seq_CW_Transformer,0.08703703703703698,0.00933861931441627,0.00404040404040402,0.010187584706635843,0.00752225778207034,5
ssvep_nakanishi,BPE_Seq_Transformer,0.07938271604938267,0.006781102766697321,-0.00430976430976428,0.0073975666545787674,0.0054621782236120705,5
ssvep_nakanishi,BPE_WindowedSeq_CNN,0.08271604938271601,0.0018771331106597286,-0.0006734006734006799,0.0020477815752650594,0.001512030705421754,5
ssvep_nakanishi,BPE_Windowed_LogReg,0.0753086419753086,0.0,-0.0087542087542087,0.0,0.0,5
ssvep_nakanishi,Chronos_Binning,0.0685185185185185,0.0,-0.0161616161616161,0.0,0.0,5
ssvep_nakanishi,EEGNet,0.08320987654320984,0.0011366605454354107,-0.00013468013468012,0.001239993322293092,0.0009155800601352907,5
ssvep_nakanishi,PSD_LogReg,0.1666666666666666,0.0,0.09090909090909083,5.515903188598619e-17,0.0,5
ssvep_nakanishi,Patching_LogReg,0.08259259259259254,0.00034271604938272677,-0.0008080808080807401,0.00037387205387206856,0.0002760577749999827,5
ssvep_nakanishi,SSVEP_FFT_LogReg,0.6544444444444444,0.003486620006139935,0.623030303030303,0.003803585461243639,0.0028084723866857457,5
ssvep_nakanishi,VQ_LogReg,0.0845679012345679,0.0,0.0013468013468013,0.0,0.0,5
