dataset,vocab_size,seed,fold,accuracy,balanced_accuracy,kappa
bci_iv_2a,1024,42,0,0.265625,0.265625,0.02083333333333337
bci_iv_2a,1024,42,1,0.2725694444444444,0.2725694444444444,0.03009259259259256
bci_iv_2a,1024,42,2,0.2777777777777778,0.2777777777777778,0.03703703703703709
bci_iv_2a,1024,42,3,0.2777777777777778,0.2777777777777778,0.03703703703703709
bci_iv_2a,1024,42,4,0.2517361111111111,0.2517361111111111,0.0023148148148147696
bci_iv_2a,1024,42,5,0.2534722222222222,0.2534722222222222,0.00462962962962965
bci_iv_2a,1024,42,6,0.2760416666666667,0.2760416666666667,0.03472222222222221
bci_iv_2a,1024,42,7,0.3107638888888889,0.3107638888888889,0.08101851851851849
bci_iv_2a,1024,42,8,0.265625,0.265625,0.02083333333333337
bci_iv_2a,1024,123,0,0.265625,0.265625,0.02083333333333337
bci_iv_2a,1024,123,1,0.2777777777777778,0.2777777777777778,0.03703703703703709
bci_iv_2a,1024,123,2,0.2777777777777778,0.2777777777777778,0.03703703703703709
bci_iv_2a,1024,123,3,0.28125,0.28125,0.04166666666666663
bci_iv_2a,1024,123,4,0.24305555555555555,0.24305555555555558,-0.0092592592592593
bci_iv_2a,1024,123,5,0.2552083333333333,0.2552083333333333,0.00694444444444442
bci_iv_2a,1024,123,6,0.2690972222222222,0.2690972222222222,0.02546296296296291
bci_iv_2a,1024,123,7,0.3072916666666667,0.30729166666666663,0.07638888888888884
bci_iv_2a,1024,123,8,0.2638888888888889,0.2638888888888889,0.01851851851851849
bci_iv_2a,1024,456,0,0.2621527777777778,0.2621527777777778,0.01620370370370372
bci_iv_2a,1024,456,1,0.2777777777777778,0.2777777777777778,0.03703703703703709
bci_iv_2a,1024,456,2,0.2795138888888889,0.2795138888888889,0.03935185185185186
bci_iv_2a,1024,456,3,0.2795138888888889,0.2795138888888889,0.03935185185185186
bci_iv_2a,1024,456,4,0.2517361111111111,0.2517361111111111,0.0023148148148147696
bci_iv_2a,1024,456,5,0.2569444444444444,0.2569444444444444,0.0092592592592593
bci_iv_2a,1024,456,6,0.2743055555555556,0.2743055555555556,0.03240740740740744
bci_iv_2a,1024,456,7,0.3107638888888889,0.3107638888888889,0.08101851851851849
bci_iv_2a,1024,456,8,0.2638888888888889,0.2638888888888889,0.01851851851851849
bci_iv_2a,1024,789,0,0.265625,0.265625,0.02083333333333337
bci_iv_2a,1024,789,1,0.2777777777777778,0.2777777777777778,0.03703703703703709
bci_iv_2a,1024,789,2,0.2795138888888889,0.2795138888888889,0.03935185185185186
bci_iv_2a,1024,789,3,0.28125,0.28125,0.04166666666666663
bci_iv_2a,1024,789,4,0.2517361111111111,0.2517361111111111,0.0023148148148147696
bci_iv_2a,1024,789,5,0.2569444444444444,0.2569444444444444,0.0092592592592593
bci_iv_2a,1024,789,6,0.2725694444444444,0.2725694444444444,0.03009259259259256
bci_iv_2a,1024,789,7,0.3090277777777778,0.3090277777777778,0.07870370370370372
bci_iv_2a,1024,789,8,0.2638888888888889,0.2638888888888889,0.01851851851851849
bci_iv_2a,1024,2024,0,0.265625,0.265625,0.02083333333333337
bci_iv_2a,1024,2024,1,0.2725694444444444,0.2725694444444444,0.03009259259259256
bci_iv_2a,1024,2024,2,0.2795138888888889,0.2795138888888889,0.03935185185185186
bci_iv_2a,1024,2024,3,0.2777777777777778,0.2777777777777778,0.03703703703703709
bci_iv_2a,1024,2024,4,0.2517361111111111,0.2517361111111111,0.0023148148148147696
bci_iv_2a,1024,2024,5,0.2552083333333333,0.2552083333333333,0.00694444444444442
bci_iv_2a,1024,2024,6,0.2725694444444444,0.2725694444444445,0.03009259259259256
bci_iv_2a,1024,2024,7,0.3072916666666667,0.3072916666666667,0.07638888888888884
bci_iv_2a,1024,2024,8,0.2638888888888889,0.2638888888888889,0.01851851851851849
physionet_mi,1024,42,0,0.32537154989384287,0.3251448571136948,0.10020065984773907
physionet_mi,1024,42,1,0.3397231096911608,0.33980747976485615,0.1196923807378083
physionet_mi,1024,42,2,0.3185935002663825,0.3189668643265814,0.09172345248170821
physionet_mi,1024,42,3,0.31865828092243187,0.31902138854152323,0.09188063524421353
physionet_mi,1024,42,4,0.3113879003558719,0.31150446495979556,0.08195759476806919
physionet_mi,1024,123,0,0.32339089481946626,0.3234340317370819,0.09783583386518024
physionet_mi,1024,123,1,0.3370666666666667,0.33779582030506183,0.11660090961915248
physionet_mi,1024,123,2,0.2920634920634921,0.29211525088939483,0.056005375440954075
physionet_mi,1024,123,3,0.3161530286928799,0.31607198245213836,0.08812817603347911
physionet_mi,1024,123,4,0.3066607063030845,0.30653007679974636,0.0752808335936358
physionet_mi,1024,456,0,0.33846971307120083,0.3387079414816962,0.11834627228695871
physionet_mi,1024,456,1,0.3328092243186583,0.33291664628367973,0.1104403182790723
physionet_mi,1024,456,2,0.31296493092454836,0.31310720681461557,0.08402703096410269
physionet_mi,1024,456,3,0.31629392971246006,0.3158781521313367,0.08797747016691992
physionet_mi,1024,456,4,0.3180400890868597,0.3184836694490536,0.09107292741530726
physionet_mi,1024,789,0,0.32180851063829785,0.32147505034174684,0.09535733762569987
physionet_mi,1024,789,1,0.3213166144200627,0.32131119708147166,0.09498044931272287
physionet_mi,1024,789,2,0.31446540880503143,0.31420571940029374,0.08577842381047274
physionet_mi,1024,789,3,0.3296,0.32972160221975566,0.10619985854682457
physionet_mi,1024,789,4,0.324165915238954,0.3244359582125981,0.09909958244253503
physionet_mi,1024,2024,0,0.3170984455958549,0.31703680322167993,0.0892820381545335
physionet_mi,1024,2024,1,0.3060021436227224,0.3057952506490115,0.07437391621112588
physionet_mi,1024,2024,2,0.3418940609951846,0.34204376595631636,0.12261993860663856
physionet_mi,1024,2024,3,0.3253968253968254,0.3259050024957833,0.10096870412272863
physionet_mi,1024,2024,4,0.30357142857142855,0.30361689148796756,0.0714379478523548
sleep_edf,1024,42,0,0.6711074104912573,0.5756919006311632,0.44443414708333884
sleep_edf,1024,42,1,0.7400491848073595,0.5946967660105128,0.504974760938417
sleep_edf,1024,42,2,0.7396089131423375,0.5852222793058488,0.5193965414250998
sleep_edf,1024,42,3,0.7241603870127453,0.4408678349638098,0.5345912077346904
sleep_edf,1024,42,4,0.7819990954319312,0.6248218802569421,0.5758153711229211
sleep_edf,1024,123,0,0.6731553578049685,0.5946917233816873,0.4334032263100107
sleep_edf,1024,123,1,0.7113420695887935,0.5759171467407129,0.5140749332165333
sleep_edf,1024,123,2,0.7176659125188537,0.5861130859853201,0.5110493731486865
sleep_edf,1024,123,3,0.6987798215261337,0.5818124108231723,0.4708538717540265
sleep_edf,1024,123,4,0.8010588657573582,0.6423516167220272,0.6024438147767219
sleep_edf,1024,456,0,0.7117342217286693,0.590232049545215,0.49168959729805484
sleep_edf,1024,456,1,0.8229596412556054,0.6449805367807946,0.6344152207350506
sleep_edf,1024,456,2,0.6994276515829011,0.5736282858757116,0.4850375877036256
sleep_edf,1024,456,3,0.6170588782438843,0.5664855813290873,0.3884420055249571
sleep_edf,1024,456,4,0.6702187324733595,0.5749486037369499,0.424865564149042
sleep_edf,1024,789,0,0.7910067358456218,0.6002331846752638,0.5905052190183748
sleep_edf,1024,789,1,0.7839455030838627,0.6450876188358593,0.5675396389951659
sleep_edf,1024,789,2,0.5984099103263382,0.5413513751351666,0.3767490260196438
sleep_edf,1024,789,3,0.7477072633895818,0.62772789564953,0.5461182729355393
sleep_edf,1024,789,4,0.615503313061632,0.5027750548834485,0.38159452289111406
sleep_edf,1024,2024,0,0.5898527914082029,0.5408667133127593,0.36805395371823957
sleep_edf,1024,2024,1,0.7418372993912562,0.6055922976186581,0.5214865102964555
sleep_edf,1024,2024,2,0.661042944785276,0.5656219979761985,0.41744219634257007
sleep_edf,1024,2024,3,0.7858237893407881,0.623661953288978,0.602971260117448
sleep_edf,1024,2024,4,0.8273140841147526,0.6459591726455652,0.662005087319393
mental_arithmetic,1024,42,0,0.638095238095238,0.638095238095238,0.2761904761904762
mental_arithmetic,1024,42,1,0.6095238095238096,0.6095238095238096,0.21904761904761905
mental_arithmetic,1024,42,2,0.638095238095238,0.638095238095238,0.2761904761904762
mental_arithmetic,1024,42,3,0.5142857142857142,0.5142857142857142,0.02857142857142858
mental_arithmetic,1024,42,4,0.6375,0.6375,0.275
mental_arithmetic,1024,123,0,0.6142857142857143,0.6142857142857143,0.22857142857142854
mental_arithmetic,1024,123,1,0.6095238095238096,0.6095238095238096,0.21904761904761905
mental_arithmetic,1024,123,2,0.5380952380952381,0.5380952380952381,0.07619047619047614
mental_arithmetic,1024,123,3,0.5619047619047619,0.5619047619047619,0.12380952380952381
mental_arithmetic,1024,123,4,0.6458333333333334,0.6458333333333333,0.29166666666666663
mental_arithmetic,1024,456,0,0.5095238095238095,0.5095238095238095,0.01904761904761909
mental_arithmetic,1024,456,1,0.638095238095238,0.638095238095238,0.2761904761904762
mental_arithmetic,1024,456,2,0.5285714285714286,0.5285714285714286,0.05714285714285716
mental_arithmetic,1024,456,3,0.6857142857142857,0.6857142857142857,0.37142857142857144
mental_arithmetic,1024,456,4,0.5958333333333333,0.5958333333333333,0.19166666666666665
mental_arithmetic,1024,789,0,0.580952380952381,0.580952380952381,0.16190476190476188
mental_arithmetic,1024,789,1,0.5714285714285714,0.5714285714285714,0.1428571428571429
mental_arithmetic,1024,789,2,0.580952380952381,0.5809523809523809,0.16190476190476188
mental_arithmetic,1024,789,3,0.6476190476190476,0.6476190476190476,0.2952380952380952
mental_arithmetic,1024,789,4,0.5333333333333333,0.5333333333333333,0.06666666666666665
mental_arithmetic,1024,2024,0,0.6333333333333333,0.6333333333333333,0.2666666666666667
mental_arithmetic,1024,2024,1,0.6047619047619047,0.6047619047619048,0.20952380952380956
mental_arithmetic,1024,2024,2,0.5380952380952381,0.5380952380952382,0.07619047619047614
mental_arithmetic,1024,2024,3,0.6428571428571429,0.6428571428571428,0.2857142857142857
mental_arithmetic,1024,2024,4,0.5791666666666667,0.5791666666666666,0.15833333333333333
epfl_p300,1024,42,0,0.6365740740740741,0.5208333333333333,0.030864197530864224
epfl_p300,1024,42,1,0.6666666666666666,0.5138888888888888,0.022624434389140302
epfl_p300,1024,42,2,0.6134259259259259,0.5444444444444445,0.06003752345215774
epfl_p300,1024,42,3,0.6099537037037037,0.5270833333333333,0.037142857142857144
epfl_p300,1024,42,4,0.5723379629629629,0.5364583333333334,0.0452196382428941
epfl_p300,1024,42,5,0.5792824074074074,0.5197916666666667,0.025469168900804307
epfl_p300,1024,42,6,0.6354166666666666,0.5090277777777777,0.013569937369519725
epfl_p300,1024,42,7,0.6510416666666666,0.515625,0.024271844660194164
epfl_p300,1024,42,8,0.5769675925925926,0.5864583333333333,0.101965601965602
epfl_p300,1024,42,9,0.5966435185185185,0.5385416666666667,0.05040871934604907
epfl_p300,1024,123,0,0.6365740740740741,0.5208333333333333,0.030864197530864224
epfl_p300,1024,123,1,0.6678240740740741,0.5145833333333334,0.023809523809523836
epfl_p300,1024,123,2,0.6128472222222222,0.5440972222222222,0.05951265229615732
epfl_p300,1024,123,3,0.6099537037037037,0.5270833333333333,0.037142857142857144
epfl_p300,1024,123,4,0.5729166666666666,0.5368055555555555,0.045689655172413746
epfl_p300,1024,123,5,0.5792824074074074,0.5197916666666667,0.025469168900804307
epfl_p300,1024,123,6,0.6394675925925926,0.5114583333333333,0.017350157728706628
epfl_p300,1024,123,7,0.6550925925925926,0.5138888888888888,0.021881838074398363
epfl_p300,1024,123,8,0.5763888888888888,0.586111111111111,0.1014729950900165
epfl_p300,1024,123,9,0.5862268518518519,0.5336805555555556,0.04326494201605702
epfl_p300,1024,456,0,0.6371527777777778,0.5197916666666667,0.02941176470588236
epfl_p300,1024,456,1,0.6649305555555556,0.5128472222222222,0.02085682074408124
epfl_p300,1024,456,2,0.6134259259259259,0.5430555555555556,0.05827067669172925
epfl_p300,1024,456,3,0.609375,0.5267361111111111,0.03663177925784977
epfl_p300,1024,456,4,0.5717592592592593,0.5361111111111111,0.044750430292599064
epfl_p300,1024,456,5,0.5792824074074074,0.5197916666666667,0.025469168900804307
epfl_p300,1024,456,6,0.640625,0.5121527777777778,0.018440463645942984
epfl_p300,1024,456,7,0.6545138888888888,0.5135416666666667,0.021311475409836023
epfl_p300,1024,456,8,0.5769675925925926,0.5864583333333333,0.101965601965602
epfl_p300,1024,456,9,0.5873842592592593,0.534375,0.0442359249329759
epfl_p300,1024,789,0,0.6365740740740741,0.5194444444444444,0.028865979381443196
epfl_p300,1024,789,1,0.6666666666666666,0.5138888888888888,0.022624434389140302
epfl_p300,1024,789,2,0.6134259259259259,0.5430555555555556,0.05827067669172925
epfl_p300,1024,789,3,0.6099537037037037,0.5270833333333333,0.037142857142857144
epfl_p300,1024,789,4,0.5729166666666666,0.5354166666666667,0.04404145077720212
epfl_p300,1024,789,5,0.5792824074074074,0.5197916666666667,0.025469168900804307
epfl_p300,1024,789,6,0.6377314814814815,0.5104166666666666,0.01572327044025157
epfl_p300,1024,789,7,0.6504629629629629,0.5125,0.01948051948051943
epfl_p300,1024,789,8,0.5763888888888888,0.586111111111111,0.1014729950900165
epfl_p300,1024,789,9,0.5868055555555556,0.5340277777777778,0.04375000000000007
epfl_p300,1024,2024,0,0.6371527777777778,0.5211805555555555,0.031410916580844495
epfl_p300,1024,2024,1,0.6666666666666666,0.5138888888888888,0.022624434389140302
epfl_p300,1024,2024,2,0.6134259259259259,0.5430555555555556,0.05827067669172925
epfl_p300,1024,2024,3,0.6087962962962963,0.5263888888888889,0.0361216730038022
epfl_p300,1024,2024,4,0.5729166666666666,0.5368055555555555,0.045689655172413746
epfl_p300,1024,2024,5,0.5769675925925926,0.5184027777777778,0.02359750667853977
epfl_p300,1024,2024,6,0.6394675925925926,0.5114583333333333,0.017350157728706628
epfl_p300,1024,2024,7,0.6516203703703703,0.5131944444444445,0.02060737527114964
epfl_p300,1024,2024,8,0.5763888888888888,0.586111111111111,0.1014729950900165
epfl_p300,1024,2024,9,0.5879629629629629,0.5347222222222222,0.04472271914132364
ssvep_nakanishi,1024,42,0,0.07777777777777778,0.07777777777777778,-0.0060606060606061
ssvep_nakanishi,1024,42,1,0.06111111111111111,0.06111111111111111,-0.0242424242424244
ssvep_nakanishi,1024,42,2,0.06111111111111111,0.061111111111111116,-0.024242424242424176
ssvep_nakanishi,1024,42,3,0.1,0.09999999999999999,0.018181818181818188
ssvep_nakanishi,1024,42,4,0.1,0.09999999999999999,0.018181818181818188
ssvep_nakanishi,1024,42,5,0.06666666666666667,0.06666666666666667,-0.0181818181818183
ssvep_nakanishi,1024,42,6,0.08333333333333333,0.08333333333333333,0.0
ssvep_nakanishi,1024,42,7,0.06666666666666667,0.06666666666666667,-0.018181818181818077
ssvep_nakanishi,1024,42,8,0.10555555555555556,0.10555555555555556,0.024242424242424288
ssvep_nakanishi,1024,123,0,0.07777777777777778,0.07777777777777778,-0.0060606060606061
ssvep_nakanishi,1024,123,1,0.06111111111111111,0.06111111111111111,-0.0242424242424244
ssvep_nakanishi,1024,123,2,0.06666666666666667,0.06666666666666667,-0.018181818181818077
ssvep_nakanishi,1024,123,3,0.1,0.09999999999999999,0.018181818181818188
ssvep_nakanishi,1024,123,4,0.1,0.09999999999999999,0.018181818181818188
ssvep_nakanishi,1024,123,5,0.06111111111111111,0.061111111111111116,-0.024242424242424176
ssvep_nakanishi,1024,123,6,0.08333333333333333,0.08333333333333333,-2.220446049250313e-16
ssvep_nakanishi,1024,123,7,0.07222222222222222,0.07222222222222223,-0.0121212121212122
ssvep_nakanishi,1024,123,8,0.1,0.09999999999999999,0.018181818181818188
ssvep_nakanishi,1024,456,0,0.07777777777777778,0.07777777777777778,-0.0060606060606061
ssvep_nakanishi,1024,456,1,0.06111111111111111,0.06111111111111111,-0.024242424242424176
ssvep_nakanishi,1024,456,2,0.06111111111111111,0.061111111111111116,-0.024242424242424176
ssvep_nakanishi,1024,456,3,0.1,0.09999999999999999,0.018181818181818188
ssvep_nakanishi,1024,456,4,0.1,0.09999999999999999,0.018181818181818188
ssvep_nakanishi,1024,456,5,0.06111111111111111,0.061111111111111116,-0.024242424242424176
ssvep_nakanishi,1024,456,6,0.08333333333333333,0.08333333333333333,0.0
ssvep_nakanishi,1024,456,7,0.06666666666666667,0.06666666666666667,-0.018181818181818077
ssvep_nakanishi,1024,456,8,0.1,0.09999999999999999,0.018181818181817966
ssvep_nakanishi,1024,789,0,0.07777777777777778,0.07777777777777778,-0.0060606060606061
ssvep_nakanishi,1024,789,1,0.05555555555555555,0.05555555555555555,-0.030303030303030276
ssvep_nakanishi,1024,789,2,0.06111111111111111,0.061111111111111116,-0.024242424242424176
ssvep_nakanishi,1024,789,3,0.1,0.09999999999999999,0.018181818181818188
ssvep_nakanishi,1024,789,4,0.1,0.09999999999999999,0.018181818181818188
ssvep_nakanishi,1024,789,5,0.06111111111111111,0.061111111111111116,-0.024242424242424176
ssvep_nakanishi,1024,789,6,0.08333333333333333,0.08333333333333333,0.0
ssvep_nakanishi,1024,789,7,0.07222222222222222,0.07222222222222223,-0.0121212121212122
ssvep_nakanishi,1024,789,8,0.1,0.09999999999999999,0.018181818181818188
ssvep_nakanishi,1024,2024,0,0.07777777777777778,0.07777777777777778,-0.0060606060606061
ssvep_nakanishi,1024,2024,1,0.06111111111111111,0.06111111111111111,-0.0242424242424244
ssvep_nakanishi,1024,2024,2,0.06111111111111111,0.061111111111111116,-0.024242424242424176
ssvep_nakanishi,1024,2024,3,0.1,0.09999999999999999,0.018181818181818188
ssvep_nakanishi,1024,2024,4,0.1,0.09999999999999999,0.018181818181818188
ssvep_nakanishi,1024,2024,5,0.06111111111111111,0.061111111111111116,-0.024242424242424176
ssvep_nakanishi,1024,2024,6,0.08333333333333333,0.08333333333333333,0.0
ssvep_nakanishi,1024,2024,7,0.07222222222222222,0.07222222222222223,-0.0121212121212122
ssvep_nakanishi,1024,2024,8,0.1,0.09999999999999999,0.018181818181818188
bci_iv_2a,2048,42,0,0.2621527777777778,0.2621527777777778,0.01620370370370372
bci_iv_2a,2048,42,1,0.2690972222222222,0.2690972222222222,0.02546296296296291
bci_iv_2a,2048,42,2,0.2899305555555556,0.2899305555555556,0.0532407407407407
bci_iv_2a,2048,42,3,0.2847222222222222,0.2847222222222222,0.04629629629629628
bci_iv_2a,2048,42,4,0.24479166666666666,0.24479166666666669,-0.00694444444444442
bci_iv_2a,2048,42,5,0.2690972222222222,0.2690972222222222,0.02546296296296291
bci_iv_2a,2048,42,6,0.2725694444444444,0.2725694444444444,0.03009259259259256
bci_iv_2a,2048,42,7,0.3020833333333333,0.30208333333333337,0.06944444444444442
bci_iv_2a,2048,42,8,0.2517361111111111,0.2517361111111111,0.0023148148148147696
bci_iv_2a,2048,123,0,0.2621527777777778,0.2621527777777778,0.01620370370370372
bci_iv_2a,2048,123,1,0.2690972222222222,0.2690972222222222,0.02546296296296291
bci_iv_2a,2048,123,2,0.2829861111111111,0.2829861111111111,0.04398148148148151
bci_iv_2a,2048,123,3,0.2899305555555556,0.2899305555555555,0.0532407407407407
bci_iv_2a,2048,123,4,0.24305555555555555,0.24305555555555558,-0.0092592592592593
bci_iv_2a,2048,123,5,0.265625,0.265625,0.02083333333333337
bci_iv_2a,2048,123,6,0.2725694444444444,0.2725694444444444,0.03009259259259256
bci_iv_2a,2048,123,7,0.2986111111111111,0.2986111111111111,0.06481481481481477
bci_iv_2a,2048,123,8,0.2517361111111111,0.2517361111111111,0.0023148148148147696
bci_iv_2a,2048,456,0,0.2604166666666667,0.2604166666666667,0.01388888888888884
bci_iv_2a,2048,456,1,0.2690972222222222,0.2690972222222222,0.02546296296296291
bci_iv_2a,2048,456,2,0.2760416666666667,0.27604166666666663,0.03472222222222221
bci_iv_2a,2048,456,3,0.2899305555555556,0.2899305555555555,0.0532407407407407
bci_iv_2a,2048,456,4,0.23958333333333334,0.23958333333333337,-0.01388888888888884
bci_iv_2a,2048,456,5,0.2708333333333333,0.27083333333333337,0.02777777777777779
bci_iv_2a,2048,456,6,0.2743055555555556,0.2743055555555556,0.03240740740740744
bci_iv_2a,2048,456,7,0.3003472222222222,0.3003472222222222,0.06712962962962965
bci_iv_2a,2048,456,8,0.2517361111111111,0.2517361111111111,0.0023148148148147696
bci_iv_2a,2048,789,0,0.2586805555555556,0.2586805555555556,0.01157407407407407
bci_iv_2a,2048,789,1,0.2708333333333333,0.2708333333333333,0.02777777777777779
bci_iv_2a,2048,789,2,0.2847222222222222,0.2847222222222222,0.04629629629629628
bci_iv_2a,2048,789,3,0.2916666666666667,0.2916666666666667,0.05555555555555558
bci_iv_2a,2048,789,4,0.24131944444444445,0.24131944444444448,-0.011574074074074181
bci_iv_2a,2048,789,5,0.2673611111111111,0.2673611111111111,0.02314814814814814
bci_iv_2a,2048,789,6,0.2777777777777778,0.2777777777777778,0.03703703703703709
bci_iv_2a,2048,789,7,0.3003472222222222,0.3003472222222222,0.06712962962962965
bci_iv_2a,2048,789,8,0.2534722222222222,0.2534722222222222,0.00462962962962965
bci_iv_2a,2048,2024,0,0.2604166666666667,0.2604166666666667,0.01388888888888884
bci_iv_2a,2048,2024,1,0.2743055555555556,0.2743055555555556,0.03240740740740744
bci_iv_2a,2048,2024,2,0.2847222222222222,0.2847222222222222,0.04629629629629628
bci_iv_2a,2048,2024,3,0.2916666666666667,0.2916666666666667,0.05555555555555558
bci_iv_2a,2048,2024,4,0.24305555555555555,0.24305555555555558,-0.0092592592592593
bci_iv_2a,2048,2024,5,0.2760416666666667,0.2760416666666667,0.03472222222222221
bci_iv_2a,2048,2024,6,0.2725694444444444,0.2725694444444444,0.03009259259259256
bci_iv_2a,2048,2024,7,0.2986111111111111,0.2986111111111111,0.06481481481481477
bci_iv_2a,2048,2024,8,0.2517361111111111,0.2517361111111111,0.0023148148148147696
physionet_mi,2048,42,0,0.3195329087048832,0.31930140110097693,0.09240711528098944
physionet_mi,2048,42,1,0.3354632587859425,0.3355451965573013,0.11400158922532455
physionet_mi,2048,42,2,0.3185935002663825,0.3189700939340019,0.09172413975750637
physionet_mi,2048,42,3,0.3238993710691824,0.3241980881085751,0.09884934251281796
physionet_mi,2048,42,4,0.3153914590747331,0.3154076248878525,0.08722979374450401
physionet_mi,2048,123,0,0.3286237571951858,0.32862706833031713,0.10479874691475222
physionet_mi,2048,123,1,0.3333333333333333,0.3340161226808717,0.11163274983161298
physionet_mi,2048,123,2,0.2873015873015873,0.2873481728940656,0.049664149937623026
physionet_mi,2048,123,3,0.32199787460148777,0.32192195541700513,0.09591956976374283
physionet_mi,2048,123,4,0.30710773357174787,0.30695256676081645,0.07586595838644938
physionet_mi,2048,456,0,0.3379383634431456,0.33816487384925004,0.11758831183785401
physionet_mi,2048,456,1,0.32914046121593293,0.3292377834993562,0.10551373516798535
physionet_mi,2048,456,2,0.30605738575983,0.30619286959717995,0.07481631963225899
physionet_mi,2048,456,3,0.31576144834930775,0.3153642838249679,0.08726613660277505
physionet_mi,2048,456,4,0.31714922048997773,0.31755014711199525,0.08984344318676762
physionet_mi,2048,789,0,0.3159574468085106,0.31561341735428433,0.08751848415929253
physionet_mi,2048,789,1,0.32497387669801464,0.3249439266879195,0.09984591488808725
physionet_mi,2048,789,2,0.3165618448637317,0.31627524543097324,0.08860292097541678
physionet_mi,2048,789,3,0.3258666666666667,0.3259287636907574,0.10120438612259564
physionet_mi,2048,789,4,0.324165915238954,0.32445060995296354,0.09909372369926339
physionet_mi,2048,2024,0,0.31917098445595854,0.3191099052622137,0.09206450587360893
physionet_mi,2048,2024,1,0.304930332261522,0.30475334070809207,0.07293727565135077
physionet_mi,2048,2024,2,0.34135901551631886,0.3415187547031176,0.12189790800216938
physionet_mi,2048,2024,3,0.32222222222222224,0.32259318009626964,0.09669213569336288
physionet_mi,2048,2024,4,0.3049107142857143,0.304914508474271,0.07322610680986219
sleep_edf,2048,42,0,0.6629660468128411,0.5509009022927264,0.41312661574036214
sleep_edf,2048,42,1,0.741051097549868,0.5913995144553978,0.506514545224034
sleep_edf,2048,42,2,0.7681673487949068,0.613966838847076,0.5681851493558727
sleep_edf,2048,42,3,0.6871336868545911,0.5991482448100897,0.4971381200599603
sleep_edf,2048,42,4,0.8081411126187246,0.6547640046731311,0.6257072565620718
sleep_edf,2048,123,0,0.6801075268817204,0.595884107239849,0.4438881458589906
sleep_edf,2048,123,1,0.7004970628106643,0.5881148029657937,0.5012042296167848
sleep_edf,2048,123,2,0.7351998491704375,0.5692447082107603,0.5355522863167392
sleep_edf,2048,123,3,0.5677472227281005,0.5377467245991999,0.32567051582675777
sleep_edf,2048,123,4,0.8010588657573582,0.6408569436462705,0.6035893718734
sleep_edf,2048,456,0,0.7714232833610957,0.62319394166375,0.5901252237234804
sleep_edf,2048,456,1,0.8181165919282511,0.6363027483937014,0.6253862362633584
sleep_edf,2048,456,2,0.7174923984975854,0.5950805637638968,0.5165984553922323
sleep_edf,2048,456,3,0.6639382383034136,0.6007136082515173,0.44519190570221645
sleep_edf,2048,456,4,0.6691905028977378,0.5783096465340026,0.42487295934395186
sleep_edf,2048,789,0,0.8070271254323684,0.6349666991760584,0.622782063104341
sleep_edf,2048,789,1,0.8044739022369511,0.6814204796676504,0.6041412910666095
sleep_edf,2048,789,2,0.5983174632522881,0.5341131995195468,0.37397150382027
sleep_edf,2048,789,3,0.7157006603081438,0.5674970890322268,0.49121314486657497
sleep_edf,2048,789,4,0.7243351184532995,0.4400902228007837,0.5275448274685679
sleep_edf,2048,2024,0,0.5853161744282936,0.5294102967559656,0.36583753658718143
sleep_edf,2048,2024,1,0.7388858144253828,0.6034239254496728,0.515794093722249
sleep_edf,2048,2024,2,0.6684409960303139,0.5847997010824093,0.42678720219476796
sleep_edf,2048,2024,3,0.7892506087113356,0.6208365544950338,0.607248719018959
sleep_edf,2048,2024,4,0.7941695292916163,0.6402529118526423,0.6104551997346972
mental_arithmetic,2048,42,0,0.638095238095238,0.638095238095238,0.2761904761904762
mental_arithmetic,2048,42,1,0.5904761904761905,0.5904761904761904,0.18095238095238098
mental_arithmetic,2048,42,2,0.6333333333333333,0.6333333333333333,0.2666666666666667
mental_arithmetic,2048,42,3,0.5285714285714286,0.5285714285714286,0.05714285714285716
mental_arithmetic,2048,42,4,0.6625,0.6625,0.32499999999999996
mental_arithmetic,2048,123,0,0.5904761904761905,0.5904761904761905,0.18095238095238098
mental_arithmetic,2048,123,1,0.5952380952380952,0.5952380952380952,0.19047619047619047
mental_arithmetic,2048,123,2,0.5476190476190477,0.5476190476190477,0.09523809523809523
mental_arithmetic,2048,123,3,0.580952380952381,0.5809523809523809,0.16190476190476188
mental_arithmetic,2048,123,4,0.6166666666666667,0.6166666666666667,0.23333333333333328
mental_arithmetic,2048,456,0,0.5142857142857142,0.5142857142857142,0.02857142857142858
mental_arithmetic,2048,456,1,0.6142857142857143,0.6142857142857143,0.22857142857142854
mental_arithmetic,2048,456,2,0.5142857142857142,0.5142857142857142,0.02857142857142858
mental_arithmetic,2048,456,3,0.6952380952380952,0.6952380952380952,0.3904761904761904
mental_arithmetic,2048,456,4,0.5958333333333333,0.5958333333333333,0.19166666666666665
mental_arithmetic,2048,789,0,0.6,0.6,0.19999999999999996
mental_arithmetic,2048,789,1,0.5523809523809524,0.5523809523809524,0.10476190476190472
mental_arithmetic,2048,789,2,0.6047619047619047,0.6047619047619047,0.20952380952380956
mental_arithmetic,2048,789,3,0.6619047619047619,0.661904761904762,0.32380952380952377
mental_arithmetic,2048,789,4,0.49583333333333335,0.49583333333333335,-0.008333333333333304
mental_arithmetic,2048,2024,0,0.638095238095238,0.638095238095238,0.2761904761904762
mental_arithmetic,2048,2024,1,0.6,0.6,0.19999999999999996
mental_arithmetic,2048,2024,2,0.5285714285714286,0.5285714285714286,0.05714285714285716
mental_arithmetic,2048,2024,3,0.6428571428571429,0.6428571428571428,0.2857142857142857
mental_arithmetic,2048,2024,4,0.5791666666666667,0.5791666666666666,0.15833333333333333
epfl_p300,2048,42,0,0.6325231481481481,0.5184027777777778,0.027068437180796656
epfl_p300,2048,42,1,0.6603009259259259,0.5045138888888889,0.007328072153325871
epfl_p300,2048,42,2,0.6099537037037037,0.5368055555555555,0.04981203007518786
epfl_p300,2048,42,3,0.6041666666666666,0.5194444444444445,0.026565464895635826
epfl_p300,2048,42,4,0.5740740740740741,0.5347222222222222,0.04332755632582308
epfl_p300,2048,42,5,0.5659722222222222,0.51875,0.0234375
epfl_p300,2048,42,6,0.625,0.5027777777777778,0.004098360655737654
epfl_p300,2048,42,7,0.6446759259259259,0.5076388888888889,0.01180257510729621
epfl_p300,2048,42,8,0.5734953703703703,0.584375,0.09902200488997559
epfl_p300,2048,42,9,0.5734953703703703,0.5274305555555555,0.0344978165938864
epfl_p300,2048,123,0,0.6325231481481481,0.5184027777777778,0.027068437180796656
epfl_p300,2048,123,1,0.6603009259259259,0.5045138888888889,0.007328072153325871
epfl_p300,2048,123,2,0.6070601851851852,0.5364583333333334,0.0490196078431373
epfl_p300,2048,123,3,0.6030092592592593,0.51875,0.025568181818181768
epfl_p300,2048,123,4,0.5740740740740741,0.5347222222222222,0.04332755632582308
epfl_p300,2048,123,5,0.5659722222222222,0.51875,0.0234375
epfl_p300,2048,123,6,0.625,0.5041666666666667,0.006134969325153339
epfl_p300,2048,123,7,0.6458333333333334,0.5069444444444444,0.010775862068965414
epfl_p300,2048,123,8,0.5734953703703703,0.584375,0.09902200488997559
epfl_p300,2048,123,9,0.5729166666666666,0.5270833333333333,0.03403141361256545
epfl_p300,2048,456,0,0.6325231481481481,0.5184027777777778,0.027068437180796656
epfl_p300,2048,456,1,0.6603009259259259,0.5045138888888889,0.007328072153325871
epfl_p300,2048,456,2,0.6070601851851852,0.5364583333333334,0.0490196078431373
epfl_p300,2048,456,3,0.6053240740740741,0.5201388888888889,0.027566539923954303
epfl_p300,2048,456,4,0.5815972222222222,0.5364583333333333,0.04617414248021112
epfl_p300,2048,456,5,0.5665509259259259,0.5190972222222222,0.02389226759339691
epfl_p300,2048,456,6,0.625,0.5027777777777778,0.004098360655737654
epfl_p300,2048,456,7,0.6458333333333334,0.5069444444444444,0.010775862068965414
epfl_p300,2048,456,8,0.5740740740740741,0.5847222222222221,0.09951060358890695
epfl_p300,2048,456,9,0.5729166666666666,0.5270833333333333,0.03403141361256545
epfl_p300,2048,789,0,0.6325231481481481,0.5184027777777778,0.027068437180796656
epfl_p300,2048,789,1,0.6603009259259259,0.5045138888888889,0.007328072153325871
epfl_p300,2048,789,2,0.6070601851851852,0.5364583333333334,0.0490196078431373
epfl_p300,2048,789,3,0.6035879629629629,0.5190972222222222,0.026066350710900354
epfl_p300,2048,789,4,0.5758101851851852,0.5357638888888889,0.044743701129452584
epfl_p300,2048,789,5,0.5659722222222222,0.51875,0.0234375
epfl_p300,2048,789,6,0.6232638888888888,0.5059027777777778,0.008629441624365408
epfl_p300,2048,789,7,0.6452546296296297,0.5079861111111111,0.01235230934479048
epfl_p300,2048,789,8,0.5734953703703703,0.584375,0.09902200488997559
epfl_p300,2048,789,9,0.5729166666666666,0.5270833333333333,0.03403141361256545
epfl_p300,2048,2024,0,0.6325231481481481,0.5184027777777778,0.027068437180796656
epfl_p300,2048,2024,1,0.6620370370370371,0.5055555555555555,0.009049773755656187
epfl_p300,2048,2024,2,0.6059027777777778,0.5357638888888889,0.0479962721342031
epfl_p300,2048,2024,3,0.6047453703703703,0.5197916666666667,0.027065527065527117
epfl_p300,2048,2024,4,0.5740740740740741,0.5347222222222222,0.04332755632582308
epfl_p300,2048,2024,5,0.5671296296296297,0.5180555555555555,0.022648083623693305
epfl_p300,2048,2024,6,0.625,0.5027777777777778,0.004098360655737654
epfl_p300,2048,2024,7,0.6452546296296297,0.5065972222222223,0.010226049515608238
epfl_p300,2048,2024,8,0.5734953703703703,0.5857638888888889,0.10048820179007312
epfl_p300,2048,2024,9,0.5717592592592593,0.5263888888888889,0.0331010452961672
ssvep_nakanishi,2048,42,0,0.06666666666666667,0.06666666666666667,-0.018181818181818077
ssvep_nakanishi,2048,42,1,0.05555555555555555,0.05555555555555555,-0.030303030303030276
ssvep_nakanishi,2048,42,2,0.06111111111111111,0.061111111111111116,-0.0242424242424244
ssvep_nakanishi,2048,42,3,0.10555555555555556,0.10555555555555556,0.024242424242424288
ssvep_nakanishi,2048,42,4,0.1,0.09999999999999999,0.018181818181818188
ssvep_nakanishi,2048,42,5,0.06666666666666667,0.06666666666666667,-0.018181818181818077
ssvep_nakanishi,2048,42,6,0.08333333333333333,0.08333333333333333,0.0
ssvep_nakanishi,2048,42,7,0.07777777777777778,0.07777777777777778,-0.0060606060606061
ssvep_nakanishi,2048,42,8,0.11666666666666667,0.11666666666666665,0.036363636363636376
ssvep_nakanishi,2048,123,0,0.06666666666666667,0.06666666666666667,-0.018181818181818077
ssvep_nakanishi,2048,123,1,0.05555555555555555,0.05555555555555555,-0.030303030303030276
ssvep_nakanishi,2048,123,2,0.06111111111111111,0.061111111111111116,-0.0242424242424244
ssvep_nakanishi,2048,123,3,0.10555555555555556,0.10555555555555556,0.024242424242424288
ssvep_nakanishi,2048,123,4,0.09444444444444444,0.09444444444444444,0.012121212121212088
ssvep_nakanishi,2048,123,5,0.06666666666666667,0.06666666666666667,-0.018181818181818077
ssvep_nakanishi,2048,123,6,0.07777777777777778,0.07777777777777778,-0.006060606060605878
ssvep_nakanishi,2048,123,7,0.07777777777777778,0.07777777777777778,-0.0060606060606061
ssvep_nakanishi,2048,123,8,0.11666666666666667,0.11666666666666665,0.036363636363636376
ssvep_nakanishi,2048,456,0,0.06666666666666667,0.06666666666666667,-0.018181818181818077
ssvep_nakanishi,2048,456,1,0.05555555555555555,0.05555555555555555,-0.030303030303030276
ssvep_nakanishi,2048,456,2,0.06111111111111111,0.061111111111111116,-0.0242424242424244
ssvep_nakanishi,2048,456,3,0.1,0.09999999999999999,0.018181818181818188
ssvep_nakanishi,2048,456,4,0.09444444444444444,0.09444444444444444,0.012121212121212088
ssvep_nakanishi,2048,456,5,0.06666666666666667,0.06666666666666667,-0.018181818181818077
ssvep_nakanishi,2048,456,6,0.07777777777777778,0.07777777777777778,-0.0060606060606061
ssvep_nakanishi,2048,456,7,0.07777777777777778,0.07777777777777778,-0.0060606060606061
ssvep_nakanishi,2048,456,8,0.11666666666666667,0.11666666666666665,0.036363636363636376
ssvep_nakanishi,2048,789,0,0.06666666666666667,0.06666666666666667,-0.018181818181818077
ssvep_nakanishi,2048,789,1,0.05555555555555555,0.05555555555555555,-0.030303030303030276
ssvep_nakanishi,2048,789,2,0.06111111111111111,0.061111111111111116,-0.0242424242424244
ssvep_nakanishi,2048,789,3,0.1,0.09999999999999999,0.018181818181818188
ssvep_nakanishi,2048,789,4,0.09444444444444444,0.09444444444444444,0.012121212121212088
ssvep_nakanishi,2048,789,5,0.06666666666666667,0.06666666666666667,-0.018181818181818077
ssvep_nakanishi,2048,789,6,0.07777777777777778,0.07777777777777778,-0.006060606060605878
ssvep_nakanishi,2048,789,7,0.07777777777777778,0.07777777777777778,-0.0060606060606061
ssvep_nakanishi,2048,789,8,0.11666666666666667,0.11666666666666665,0.036363636363636376
ssvep_nakanishi,2048,2024,0,0.06666666666666667,0.06666666666666667,-0.018181818181818077
ssvep_nakanishi,2048,2024,1,0.05555555555555555,0.05555555555555555,-0.030303030303030276
ssvep_nakanishi,2048,2024,2,0.06111111111111111,0.061111111111111116,-0.0242424242424244
ssvep_nakanishi,2048,2024,3,0.1,0.09999999999999999,0.018181818181818188
ssvep_nakanishi,2048,2024,4,0.1,0.09999999999999999,0.018181818181818188
ssvep_nakanishi,2048,2024,5,0.06666666666666667,0.06666666666666667,-0.018181818181818077
ssvep_nakanishi,2048,2024,6,0.07777777777777778,0.07777777777777778,-0.0060606060606061
ssvep_nakanishi,2048,2024,7,0.07777777777777778,0.07777777777777778,-0.0060606060606061
ssvep_nakanishi,2048,2024,8,0.11666666666666667,0.11666666666666665,0.036363636363636376
bci_iv_2a,4096,42,0,0.2673611111111111,0.2673611111111111,0.02314814814814814
bci_iv_2a,4096,42,1,0.265625,0.265625,0.02083333333333337
bci_iv_2a,4096,42,2,0.2829861111111111,0.2829861111111111,0.04398148148148151
bci_iv_2a,4096,42,3,0.2986111111111111,0.29861111111111116,0.06481481481481477
bci_iv_2a,4096,42,4,0.24479166666666666,0.24479166666666666,-0.00694444444444442
bci_iv_2a,4096,42,5,0.2725694444444444,0.2725694444444444,0.03009259259259256
bci_iv_2a,4096,42,6,0.2690972222222222,0.2690972222222222,0.02546296296296291
bci_iv_2a,4096,42,7,0.296875,0.29687500000000006,0.0625
bci_iv_2a,4096,42,8,0.24479166666666666,0.24479166666666666,-0.00694444444444442
bci_iv_2a,4096,123,0,0.2673611111111111,0.2673611111111111,0.02314814814814814
bci_iv_2a,4096,123,1,0.2708333333333333,0.2708333333333333,0.02777777777777779
bci_iv_2a,4096,123,2,0.2829861111111111,0.2829861111111111,0.04398148148148151
bci_iv_2a,4096,123,3,0.3003472222222222,0.30034722222222227,0.06712962962962965
bci_iv_2a,4096,123,4,0.2482638888888889,0.24826388888888887,-0.0023148148148148806
bci_iv_2a,4096,123,5,0.2690972222222222,0.2690972222222222,0.02546296296296291
bci_iv_2a,4096,123,6,0.2743055555555556,0.2743055555555556,0.03240740740740744
bci_iv_2a,4096,123,7,0.3003472222222222,0.30034722222222227,0.06712962962962965
bci_iv_2a,4096,123,8,0.2361111111111111,0.2361111111111111,-0.0185185185185186
bci_iv_2a,4096,456,0,0.2690972222222222,0.2690972222222222,0.02546296296296291
bci_iv_2a,4096,456,1,0.2690972222222222,0.2690972222222222,0.02546296296296291
bci_iv_2a,4096,456,2,0.28125,0.28125,0.04166666666666663
bci_iv_2a,4096,456,3,0.3003472222222222,0.3003472222222222,0.06712962962962965
bci_iv_2a,4096,456,4,0.24305555555555555,0.24305555555555555,-0.0092592592592593
bci_iv_2a,4096,456,5,0.2725694444444444,0.2725694444444444,0.03009259259259256
bci_iv_2a,4096,456,6,0.2673611111111111,0.2673611111111111,0.02314814814814814
bci_iv_2a,4096,456,7,0.296875,0.29687500000000006,0.0625
bci_iv_2a,4096,456,8,0.2378472222222222,0.2378472222222222,-0.01620370370370372
bci_iv_2a,4096,789,0,0.2760416666666667,0.2760416666666667,0.03472222222222221
bci_iv_2a,4096,789,1,0.2708333333333333,0.2708333333333333,0.02777777777777779
bci_iv_2a,4096,789,2,0.28125,0.28125,0.04166666666666663
bci_iv_2a,4096,789,3,0.296875,0.296875,0.0625
bci_iv_2a,4096,789,4,0.2482638888888889,0.2482638888888889,-0.0023148148148148806
bci_iv_2a,4096,789,5,0.2690972222222222,0.2690972222222222,0.02546296296296291
bci_iv_2a,4096,789,6,0.2673611111111111,0.2673611111111111,0.02314814814814814
bci_iv_2a,4096,789,7,0.296875,0.29687500000000006,0.0625
bci_iv_2a,4096,789,8,0.2361111111111111,0.2361111111111111,-0.0185185185185186
bci_iv_2a,4096,2024,0,0.2743055555555556,0.2743055555555556,0.03240740740740744
bci_iv_2a,4096,2024,1,0.2690972222222222,0.2690972222222222,0.02546296296296291
bci_iv_2a,4096,2024,2,0.2829861111111111,0.28298611111111116,0.04398148148148151
bci_iv_2a,4096,2024,3,0.2934027777777778,0.2934027777777778,0.05787037037037035
bci_iv_2a,4096,2024,4,0.2465277777777778,0.24652777777777776,-0.004629629629629539
bci_iv_2a,4096,2024,5,0.2725694444444444,0.2725694444444445,0.03009259259259256
bci_iv_2a,4096,2024,6,0.2725694444444444,0.2725694444444444,0.03009259259259256
bci_iv_2a,4096,2024,7,0.2951388888888889,0.2951388888888889,0.06018518518518523
bci_iv_2a,4096,2024,8,0.2361111111111111,0.2361111111111111,-0.0185185185185186
physionet_mi,4096,42,0,0.3232484076433121,0.3230531173986883,0.09739329618846804
physionet_mi,4096,42,1,0.33812566560170393,0.3382105190634944,0.11755993558483979
physionet_mi,4096,42,2,0.3271177410761854,0.32755912805290355,0.10313261253067718
physionet_mi,4096,42,3,0.32337526205450734,0.3236644584246581,0.09816761546175368
physionet_mi,4096,42,4,0.31494661921708184,0.3149887508910792,0.08664079723168205
physionet_mi,4096,123,0,0.31815803244374674,0.31817005230780354,0.09085555200584172
physionet_mi,4096,123,1,0.33013333333333333,0.3308025535172376,0.10738212042798656
physionet_mi,4096,123,2,0.29153439153439153,0.2915711122308468,0.05526916714916563
physionet_mi,4096,123,3,0.3230605738575983,0.32298465111856367,0.09733186607489408
physionet_mi,4096,123,4,0.3169423334823424,0.31679149377328936,0.08899095503690935
physionet_mi,4096,456,0,0.33103081827842723,0.331244787322135,0.10838847960359399
physionet_mi,4096,456,1,0.32914046121593293,0.3292662889936219,0.10551570083209638
physionet_mi,4096,456,2,0.3012752391073326,0.30144820603437966,0.06845360203862705
physionet_mi,4096,456,3,0.3168264110756124,0.31642840472129896,0.0887311953048443
physionet_mi,4096,456,4,0.3224944320712695,0.32282971979553765,0.09692138511487092
physionet_mi,4096,789,0,0.3180851063829787,0.31772542449845514,0.09039032873602082
physionet_mi,4096,789,1,0.32027168234064785,0.32025956644887354,0.09358473011355872
physionet_mi,4096,789,2,0.32075471698113206,0.3204926844718186,0.09419962299344387
physionet_mi,4096,789,3,0.3253333333333333,0.3254343508576708,0.10048478536974403
physionet_mi,4096,789,4,0.3255184851217313,0.32577752278554833,0.10088991664449232
physionet_mi,4096,2024,0,0.3150259067357513,0.3149843886912215,0.0865079603764154
physionet_mi,4096,2024,1,0.3145766345123258,0.3144279825303495,0.08582773167021818
physionet_mi,4096,2024,2,0.3402889245585875,0.340433291690868,0.12049878463893537
physionet_mi,4096,2024,3,0.31957671957671957,0.31991592976271116,0.09309122631973477
physionet_mi,4096,2024,4,0.30178571428571427,0.3017966655716779,0.06906938825835274
sleep_edf,4096,42,0,0.6389120177629753,0.5727461376131548,0.4167822122607805
sleep_edf,4096,42,1,0.5990527370434465,0.46645080430044744,0.3312980977200889
sleep_edf,4096,42,2,0.730150068212824,0.5611327349759712,0.49428914856842165
sleep_edf,4096,42,3,0.46822960275374453,0.4627991460853688,0.2674170898077205
sleep_edf,4096,42,4,0.7838986883763003,0.6430957653100561,0.5820707091286814
sleep_edf,4096,123,0,0.6627734519836855,0.5540289639469421,0.42386616262150467
sleep_edf,4096,123,1,0.6810664256665161,0.5460682648337599,0.4628684960485432
sleep_edf,4096,123,2,0.7328431372549019,0.5973030923610283,0.5327113692980525
sleep_edf,4096,123,3,0.6771990529958113,0.5567992222501358,0.4368386881181413
sleep_edf,4096,123,4,0.8185570710696339,0.6608253959769281,0.6375752629276727
sleep_edf,4096,456,0,0.738015917083102,0.6237083552701488,0.5358980767276653
sleep_edf,4096,456,1,0.8247533632286995,0.6405058477632134,0.6386473861017625
sleep_edf,4096,456,2,0.752727597925237,0.5724790934257512,0.5757407168517928
sleep_edf,4096,456,3,0.6163147614175426,0.5521468541232019,0.3839264444887378
sleep_edf,4096,456,4,0.6784445690783324,0.5815341305609575,0.43569799549467625
sleep_edf,4096,789,0,0.6941561987984708,0.5389478075109378,0.4462660827789976
sleep_edf,4096,789,1,0.8195710208966216,0.6851741649118422,0.63036715930259
sleep_edf,4096,789,2,0.5714153647037071,0.5294988401815596,0.34373906084260464
sleep_edf,4096,789,3,0.7672413793103449,0.6386218361586544,0.5765058522905663
sleep_edf,4096,789,4,0.7064536625215576,0.5883957213546785,0.5077050378556391
sleep_edf,4096,2024,0,0.5026386445699472,0.4806299703533073,0.27871553698301077
sleep_edf,4096,2024,1,0.7548422800221362,0.6088752869214352,0.5389696170990512
sleep_edf,4096,2024,2,0.6645615301335258,0.5816626969501864,0.4208336626634738
sleep_edf,4096,2024,3,0.7837496618270358,0.6321392764126355,0.6017055258613122
sleep_edf,4096,2024,4,0.8176585275276205,0.6482312131872359,0.6520570471171891
mental_arithmetic,4096,42,0,0.6333333333333333,0.6333333333333333,0.2666666666666667
mental_arithmetic,4096,42,1,0.5952380952380952,0.5952380952380952,0.19047619047619047
mental_arithmetic,4096,42,2,0.638095238095238,0.638095238095238,0.2761904761904762
mental_arithmetic,4096,42,3,0.5428571428571428,0.5428571428571428,0.08571428571428574
mental_arithmetic,4096,42,4,0.6583333333333333,0.6583333333333333,0.31666666666666665
mental_arithmetic,4096,123,0,0.6142857142857143,0.6142857142857143,0.22857142857142854
mental_arithmetic,4096,123,1,0.6190476190476191,0.6190476190476191,0.23809523809523814
mental_arithmetic,4096,123,2,0.5476190476190477,0.5476190476190477,0.09523809523809523
mental_arithmetic,4096,123,3,0.5904761904761905,0.5904761904761905,0.18095238095238098
mental_arithmetic,4096,123,4,0.6208333333333333,0.6208333333333333,0.2416666666666667
mental_arithmetic,4096,456,0,0.5380952380952381,0.5380952380952381,0.07619047619047614
mental_arithmetic,4096,456,1,0.6714285714285714,0.6714285714285715,0.34285714285714286
mental_arithmetic,4096,456,2,0.5190476190476191,0.5190476190476191,0.03809523809523807
mental_arithmetic,4096,456,3,0.6714285714285714,0.6714285714285715,0.34285714285714286
mental_arithmetic,4096,456,4,0.6041666666666666,0.6041666666666666,0.20833333333333337
mental_arithmetic,4096,789,0,0.5952380952380952,0.5952380952380952,0.19047619047619047
mental_arithmetic,4096,789,1,0.5571428571428572,0.5571428571428572,0.11428571428571432
mental_arithmetic,4096,789,2,0.5619047619047619,0.5619047619047619,0.12380952380952381
mental_arithmetic,4096,789,3,0.6714285714285714,0.6714285714285715,0.34285714285714286
mental_arithmetic,4096,789,4,0.5083333333333333,0.5083333333333333,0.01666666666666672
mental_arithmetic,4096,2024,0,0.6476190476190476,0.6476190476190476,0.2952380952380952
mental_arithmetic,4096,2024,1,0.6095238095238096,0.6095238095238096,0.21904761904761905
mental_arithmetic,4096,2024,2,0.5476190476190477,0.5476190476190477,0.09523809523809523
mental_arithmetic,4096,2024,3,0.6666666666666666,0.6666666666666667,0.33333333333333337
mental_arithmetic,4096,2024,4,0.6083333333333333,0.6083333333333334,0.21666666666666667
epfl_p300,4096,42,0,0.6336805555555556,0.5149305555555556,0.02214212152420192
epfl_p300,4096,42,1,0.6493055555555556,0.49930555555555556,-0.0011013215859030367
epfl_p300,4096,42,2,0.6203703703703703,0.5347222222222222,0.04835589941972929
epfl_p300,4096,42,3,0.6047453703703703,0.528125,0.038028169014084456
epfl_p300,4096,42,4,0.5677083333333334,0.5434027777777778,0.05283178360101448
epfl_p300,4096,42,5,0.5694444444444444,0.5208333333333334,0.02617801047120416
epfl_p300,4096,42,6,0.6342592592592593,0.5166666666666666,0.024691358024691357
epfl_p300,4096,42,7,0.6481481481481481,0.5097222222222222,0.015118790496760348
epfl_p300,4096,42,8,0.5723379629629629,0.5767361111111111,0.09064807219032
epfl_p300,4096,42,9,0.5746527777777778,0.5239583333333333,0.03034300791556732
epfl_p300,4096,123,0,0.6302083333333334,0.5128472222222222,0.01893551688843409
epfl_p300,4096,123,1,0.6498842592592593,0.4996527777777778,-0.0005512679162074097
epfl_p300,4096,123,2,0.6209490740740741,0.5350694444444444,0.048886737657308776
epfl_p300,4096,123,3,0.6059027777777778,0.5302083333333334,0.04084507042253516
epfl_p300,4096,123,4,0.5688657407407407,0.5440972222222222,0.0537679932260795
epfl_p300,4096,123,5,0.5688657407407407,0.5204861111111111,0.025719267654751632
epfl_p300,4096,123,6,0.6319444444444444,0.5152777777777777,0.02254098360655732
epfl_p300,4096,123,7,0.6510416666666666,0.5114583333333333,0.01791530944625408
epfl_p300,4096,123,8,0.5717592592592593,0.5763888888888888,0.09016393442622939
epfl_p300,4096,123,9,0.5734953703703703,0.5204861111111111,0.025991189427312822
epfl_p300,4096,456,0,0.6336805555555556,0.5149305555555556,0.02214212152420192
epfl_p300,4096,456,1,0.6498842592592593,0.4996527777777778,-0.0005512679162074097
epfl_p300,4096,456,2,0.6203703703703703,0.5347222222222222,0.04835589941972929
epfl_p300,4096,456,3,0.6053240740740741,0.5284722222222222,0.03853383458646609
epfl_p300,4096,456,4,0.5682870370370371,0.54375,0.053299492385786795
epfl_p300,4096,456,5,0.5694444444444444,0.5208333333333334,0.02617801047120416
epfl_p300,4096,456,6,0.6325231481481481,0.515625,0.023076923076923106
epfl_p300,4096,456,7,0.6481481481481481,0.5097222222222222,0.015118790496760348
epfl_p300,4096,456,8,0.5723379629629629,0.5767361111111111,0.09064807219032
epfl_p300,4096,456,9,0.5746527777777778,0.5211805555555555,0.026919682259488042
epfl_p300,4096,789,0,0.6331018518518519,0.5145833333333334,0.021604938271604923
epfl_p300,4096,789,1,0.6516203703703703,0.5006944444444444,0.0011061946902654052
epfl_p300,4096,789,2,0.6203703703703703,0.5319444444444444,0.044660194174757195
epfl_p300,4096,789,3,0.6047453703703703,0.529513888888889,0.039831302717900585
epfl_p300,4096,789,4,0.5688657407407407,0.5440972222222222,0.0537679932260795
epfl_p300,4096,789,5,0.5688657407407407,0.5204861111111111,0.025719267654751632
epfl_p300,4096,789,6,0.6319444444444444,0.5152777777777777,0.02254098360655732
epfl_p300,4096,789,7,0.6498842592592593,0.5107638888888889,0.01679306608884079
epfl_p300,4096,789,8,0.5723379629629629,0.5767361111111111,0.09064807219032
epfl_p300,4096,789,9,0.5746527777777778,0.5239583333333333,0.03034300791556732
epfl_p300,4096,2024,0,0.6302083333333334,0.5128472222222222,0.01893551688843409
epfl_p300,4096,2024,1,0.6498842592592593,0.4996527777777778,-0.0005512679162074097
epfl_p300,4096,2024,2,0.6192129629629629,0.5340277777777778,0.04729729729729726
epfl_p300,4096,2024,3,0.6041666666666666,0.5291666666666667,0.0393258426966292
epfl_p300,4096,2024,4,0.5694444444444444,0.5416666666666667,0.05102040816326525
epfl_p300,4096,2024,5,0.5682870370370371,0.5201388888888889,0.025261324041811695
epfl_p300,4096,2024,6,0.6377314814814815,0.51875,0.02795031055900621
epfl_p300,4096,2024,7,0.6493055555555556,0.5104166666666666,0.016233766233766267
epfl_p300,4096,2024,8,0.5723379629629629,0.5767361111111111,0.09064807219032
epfl_p300,4096,2024,9,0.5752314814814815,0.5215277777777778,0.02738515901060079
ssvep_nakanishi,4096,42,0,0.06111111111111111,0.061111111111111116,-0.024242424242424176
ssvep_nakanishi,4096,42,1,0.05555555555555555,0.05555555555555555,-0.030303030303030276
ssvep_nakanishi,4096,42,2,0.044444444444444446,0.044444444444444446,-0.042424242424242475
ssvep_nakanishi,4096,42,3,0.10555555555555556,0.10555555555555556,0.024242424242424288
ssvep_nakanishi,4096,42,4,0.09444444444444444,0.09444444444444444,0.012121212121212088
ssvep_nakanishi,4096,42,5,0.06666666666666667,0.06666666666666667,-0.018181818181818077
ssvep_nakanishi,4096,42,6,0.08333333333333333,0.08333333333333333,-2.220446049250313e-16
ssvep_nakanishi,4096,42,7,0.06666666666666667,0.06666666666666667,-0.018181818181818077
ssvep_nakanishi,4096,42,8,0.11666666666666667,0.11666666666666665,0.036363636363636376
ssvep_nakanishi,4096,123,0,0.06111111111111111,0.061111111111111116,-0.024242424242424176
ssvep_nakanishi,4096,123,1,0.05555555555555555,0.05555555555555555,-0.030303030303030276
ssvep_nakanishi,4096,123,2,0.044444444444444446,0.044444444444444446,-0.0424242424242427
ssvep_nakanishi,4096,123,3,0.10555555555555556,0.10555555555555556,0.024242424242424288
ssvep_nakanishi,4096,123,4,0.09444444444444444,0.09444444444444444,0.012121212121212088
ssvep_nakanishi,4096,123,5,0.06666666666666667,0.06666666666666667,-0.018181818181818077
ssvep_nakanishi,4096,123,6,0.08333333333333333,0.08333333333333333,-2.220446049250313e-16
ssvep_nakanishi,4096,123,7,0.06666666666666667,0.06666666666666667,-0.018181818181818077
ssvep_nakanishi,4096,123,8,0.11666666666666667,0.11666666666666665,0.036363636363636376
ssvep_nakanishi,4096,456,0,0.06111111111111111,0.061111111111111116,-0.024242424242424176
ssvep_nakanishi,4096,456,1,0.05555555555555555,0.05555555555555555,-0.030303030303030276
ssvep_nakanishi,4096,456,2,0.044444444444444446,0.044444444444444446,-0.042424242424242475
ssvep_nakanishi,4096,456,3,0.10555555555555556,0.10555555555555556,0.0242424242424244
ssvep_nakanishi,4096,456,4,0.09444444444444444,0.09444444444444444,0.012121212121212088
ssvep_nakanishi,4096,456,5,0.06666666666666667,0.06666666666666667,-0.018181818181818077
ssvep_nakanishi,4096,456,6,0.08333333333333333,0.08333333333333333,-2.220446049250313e-16
ssvep_nakanishi,4096,456,7,0.06666666666666667,0.06666666666666667,-0.018181818181818077
ssvep_nakanishi,4096,456,8,0.1111111111111111,0.1111111111111111,0.030303030303030276
ssvep_nakanishi,4096,789,0,0.06111111111111111,0.061111111111111116,-0.024242424242424176
ssvep_nakanishi,4096,789,1,0.05555555555555555,0.05555555555555555,-0.030303030303030276
ssvep_nakanishi,4096,789,2,0.044444444444444446,0.044444444444444446,-0.042424242424242475
ssvep_nakanishi,4096,789,3,0.10555555555555556,0.10555555555555556,0.024242424242424288
ssvep_nakanishi,4096,789,4,0.09444444444444444,0.09444444444444444,0.012121212121212088
ssvep_nakanishi,4096,789,5,0.06666666666666667,0.06666666666666667,-0.018181818181818077
ssvep_nakanishi,4096,789,6,0.08333333333333333,0.08333333333333333,-2.220446049250313e-16
ssvep_nakanishi,4096,789,7,0.06666666666666667,0.06666666666666667,-0.018181818181818077
ssvep_nakanishi,4096,789,8,0.11666666666666667,0.11666666666666665,0.036363636363636376
ssvep_nakanishi,4096,2024,0,0.06111111111111111,0.061111111111111116,-0.024242424242424176
ssvep_nakanishi,4096,2024,1,0.05,0.049999999999999996,-0.036363636363636376
ssvep_nakanishi,4096,2024,2,0.044444444444444446,0.044444444444444446,-0.042424242424242475
ssvep_nakanishi,4096,2024,3,0.10555555555555556,0.10555555555555556,0.024242424242424288
ssvep_nakanishi,4096,2024,4,0.09444444444444444,0.09444444444444444,0.012121212121212088
ssvep_nakanishi,4096,2024,5,0.06666666666666667,0.06666666666666667,-0.018181818181818077
ssvep_nakanishi,4096,2024,6,0.08333333333333333,0.08333333333333333,-2.220446049250313e-16
ssvep_nakanishi,4096,2024,7,0.06666666666666667,0.06666666666666667,-0.018181818181818077
ssvep_nakanishi,4096,2024,8,0.11666666666666667,0.11666666666666665,0.036363636363636376
