method_a,method_b,statistic,p_raw,mean_diff,cohens_dz,p_corrected,significant,dataset,cohens_d
BPE_Bigram_LogReg,BPE_Hist_LogReg,25.0,0.845703125,0.009895833333333354,0.10037680223776349,1.0,False,epfl_p300,
BPE_Bigram_LogReg,BPE_Hist_RF,0.0,0.001953125,-0.21562500000000004,-1.6966373451066938,0.15234375,False,epfl_p300,
BPE_Bigram_LogReg,BPE_Seq_CNN,0.0,0.001953125,-0.21568287037037043,-1.6961908362708626,0.150390625,False,epfl_p300,
BPE_Bigram_LogReg,BPE_Seq_CW_Transformer,0.0,0.001953125,-0.21521990740740743,-1.7164150232290656,0.1484375,False,epfl_p300,
BPE_Bigram_LogReg,BPE_Seq_Transformer,0.0,0.001953125,-0.21556712962962968,-1.695525684755349,0.146484375,False,epfl_p300,
BPE_Bigram_LogReg,BPE_WindowedSeq_CNN,0.0,0.001953125,-0.2142939814814815,-1.6522323235563277,0.14453125,False,epfl_p300,
BPE_Bigram_LogReg,BPE_Windowed_LogReg,8.0,0.048828125,-0.10833333333333332,-0.8584350606121106,1.0,False,epfl_p300,
BPE_Bigram_LogReg,Chronos_Binning,0.0,0.001953125,-0.21562500000000004,-1.6966373451066938,0.142578125,False,epfl_p300,
BPE_Bigram_LogReg,EEGNet,0.0,0.001953125,-0.2647569444444445,-1.96103748332032,0.140625,False,epfl_p300,
BPE_Bigram_LogReg,PSD_LogReg,21.0,0.556640625,-0.03802083333333333,-0.23004861965752835,1.0,False,epfl_p300,
BPE_Bigram_LogReg,Patching_LogReg,0.0,0.001953125,-0.2151041666666667,-1.7015444713605468,0.138671875,False,epfl_p300,
BPE_Bigram_LogReg,VQ_LogReg,0.0,0.001953125,-0.21562500000000004,-1.6966373451066938,0.13671875,False,epfl_p300,
BPE_Hist_LogReg,BPE_Hist_RF,0.0,0.001953125,-0.2255208333333334,-6.591517602481238,0.134765625,False,epfl_p300,
BPE_Hist_LogReg,BPE_Seq_CNN,0.0,0.001953125,-0.22557870370370375,-6.580513389402048,0.1328125,False,epfl_p300,
BPE_Hist_LogReg,BPE_Seq_CW_Transformer,0.0,0.001953125,-0.22511574074074076,-6.529239696441339,0.130859375,False,epfl_p300,
BPE_Hist_LogReg,BPE_Seq_Transformer,0.0,0.001953125,-0.22546296296296303,-6.5685315059629525,0.12890625,False,epfl_p300,
BPE_Hist_LogReg,BPE_WindowedSeq_CNN,0.0,0.001953125,-0.22418981481481484,-5.928480813657069,0.126953125,False,epfl_p300,
BPE_Hist_LogReg,BPE_Windowed_LogReg,0.0,0.001953125,-0.11822916666666669,-3.069180231850728,0.125,False,epfl_p300,
BPE_Hist_LogReg,Chronos_Binning,0.0,0.001953125,-0.2255208333333334,-6.591517602481238,0.123046875,False,epfl_p300,
BPE_Hist_LogReg,EEGNet,0.0,0.001953125,-0.2746527777777778,-5.122762741059791,0.12109375,False,epfl_p300,
BPE_Hist_LogReg,PSD_LogReg,13.5,0.169921875,-0.047916666666666684,-0.424054068023157,1.0,False,epfl_p300,
BPE_Hist_LogReg,Patching_LogReg,0.0,0.001953125,-0.22500000000000003,-6.665512871392723,0.119140625,False,epfl_p300,
BPE_Hist_LogReg,VQ_LogReg,0.0,0.001953125,-0.2255208333333334,-6.591517602481238,0.1171875,False,epfl_p300,
BPE_Hist_RF,BPE_Seq_CNN,0.0,1.0,-5.787037037037201e-05,-0.31622776601683783,1.0,False,epfl_p300,
BPE_Hist_RF,BPE_Seq_CW_Transformer,27.0,0.98046875,0.0004050925925926263,0.07567383314069563,1.0,False,epfl_p300,
BPE_Hist_RF,BPE_Seq_Transformer,1.0,1.0,5.787037037037201e-05,0.13552618543578768,1.0,False,epfl_p300,
BPE_Hist_RF,BPE_WindowedSeq_CNN,18.0,0.37109375,0.0013310185185185452,0.23977709730947566,1.0,False,epfl_p300,
BPE_Hist_RF,BPE_Windowed_LogReg,0.0,0.001953125,0.1072916666666667,6.283081404785053,0.115234375,False,epfl_p300,
BPE_Hist_RF,Chronos_Binning,0.0,1.0,0.0,,1.0,False,epfl_p300,0.0
BPE_Hist_RF,EEGNet,0.0,0.001953125,-0.04913194444444441,-1.7883087826040758,0.11328125,False,epfl_p300,
BPE_Hist_RF,PSD_LogReg,0.0,0.001953125,0.1776041666666667,1.8994898646917842,0.111328125,False,epfl_p300,
BPE_Hist_RF,Patching_LogReg,2.0,0.375,0.0005208333333333482,0.3351516916180786,1.0,False,epfl_p300,
BPE_Hist_RF,VQ_LogReg,0.0,1.0,0.0,,1.0,False,epfl_p300,0.0
BPE_Seq_CNN,BPE_Seq_CW_Transformer,26.0,0.904296875,0.0004629629629629983,0.08628851821895564,1.0,False,epfl_p300,
BPE_Seq_CNN,BPE_Seq_Transformer,1.5,0.75,0.00011574074074074402,0.25354627641855493,1.0,False,epfl_p300,
BPE_Seq_CNN,BPE_WindowedSeq_CNN,18.0,0.37109375,0.0013888888888889173,0.25577627781083445,1.0,False,epfl_p300,
BPE_Seq_CNN,BPE_Windowed_LogReg,0.0,0.001953125,0.10734953703703706,6.2784235625758775,0.109375,False,epfl_p300,
BPE_Seq_CNN,Chronos_Binning,0.0,1.0,5.787037037037201e-05,0.31622776601683783,1.0,False,epfl_p300,
BPE_Seq_CNN,EEGNet,0.0,0.001953125,-0.049074074074074034,-1.7909454286791797,0.107421875,False,epfl_p300,
BPE_Seq_CNN,PSD_LogReg,0.0,0.001953125,0.17766203703703706,1.900913608983623,0.10546875,False,epfl_p300,
BPE_Seq_CNN,Patching_LogReg,3.0,0.3125,0.0005787037037037202,0.3750000000000112,1.0,False,epfl_p300,
BPE_Seq_CNN,VQ_LogReg,0.0,1.0,5.787037037037201e-05,0.31622776601683783,1.0,False,epfl_p300,
BPE_Seq_CW_Transformer,BPE_Seq_Transformer,27.0,0.98046875,-0.0003472222222222543,-0.06476664081776942,1.0,False,epfl_p300,
BPE_Seq_CW_Transformer,BPE_WindowedSeq_CNN,14.0,0.640625,0.0009259259259259189,0.13424800989288443,1.0,False,epfl_p300,
BPE_Seq_CW_Transformer,BPE_Windowed_LogReg,0.0,0.001953125,0.10688657407407409,6.9025095241250725,0.103515625,False,epfl_p300,
BPE_Seq_CW_Transformer,Chronos_Binning,27.0,0.98046875,-0.0004050925925926263,-0.07567383314069563,1.0,False,epfl_p300,
BPE_Seq_CW_Transformer,EEGNet,0.0,0.001953125,-0.04953703703703703,-1.9537473143812016,0.1015625,False,epfl_p300,
BPE_Seq_CW_Transformer,PSD_LogReg,0.0,0.001953125,0.17719907407407406,1.8976277041318992,0.099609375,False,epfl_p300,
BPE_Seq_CW_Transformer,Patching_LogReg,20.5,0.8359375,0.00011574074074072183,0.02002672011879245,1.0,False,epfl_p300,
BPE_Seq_CW_Transformer,VQ_LogReg,27.0,0.98046875,-0.0004050925925926263,-0.07567383314069563,1.0,False,epfl_p300,
BPE_Seq_Transformer,BPE_WindowedSeq_CNN,17.0,0.30859375,0.0012731481481481732,0.24074127142190538,1.0,False,epfl_p300,
BPE_Seq_Transformer,BPE_Windowed_LogReg,0.0,0.001953125,0.10723379629629633,6.272612523322148,0.09765625,False,epfl_p300,
BPE_Seq_Transformer,Chronos_Binning,1.0,1.0,-5.787037037037201e-05,-0.13552618543578768,1.0,False,epfl_p300,
BPE_Seq_Transformer,EEGNet,0.0,0.001953125,-0.04918981481481478,-1.7936410534928602,0.095703125,False,epfl_p300,
BPE_Seq_Transformer,PSD_LogReg,0.0,0.001953125,0.1775462962962963,1.9038908667991237,0.09375,False,epfl_p300,
BPE_Seq_Transformer,Patching_LogReg,1.0,0.5,0.0004629629629629761,0.31087665609051285,1.0,False,epfl_p300,
BPE_Seq_Transformer,VQ_LogReg,1.0,1.0,-5.787037037037201e-05,-0.13552618543578768,1.0,False,epfl_p300,
BPE_WindowedSeq_CNN,BPE_Windowed_LogReg,0.0,0.001953125,0.10596064814814816,6.289781704649612,0.091796875,False,epfl_p300,
BPE_WindowedSeq_CNN,Chronos_Binning,18.0,0.37109375,-0.0013310185185185452,-0.23977709730947566,1.0,False,epfl_p300,
BPE_WindowedSeq_CNN,EEGNet,0.0,0.001953125,-0.05046296296296295,-2.0733454307975134,0.08984375,False,epfl_p300,
BPE_WindowedSeq_CNN,PSD_LogReg,0.0,0.001953125,0.17627314814814815,1.943646540153357,0.087890625,False,epfl_p300,
BPE_WindowedSeq_CNN,Patching_LogReg,20.0,0.4765625,-0.0008101851851851971,-0.1409110384477268,1.0,False,epfl_p300,
BPE_WindowedSeq_CNN,VQ_LogReg,18.0,0.37109375,-0.0013310185185185452,-0.23977709730947566,1.0,False,epfl_p300,
BPE_Windowed_LogReg,Chronos_Binning,0.0,0.001953125,-0.1072916666666667,-6.283081404785053,0.0859375,False,epfl_p300,
BPE_Windowed_LogReg,EEGNet,0.0,0.001953125,-0.1564236111111111,-6.8690499333838515,0.083984375,False,epfl_p300,
BPE_Windowed_LogReg,PSD_LogReg,8.0,0.048828125,0.0703125,0.7404645079176213,1.0,False,epfl_p300,
BPE_Windowed_LogReg,Patching_LogReg,0.0,0.001953125,-0.10677083333333334,-6.152089026879462,0.08203125,False,epfl_p300,
BPE_Windowed_LogReg,VQ_LogReg,0.0,0.001953125,-0.1072916666666667,-6.283081404785053,0.080078125,False,epfl_p300,
Chronos_Binning,EEGNet,0.0,0.001953125,-0.04913194444444441,-1.7883087826040758,0.078125,False,epfl_p300,
Chronos_Binning,PSD_LogReg,0.0,0.001953125,0.1776041666666667,1.8994898646917842,0.076171875,False,epfl_p300,
Chronos_Binning,Patching_LogReg,2.0,0.375,0.0005208333333333482,0.3351516916180786,1.0,False,epfl_p300,
Chronos_Binning,VQ_LogReg,0.0,1.0,0.0,,1.0,False,epfl_p300,0.0
EEGNet,PSD_LogReg,0.0,0.001953125,0.2267361111111111,2.7849358895483256,0.07421875,False,epfl_p300,
EEGNet,Patching_LogReg,0.0,0.001953125,0.049652777777777754,1.7939307809759832,0.072265625,False,epfl_p300,
EEGNet,VQ_LogReg,0.0,0.001953125,0.04913194444444441,1.7883087826040758,0.0703125,False,epfl_p300,
PSD_LogReg,Patching_LogReg,0.0,0.001953125,-0.17708333333333334,-1.8994530914938725,0.068359375,False,epfl_p300,
PSD_LogReg,VQ_LogReg,0.0,0.001953125,-0.1776041666666667,-1.8994898646917842,0.06640625,False,epfl_p300,
Patching_LogReg,VQ_LogReg,2.0,0.375,-0.0005208333333333482,-0.3351516916180786,1.0,False,epfl_p300,
BPE_Bigram_LogReg,BPE_Hist_LogReg,0.0,0.0625,-0.09511904761904763,-1.622841079109478,1.0,False,mental_arithmetic,
BPE_Bigram_LogReg,BPE_Hist_RF,2.5,0.25,-0.03488095238095238,-0.6010398669896658,1.0,False,mental_arithmetic,
BPE_Bigram_LogReg,BPE_Seq_CNN,7.0,1.0,0.02857142857142857,0.36447404353847224,1.0,False,mental_arithmetic,
BPE_Bigram_LogReg,BPE_Seq_CW_Transformer,3.0,1.0,0.019404761904761914,0.33029195488603763,1.0,False,mental_arithmetic,
BPE_Bigram_LogReg,BPE_Seq_Transformer,7.0,1.0,0.004166666666666674,0.06459092877513117,1.0,False,mental_arithmetic,
BPE_Bigram_LogReg,BPE_WindowedSeq_CNN,1.0,0.125,-0.08095238095238094,-0.9957026015176186,1.0,False,mental_arithmetic,
BPE_Bigram_LogReg,BPE_Windowed_LogReg,2.0,0.1875,-0.051190476190476175,-0.8415211191340819,1.0,False,mental_arithmetic,
BPE_Bigram_LogReg,Chronos_Binning,1.0,0.25,-0.055833333333333346,-0.9575317713916347,1.0,False,mental_arithmetic,
BPE_Bigram_LogReg,EEGNet,1.0,1.0,0.02226190476190476,0.3903932567278276,1.0,False,mental_arithmetic,
BPE_Bigram_LogReg,PSD_LogReg,0.0,0.0625,-0.15821428571428572,-3.0126451723455547,1.0,False,mental_arithmetic,
BPE_Bigram_LogReg,Patching_LogReg,1.0,1.0,0.02226190476190476,0.3903932567278276,1.0,False,mental_arithmetic,
BPE_Bigram_LogReg,VQ_LogReg,1.0,0.125,-0.1386904761904762,-1.2834592520951709,1.0,False,mental_arithmetic,
BPE_Hist_LogReg,BPE_Hist_RF,0.0,0.0625,0.06023809523809524,1.9973338414724395,1.0,False,mental_arithmetic,
BPE_Hist_LogReg,BPE_Seq_CNN,0.0,0.0625,0.1236904761904762,2.567938245443602,1.0,False,mental_arithmetic,
BPE_Hist_LogReg,BPE_Seq_CW_Transformer,0.0,0.0625,0.11452380952380954,2.7745126561473126,1.0,False,mental_arithmetic,
BPE_Hist_LogReg,BPE_Seq_Transformer,0.0,0.0625,0.0992857142857143,2.13649591126273,1.0,False,mental_arithmetic,
BPE_Hist_LogReg,BPE_WindowedSeq_CNN,6.0,0.8125,0.014166666666666683,0.2206713880138039,1.0,False,mental_arithmetic,
BPE_Hist_LogReg,BPE_Windowed_LogReg,0.0,0.0625,0.04392857142857145,1.7147958424667071,1.0,False,mental_arithmetic,
BPE_Hist_LogReg,Chronos_Binning,0.0,0.0625,0.03928571428571428,2.0195672024949425,1.0,False,mental_arithmetic,
BPE_Hist_LogReg,EEGNet,0.0,0.0625,0.11738095238095239,3.02590684955705,1.0,False,mental_arithmetic,
BPE_Hist_LogReg,PSD_LogReg,0.0,0.0625,-0.0630952380952381,-1.6363949309002617,1.0,False,mental_arithmetic,
BPE_Hist_LogReg,Patching_LogReg,0.0,0.0625,0.11738095238095239,3.02590684955705,1.0,False,mental_arithmetic,
BPE_Hist_LogReg,VQ_LogReg,3.0,0.3125,-0.04357142857142857,-0.6899767755612115,1.0,False,mental_arithmetic,
BPE_Hist_RF,BPE_Seq_CNN,0.0,0.125,0.06345238095238095,1.356690945290801,1.0,False,mental_arithmetic,
BPE_Hist_RF,BPE_Seq_CW_Transformer,0.0,0.0625,0.05428571428571429,2.3874672772626613,1.0,False,mental_arithmetic,
BPE_Hist_RF,BPE_Seq_Transformer,0.0,0.0625,0.03904761904761905,2.0065760153528256,1.0,False,mental_arithmetic,
BPE_Hist_RF,BPE_WindowedSeq_CNN,1.0,0.125,-0.04607142857142856,-0.9130685791809457,1.0,False,mental_arithmetic,
BPE_Hist_RF,BPE_Windowed_LogReg,0.0,0.0625,-0.016309523809523795,-1.6207627643854787,1.0,False,mental_arithmetic,
BPE_Hist_RF,Chronos_Binning,3.0,0.3125,-0.020952380952380965,-0.6364125395544089,1.0,False,mental_arithmetic,
BPE_Hist_RF,EEGNet,0.0,0.0625,0.05714285714285714,2.2478059477960626,1.0,False,mental_arithmetic,
BPE_Hist_RF,PSD_LogReg,0.0,0.0625,-0.12333333333333334,-2.5390936643283895,1.0,False,mental_arithmetic,
BPE_Hist_RF,Patching_LogReg,0.0,0.0625,0.05714285714285714,2.2478059477960626,1.0,False,mental_arithmetic,
BPE_Hist_RF,VQ_LogReg,0.0,0.0625,-0.10380952380952382,-1.6446391068226438,1.0,False,mental_arithmetic,
BPE_Seq_CNN,BPE_Seq_CW_Transformer,6.0,0.8125,-0.009166666666666656,-0.29135539502623853,1.0,False,mental_arithmetic,
BPE_Seq_CNN,BPE_Seq_Transformer,3.0,0.3125,-0.024404761904761894,-0.4876462242298801,1.0,False,mental_arithmetic,
BPE_Seq_CNN,BPE_WindowedSeq_CNN,0.0,0.0625,-0.10952380952380951,-3.9737947576742565,1.0,False,mental_arithmetic,
BPE_Seq_CNN,BPE_Windowed_LogReg,0.0,0.0625,-0.07976190476190474,-2.049207563192164,1.0,False,mental_arithmetic,
BPE_Seq_CNN,Chronos_Binning,1.0,0.125,-0.08440476190476191,-1.3762321052635929,1.0,False,mental_arithmetic,
BPE_Seq_CNN,EEGNet,6.0,0.8125,-0.006309523809523809,-0.2294716349152294,1.0,False,mental_arithmetic,
BPE_Seq_CNN,PSD_LogReg,0.0,0.0625,-0.18678571428571428,-4.6126115299217325,1.0,False,mental_arithmetic,
BPE_Seq_CNN,Patching_LogReg,6.0,0.8125,-0.006309523809523809,-0.2294716349152294,1.0,False,mental_arithmetic,
BPE_Seq_CNN,VQ_LogReg,0.0,0.0625,-0.16726190476190478,-4.829775936648359,1.0,False,mental_arithmetic,
BPE_Seq_CW_Transformer,BPE_Seq_Transformer,2.0,0.375,-0.01523809523809524,-0.6504925025453929,1.0,False,mental_arithmetic,
BPE_Seq_CW_Transformer,BPE_WindowedSeq_CNN,0.0,0.0625,-0.10035714285714285,-3.292742663066017,1.0,False,mental_arithmetic,
BPE_Seq_CW_Transformer,BPE_Windowed_LogReg,0.0,0.0625,-0.07059523809523809,-3.3985737930156086,1.0,False,mental_arithmetic,
BPE_Seq_CW_Transformer,Chronos_Binning,0.0,0.125,-0.07523809523809526,-1.544129592574032,1.0,False,mental_arithmetic,
BPE_Seq_CW_Transformer,EEGNet,0.0,1.0,0.002857142857142847,0.4472135954999579,1.0,False,mental_arithmetic,
BPE_Seq_CW_Transformer,PSD_LogReg,0.0,0.0625,-0.17761904761904762,-4.2452198048758145,1.0,False,mental_arithmetic,
BPE_Seq_CW_Transformer,Patching_LogReg,0.0,1.0,0.002857142857142847,0.4472135954999579,1.0,False,mental_arithmetic,
BPE_Seq_CW_Transformer,VQ_LogReg,0.0,0.0625,-0.15809523809523812,-2.8139635400263656,1.0,False,mental_arithmetic,
BPE_Seq_Transformer,BPE_WindowedSeq_CNN,0.0,0.0625,-0.08511904761904762,-1.9828625508099982,1.0,False,mental_arithmetic,
BPE_Seq_Transformer,BPE_Windowed_LogReg,0.0,0.0625,-0.05535714285714285,-2.1285310231227585,1.0,False,mental_arithmetic,
BPE_Seq_Transformer,Chronos_Binning,0.0,0.0625,-0.06000000000000002,-1.3333519968831877,1.0,False,mental_arithmetic,
BPE_Seq_Transformer,EEGNet,2.0,0.375,0.018095238095238088,0.6450878455917913,1.0,False,mental_arithmetic,
BPE_Seq_Transformer,PSD_LogReg,0.0,0.0625,-0.1623809523809524,-2.6442849571208846,1.0,False,mental_arithmetic,
BPE_Seq_Transformer,Patching_LogReg,2.0,0.375,0.018095238095238088,0.6450878455917913,1.0,False,mental_arithmetic,
BPE_Seq_Transformer,VQ_LogReg,0.0,0.0625,-0.14285714285714288,-2.118673654639348,1.0,False,mental_arithmetic,
BPE_WindowedSeq_CNN,BPE_Windowed_LogReg,3.0,0.3125,0.029761904761904767,0.6291423839868758,1.0,False,mental_arithmetic,
BPE_WindowedSeq_CNN,Chronos_Binning,5.0,0.625,0.025119047619047596,0.35112819530786943,1.0,False,mental_arithmetic,
BPE_WindowedSeq_CNN,EEGNet,0.0,0.0625,0.1032142857142857,3.4420755357793316,1.0,False,mental_arithmetic,
BPE_WindowedSeq_CNN,PSD_LogReg,0.0,0.0625,-0.07726190476190478,-1.3079654209394171,1.0,False,mental_arithmetic,
BPE_WindowedSeq_CNN,Patching_LogReg,0.0,0.0625,0.1032142857142857,3.4420755357793316,1.0,False,mental_arithmetic,
BPE_WindowedSeq_CNN,VQ_LogReg,0.0,0.0625,-0.057738095238095255,-1.1345999323243552,1.0,False,mental_arithmetic,
BPE_Windowed_LogReg,Chronos_Binning,5.0,0.5625,-0.004642857142857171,-0.1365231255630049,1.0,False,mental_arithmetic,
BPE_Windowed_LogReg,EEGNet,0.0,0.0625,0.07345238095238094,3.3587714099803505,1.0,False,mental_arithmetic,
BPE_Windowed_LogReg,PSD_LogReg,0.0,0.0625,-0.10702380952380955,-2.5560306951590386,1.0,False,mental_arithmetic,
BPE_Windowed_LogReg,Patching_LogReg,0.0,0.0625,0.07345238095238094,3.3587714099803505,1.0,False,mental_arithmetic,
BPE_Windowed_LogReg,VQ_LogReg,0.0,0.0625,-0.08750000000000002,-1.5984872238317902,1.0,False,mental_arithmetic,
Chronos_Binning,EEGNet,0.0,0.125,0.0780952380952381,1.6457703118710252,1.0,False,mental_arithmetic,
Chronos_Binning,PSD_LogReg,0.0,0.0625,-0.10238095238095238,-1.8713348015237512,1.0,False,mental_arithmetic,
Chronos_Binning,Patching_LogReg,0.0,0.125,0.0780952380952381,1.6457703118710252,1.0,False,mental_arithmetic,
Chronos_Binning,VQ_LogReg,1.0,0.125,-0.08285714285714285,-1.0847492416301827,1.0,False,mental_arithmetic,
EEGNet,PSD_LogReg,0.0,0.0625,-0.18047619047619048,-4.870596319278313,1.0,False,mental_arithmetic,
EEGNet,Patching_LogReg,0.0,1.0,0.0,,1.0,False,mental_arithmetic,0.0
EEGNet,VQ_LogReg,0.0,0.0625,-0.16095238095238096,-2.92863054632654,1.0,False,mental_arithmetic,
PSD_LogReg,Patching_LogReg,0.0,0.0625,0.18047619047619048,4.870596319278313,1.0,False,mental_arithmetic,
PSD_LogReg,VQ_LogReg,7.0,1.0,0.01952380952380952,0.29701568208224527,1.0,False,mental_arithmetic,
Patching_LogReg,VQ_LogReg,0.0,0.0625,-0.16095238095238096,-2.92863054632654,1.0,False,mental_arithmetic,
CSP_LDA,Chronos_Binning,0.0,0.0625,-0.06122613689789225,-5.400472969127565,0.9375,False,physionet_mi,
CSP_LDA,EEGNet,0.0,0.0625,-0.32489050736128755,-7.323724409550707,0.875,False,physionet_mi,
CSP_LDA,PSD_LogReg,0.0,0.0625,-0.08703260431226646,-5.655198635307766,0.8125,False,physionet_mi,
CSP_LDA,Patching_LogReg,1.0,0.25,0.003161978930737225,0.8343462749234793,0.75,False,physionet_mi,
CSP_LDA,VQ_LogReg,0.0,0.0625,-0.0759982697613994,-4.071077992141253,0.75,False,physionet_mi,
Chronos_Binning,EEGNet,0.0,0.0625,-0.2636643704633953,-6.606163272851117,0.6875,False,physionet_mi,
Chronos_Binning,PSD_LogReg,1.0,0.125,-0.02580646741437421,-1.62589539794402,0.5,False,physionet_mi,
Chronos_Binning,Patching_LogReg,0.0,0.0625,0.06438811582862947,5.969655065136757,0.625,False,physionet_mi,
Chronos_Binning,VQ_LogReg,3.0,0.3125,-0.014772132863507158,-0.6622851802467319,0.625,False,physionet_mi,
EEGNet,PSD_LogReg,0.0,0.0625,0.2378579030490211,6.925048680734387,0.5625,False,physionet_mi,
EEGNet,Patching_LogReg,0.0,0.0625,0.32805248629202477,8.002441195686922,0.5,False,physionet_mi,
EEGNet,VQ_LogReg,0.0,0.0625,0.24889223759988816,7.70160803567875,0.4375,False,physionet_mi,
PSD_LogReg,Patching_LogReg,0.0,0.0625,0.09019458324300368,7.6027259977248685,0.375,False,physionet_mi,
PSD_LogReg,VQ_LogReg,3.0,0.3125,0.011034334550867053,0.622823005238813,0.3125,False,physionet_mi,
Patching_LogReg,VQ_LogReg,0.0,0.0625,-0.07916024869213663,-4.8211359572906884,0.3125,False,physionet_mi,
BPE_Bigram_LogReg,BPE_Hist_LogReg,5.0,0.625,-0.008247633544440447,-0.2646738718448476,1.0,False,sleep_edf,
BPE_Bigram_LogReg,BPE_Hist_RF,0.0,0.0625,-0.07226068740237804,-1.742528428397342,1.0,False,sleep_edf,
BPE_Bigram_LogReg,BPE_Seq_CNN,0.0,0.0625,-0.12010635681860374,-12.039668437244538,1.0,False,sleep_edf,
BPE_Bigram_LogReg,BPE_Seq_CW_Transformer,0.0,0.0625,-0.04314404678758858,-3.0547556806239706,1.0,False,sleep_edf,
BPE_Bigram_LogReg,BPE_Seq_Transformer,0.0,0.0625,-0.0693724081582012,-2.076737747732461,1.0,False,sleep_edf,
BPE_Bigram_LogReg,BPE_WindowedSeq_CNN,0.0,0.0625,-0.1296431723774447,-5.208979688378323,1.0,False,sleep_edf,
BPE_Bigram_LogReg,BPE_Windowed_LogReg,6.0,0.8125,-0.0012773244702924736,-0.012521533096487816,1.0,False,sleep_edf,
BPE_Bigram_LogReg,Chronos_Binning,1.0,0.125,0.03823611297686615,1.2378618428935222,1.0,False,sleep_edf,
BPE_Bigram_LogReg,EEGNet,0.0,0.0625,-0.16672369247715796,-5.985901413090445,1.0,False,sleep_edf,
BPE_Bigram_LogReg,PSD_LogReg,0.0,0.0625,-0.08445596774109254,-2.92202255146092,1.0,False,sleep_edf,
BPE_Bigram_LogReg,Patching_LogReg,2.0,0.1875,0.03556961396557019,1.0130603436378116,1.0,False,sleep_edf,
BPE_Bigram_LogReg,VQ_LogReg,0.0,0.0625,-0.14070858254885674,-4.007623672487841,1.0,False,sleep_edf,
BPE_Hist_LogReg,BPE_Hist_RF,0.0,0.0625,-0.06401305385793758,-0.9663219141195705,1.0,False,sleep_edf,
BPE_Hist_LogReg,BPE_Seq_CNN,0.0,0.0625,-0.11185872327416328,-3.7032213877884965,1.0,False,sleep_edf,
BPE_Hist_LogReg,BPE_Seq_CW_Transformer,1.0,0.125,-0.03489641324314814,-0.9897596074598232,1.0,False,sleep_edf,
BPE_Hist_LogReg,BPE_Seq_Transformer,0.0,0.0625,-0.06112477461376076,-1.8310082289693985,1.0,False,sleep_edf,
BPE_Hist_LogReg,BPE_WindowedSeq_CNN,0.0,0.0625,-0.12139553883300425,-3.6027343197022117,1.0,False,sleep_edf,
BPE_Hist_LogReg,BPE_Windowed_LogReg,5.0,0.625,0.006970309074147973,0.06151634122745758,1.0,False,sleep_edf,
BPE_Hist_LogReg,Chronos_Binning,2.0,0.1875,0.0464837465213066,0.8651481771528273,1.0,False,sleep_edf,
BPE_Hist_LogReg,EEGNet,0.0,0.0625,-0.15847605893271752,-3.632381925468274,1.0,False,sleep_edf,
BPE_Hist_LogReg,PSD_LogReg,0.0,0.0625,-0.0762083341966521,-3.116996064928291,1.0,False,sleep_edf,
BPE_Hist_LogReg,Patching_LogReg,3.0,0.3125,0.043817247510010635,0.7747165381703701,1.0,False,sleep_edf,
BPE_Hist_LogReg,VQ_LogReg,0.0,0.0625,-0.1324609490044163,-2.4133667870498066,1.0,False,sleep_edf,
BPE_Hist_RF,BPE_Seq_CNN,2.0,0.1875,-0.0478456694162257,-1.0259523452153996,1.0,False,sleep_edf,
BPE_Hist_RF,BPE_Seq_CW_Transformer,2.0,0.1875,0.029116640614789448,0.7786838710036478,1.0,False,sleep_edf,
BPE_Hist_RF,BPE_Seq_Transformer,6.0,0.8125,0.0028882792441768277,0.055720072348337396,1.0,False,sleep_edf,
BPE_Hist_RF,BPE_WindowedSeq_CNN,1.0,0.125,-0.057382484975066664,-1.1786083772084859,1.0,False,sleep_edf,
BPE_Hist_RF,BPE_Windowed_LogReg,3.0,0.3125,0.07098336293208556,0.7037806592456957,1.0,False,sleep_edf,
BPE_Hist_RF,Chronos_Binning,0.0,0.0625,0.11049680037924418,6.270017219501098,1.0,False,sleep_edf,
BPE_Hist_RF,EEGNet,0.0,0.0625,-0.09446300507477993,-1.5840485724431659,1.0,False,sleep_edf,
BPE_Hist_RF,PSD_LogReg,6.0,0.8125,-0.012195280338714509,-0.21395211169520073,0.8125,False,sleep_edf,
BPE_Hist_RF,Patching_LogReg,0.0,0.0625,0.10783030136794822,6.41603052982413,1.0,False,sleep_edf,
BPE_Hist_RF,VQ_LogReg,0.0,0.0625,-0.06844789514647871,-1.3236087194582067,1.0,False,sleep_edf,
BPE_Seq_CNN,BPE_Seq_CW_Transformer,0.0,0.0625,0.07696231003101514,6.157077575063556,1.0,False,sleep_edf,
BPE_Seq_CNN,BPE_Seq_Transformer,0.0,0.0625,0.050733948660402525,1.7627727465190874,1.0,False,sleep_edf,
BPE_Seq_CNN,BPE_WindowedSeq_CNN,4.0,0.4375,-0.00953681555884096,-0.5149525280557882,1.0,False,sleep_edf,
BPE_Seq_CNN,BPE_Windowed_LogReg,0.0,0.0625,0.11882903234831126,1.1779291926409212,1.0,False,sleep_edf,
BPE_Seq_CNN,Chronos_Binning,0.0,0.0625,0.1583424697954699,4.6514945886069174,1.0,False,sleep_edf,
BPE_Seq_CNN,EEGNet,0.0,0.0625,-0.046617335658554235,-1.899209722237546,1.0,False,sleep_edf,
BPE_Seq_CNN,PSD_LogReg,0.0,0.0625,0.03565038907751119,1.330334396837164,1.0,False,sleep_edf,
BPE_Seq_CNN,Patching_LogReg,0.0,0.0625,0.15567597078417392,4.103465139898759,1.0,False,sleep_edf,
BPE_Seq_CNN,VQ_LogReg,2.0,0.1875,-0.02060222573025301,-0.6910097830194968,1.0,False,sleep_edf,
BPE_Seq_CW_Transformer,BPE_Seq_Transformer,1.0,0.125,-0.02622836137061262,-1.1491605006516143,1.0,False,sleep_edf,
BPE_Seq_CW_Transformer,BPE_WindowedSeq_CNN,0.0,0.0625,-0.0864991255898561,-6.183670278231419,1.0,False,sleep_edf,
BPE_Seq_CW_Transformer,BPE_Windowed_LogReg,5.0,0.625,0.041866722317296115,0.4445393593979574,1.0,False,sleep_edf,
BPE_Seq_CW_Transformer,Chronos_Binning,0.0,0.0625,0.08138015976445474,3.171382347841345,1.0,False,sleep_edf,
BPE_Seq_CW_Transformer,EEGNet,0.0,0.0625,-0.12357964568956939,-4.136862899719384,1.0,False,sleep_edf,
BPE_Seq_CW_Transformer,PSD_LogReg,0.0,0.0625,-0.04131192095350396,-1.6511912028350872,1.0,False,sleep_edf,
BPE_Seq_CW_Transformer,Patching_LogReg,0.0,0.0625,0.07871366075315878,2.734326834912809,1.0,False,sleep_edf,
BPE_Seq_CW_Transformer,VQ_LogReg,0.0,0.0625,-0.09756453576126815,-3.545924823959918,1.0,False,sleep_edf,
BPE_Seq_Transformer,BPE_WindowedSeq_CNN,0.0,0.0625,-0.06027076421924349,-4.540342291930736,1.0,False,sleep_edf,
BPE_Seq_Transformer,BPE_Windowed_LogReg,0.0,0.0625,0.06809508368790873,0.7212303476594849,1.0,False,sleep_edf,
BPE_Seq_Transformer,Chronos_Binning,0.0,0.0625,0.10760852113506736,2.7411084874932996,1.0,False,sleep_edf,
BPE_Seq_Transformer,EEGNet,0.0,0.0625,-0.09735128431895676,-2.2507272246878745,1.0,False,sleep_edf,
BPE_Seq_Transformer,PSD_LogReg,1.0,0.125,-0.015083559582891337,-0.7309595640664577,1.0,False,sleep_edf,
BPE_Seq_Transformer,Patching_LogReg,0.0,0.0625,0.10494202212377139,2.617976018523952,1.0,False,sleep_edf,
BPE_Seq_Transformer,VQ_LogReg,0.0,0.0625,-0.07133617439065554,-1.8741857311079375,1.0,False,sleep_edf,
BPE_WindowedSeq_CNN,BPE_Windowed_LogReg,0.0,0.0625,0.12836584790715222,1.4126042961998964,1.0,False,sleep_edf,
BPE_WindowedSeq_CNN,Chronos_Binning,0.0,0.0625,0.16787928535431085,4.612411578316507,1.0,False,sleep_edf,
BPE_WindowedSeq_CNN,EEGNet,1.0,0.125,-0.03708052009971328,-1.1967046921735447,1.0,False,sleep_edf,
BPE_WindowedSeq_CNN,PSD_LogReg,0.0,0.0625,0.04518720463635215,2.3056200873266386,1.0,False,sleep_edf,
BPE_WindowedSeq_CNN,Patching_LogReg,0.0,0.0625,0.1652127863430149,4.296600576853295,1.0,False,sleep_edf,
BPE_WindowedSeq_CNN,VQ_LogReg,5.0,0.625,-0.011065410171412049,-0.4222467026407948,1.0,False,sleep_edf,
BPE_Windowed_LogReg,Chronos_Binning,4.0,0.4375,0.03951343744715863,0.374723866857312,1.0,False,sleep_edf,
BPE_Windowed_LogReg,EEGNet,0.0,0.0625,-0.1654463680068655,-1.9035922436512216,1.0,False,sleep_edf,
BPE_Windowed_LogReg,PSD_LogReg,0.0,0.0625,-0.08317864327080007,-0.9302586279129625,1.0,False,sleep_edf,
BPE_Windowed_LogReg,Patching_LogReg,4.0,0.4375,0.03684693843586266,0.3495565767484326,1.0,False,sleep_edf,
BPE_Windowed_LogReg,VQ_LogReg,0.0,0.0625,-0.13943125807856427,-1.783788462379804,1.0,False,sleep_edf,
Chronos_Binning,EEGNet,0.0,0.0625,-0.20495980545402412,-3.91975468394459,1.0,False,sleep_edf,
Chronos_Binning,PSD_LogReg,0.0,0.0625,-0.1226920807179587,-2.5827637621000332,1.0,False,sleep_edf,
Chronos_Binning,Patching_LogReg,0.0,0.5,-0.0026664990112959643,-0.553428068330874,1.0,False,sleep_edf,
Chronos_Binning,VQ_LogReg,0.0,0.0625,-0.1789446955257229,-3.9916440428220206,1.0,False,sleep_edf,
EEGNet,PSD_LogReg,0.0,0.0625,0.08226772473606543,2.477431857402106,1.0,False,sleep_edf,
EEGNet,Patching_LogReg,0.0,0.0625,0.20229330644272814,3.6111670429214344,1.0,False,sleep_edf,
EEGNet,VQ_LogReg,1.0,0.125,0.02601510992830123,1.1030656636618608,1.0,False,sleep_edf,
PSD_LogReg,Patching_LogReg,0.0,0.0625,0.12002558170666273,2.419391371382326,1.0,False,sleep_edf,
PSD_LogReg,VQ_LogReg,0.0,0.0625,-0.0562526148077642,-1.4567129840827628,1.0,False,sleep_edf,
Patching_LogReg,VQ_LogReg,0.0,0.0625,-0.17627819651442694,-3.7310988701557575,1.0,False,sleep_edf,
BPE_Bigram_LogReg,BPE_Hist_LogReg,19.0,0.71484375,0.0018518518518518515,0.08535791995526396,1.0,False,ssvep_nakanishi,
BPE_Bigram_LogReg,BPE_Hist_RF,19.5,0.76953125,-0.004320987654320988,-0.17869590224907955,1.0,False,ssvep_nakanishi,
BPE_Bigram_LogReg,BPE_Seq_CNN,12.0,0.8125,-0.002469135802469135,-0.10770565222960256,1.0,False,ssvep_nakanishi,
BPE_Bigram_LogReg,BPE_Seq_CW_Transformer,12.0,0.796875,0.002469135802469135,0.12684039844119838,1.0,False,ssvep_nakanishi,
BPE_Bigram_LogReg,BPE_Seq_Transformer,14.5,0.6640625,0.005555555555555556,0.1774713018832228,1.0,False,ssvep_nakanishi,
BPE_Bigram_LogReg,BPE_WindowedSeq_CNN,17.0,0.890625,-0.002469135802469134,-0.12433397443204175,1.0,False,ssvep_nakanishi,
BPE_Bigram_LogReg,BPE_Windowed_LogReg,13.0,0.546875,0.00617283950617284,0.22173003507924643,1.0,False,ssvep_nakanishi,
BPE_Bigram_LogReg,Chronos_Binning,10.5,0.328125,0.01296296296296296,0.4469855997698705,1.0,False,ssvep_nakanishi,
BPE_Bigram_LogReg,EEGNet,20.5,0.8359375,-0.0018518518518518506,-0.08753762190648165,1.0,False,ssvep_nakanishi,
BPE_Bigram_LogReg,PSD_LogReg,2.0,0.01171875,-0.08518518518518518,-1.2890161452415423,0.78515625,False,ssvep_nakanishi,
BPE_Bigram_LogReg,Patching_LogReg,15.0,0.7421875,-0.001234567901234569,-0.057009216641201746,1.0,False,ssvep_nakanishi,
BPE_Bigram_LogReg,SSVEP_FFT_LogReg,0.0,0.00390625,-0.5753086419753086,-2.4278614287513487,0.35546875,False,ssvep_nakanishi,
BPE_Bigram_LogReg,VQ_LogReg,15.0,0.7109375,-0.0030864197530864187,-0.14967108502231236,1.0,False,ssvep_nakanishi,
BPE_Hist_LogReg,BPE_Hist_RF,18.0,0.65234375,-0.006172839506172839,-0.20165020133963452,1.0,False,ssvep_nakanishi,
BPE_Hist_LogReg,BPE_Seq_CNN,21.5,0.9296875,-0.004320987654320986,-0.151247535495505,1.0,False,ssvep_nakanishi,
BPE_Hist_LogReg,BPE_Seq_CW_Transformer,13.0,0.90625,0.0006172839506172833,0.044054573363672606,1.0,False,ssvep_nakanishi,
BPE_Hist_LogReg,BPE_Seq_Transformer,17.5,0.5859375,0.003703703703703705,0.10709591052033322,1.0,False,ssvep_nakanishi,
BPE_Hist_LogReg,BPE_WindowedSeq_CNN,18.0,0.640625,-0.004320987654320986,-0.19478290326359243,1.0,False,ssvep_nakanishi,
BPE_Hist_LogReg,BPE_Windowed_LogReg,14.0,0.609375,0.004320987654320988,0.16894467665973253,1.0,False,ssvep_nakanishi,
BPE_Hist_LogReg,Chronos_Binning,8.0,0.375,0.01111111111111111,0.36214298417007407,1.0,False,ssvep_nakanishi,
BPE_Hist_LogReg,EEGNet,18.5,0.6875,-0.003703703703703702,-0.16933350266692057,1.0,False,ssvep_nakanishi,
BPE_Hist_LogReg,PSD_LogReg,0.0,0.0078125,-0.08703703703703704,-1.4641105156834597,0.578125,False,ssvep_nakanishi,
BPE_Hist_LogReg,Patching_LogReg,11.5,0.734375,-0.0030864197530864196,-0.11837013737140582,1.0,False,ssvep_nakanishi,
BPE_Hist_LogReg,SSVEP_FFT_LogReg,0.0,0.00390625,-0.5771604938271605,-2.4845831322650596,0.3515625,False,ssvep_nakanishi,
BPE_Hist_LogReg,VQ_LogReg,17.5,0.5859375,-0.004938271604938271,-0.2088694533301219,1.0,False,ssvep_nakanishi,
BPE_Hist_RF,BPE_Seq_CNN,16.5,0.51171875,0.0018518518518518537,0.1721325931647743,1.0,False,ssvep_nakanishi,
BPE_Hist_RF,BPE_Seq_CW_Transformer,11.5,0.3984375,0.006790123456790124,0.2905572456417867,1.0,False,ssvep_nakanishi,
BPE_Hist_RF,BPE_Seq_Transformer,13.5,0.3203125,0.009876543209876545,0.3121097258563482,1.0,False,ssvep_nakanishi,
BPE_Hist_RF,BPE_WindowedSeq_CNN,19.5,0.76953125,0.0018518518518518545,0.08989331499509909,1.0,False,ssvep_nakanishi,
BPE_Hist_RF,BPE_Windowed_LogReg,8.5,0.203125,0.010493827160493827,0.40398970328639416,1.0,False,ssvep_nakanishi,
BPE_Hist_RF,Chronos_Binning,11.0,0.203125,0.017283950617283952,0.5346442734511244,1.0,False,ssvep_nakanishi,
BPE_Hist_RF,EEGNet,16.5,0.8671875,0.002469135802469138,0.10770565222960268,1.0,False,ssvep_nakanishi,
BPE_Hist_RF,PSD_LogReg,1.0,0.0078125,-0.0808641975308642,-1.4701248119214645,0.5703125,False,ssvep_nakanishi,
BPE_Hist_RF,Patching_LogReg,15.5,0.7421875,0.0030864197530864196,0.10401441323571609,1.0,False,ssvep_nakanishi,
BPE_Hist_RF,SSVEP_FFT_LogReg,0.0,0.00390625,-0.5709876543209876,-2.4287816899836643,0.34765625,False,ssvep_nakanishi,
BPE_Hist_RF,VQ_LogReg,21.0,0.88671875,0.0012345679012345696,0.05700921664120178,1.0,False,ssvep_nakanishi,
BPE_Seq_CNN,BPE_Seq_CW_Transformer,16.5,0.5078125,0.00493827160493827,0.23058010728912892,1.0,False,ssvep_nakanishi,
BPE_Seq_CNN,BPE_Seq_Transformer,6.5,0.46875,0.00802469135802469,0.2804467473992485,1.0,False,ssvep_nakanishi,
BPE_Seq_CNN,BPE_WindowedSeq_CNN,13.5,1.0,7.709882115452476e-19,4.09233636297349e-17,1.0,False,ssvep_nakanishi,
BPE_Seq_CNN,BPE_Windowed_LogReg,11.0,0.3828125,0.008641975308641974,0.33526323044997974,1.0,False,ssvep_nakanishi,
BPE_Seq_CNN,Chronos_Binning,8.0,0.1875,0.015432098765432096,0.48032534808686234,1.0,False,ssvep_nakanishi,
BPE_Seq_CNN,EEGNet,17.5,0.9921875,0.000617283950617284,0.02906804801312983,1.0,False,ssvep_nakanishi,
BPE_Seq_CNN,PSD_LogReg,0.0,0.00390625,-0.08271604938271605,-1.5906795392105366,0.34375,False,ssvep_nakanishi,
BPE_Seq_CNN,Patching_LogReg,18.0,1.0,0.001234567901234566,0.045178276504779735,1.0,False,ssvep_nakanishi,
BPE_Seq_CNN,SSVEP_FFT_LogReg,0.0,0.00390625,-0.5728395061728395,-2.4617614745385947,0.33984375,False,ssvep_nakanishi,
BPE_Seq_CNN,VQ_LogReg,13.0,0.953125,-0.000617283950617284,-0.03260773253630124,1.0,False,ssvep_nakanishi,
BPE_Seq_CW_Transformer,BPE_Seq_Transformer,14.0,0.6015625,0.0030864197530864213,0.12043822892165408,1.0,False,ssvep_nakanishi,
BPE_Seq_CW_Transformer,BPE_WindowedSeq_CNN,4.0,0.4375,-0.004938271604938269,-0.41394694704337726,1.0,False,ssvep_nakanishi,
BPE_Seq_CW_Transformer,BPE_Windowed_LogReg,13.0,0.53125,0.0037037037037037043,0.1987615979999813,1.0,False,ssvep_nakanishi,
BPE_Seq_CW_Transformer,Chronos_Binning,6.5,0.125,0.010493827160493827,0.45663301294771547,1.0,False,ssvep_nakanishi,
BPE_Seq_CW_Transformer,EEGNet,6.0,0.4375,-0.0043209876543209855,-0.3125031140851315,1.0,False,ssvep_nakanishi,
BPE_Seq_CW_Transformer,PSD_LogReg,1.0,0.0078125,-0.0876543209876543,-1.5742832490626493,0.5625,False,ssvep_nakanishi,
BPE_Seq_CW_Transformer,Patching_LogReg,11.5,0.71875,-0.0037037037037037043,-0.18490006540840973,1.0,False,ssvep_nakanishi,
BPE_Seq_CW_Transformer,SSVEP_FFT_LogReg,0.0,0.00390625,-0.5777777777777778,-2.5144329834211776,0.3359375,False,ssvep_nakanishi,
BPE_Seq_CW_Transformer,VQ_LogReg,5.0,0.28125,-0.005555555555555553,-0.44721359549995765,1.0,False,ssvep_nakanishi,
BPE_Seq_Transformer,BPE_WindowedSeq_CNN,9.0,0.265625,-0.008024691358024688,-0.4208905403548144,1.0,False,ssvep_nakanishi,
BPE_Seq_Transformer,BPE_Windowed_LogReg,17.0,0.921875,0.0006172839506172825,0.021849117511482025,1.0,False,ssvep_nakanishi,
BPE_Seq_Transformer,Chronos_Binning,16.0,0.48828125,0.007407407407407404,0.3038948705590344,1.0,False,ssvep_nakanishi,
BPE_Seq_Transformer,EEGNet,7.5,0.3125,-0.007407407407407406,-0.3628873693012115,1.0,False,ssvep_nakanishi,
BPE_Seq_Transformer,PSD_LogReg,0.0,0.00390625,-0.09074074074074073,-1.456534676087852,0.33203125,False,ssvep_nakanishi,
BPE_Seq_Transformer,Patching_LogReg,12.5,0.484375,-0.006790123456790125,-0.26706424826738434,1.0,False,ssvep_nakanishi,
BPE_Seq_Transformer,SSVEP_FFT_LogReg,0.0,0.00390625,-0.5808641975308642,-2.4265899141948553,0.328125,False,ssvep_nakanishi,
BPE_Seq_Transformer,VQ_LogReg,11.0,0.3203125,-0.008641975308641976,-0.45815531409556176,1.0,False,ssvep_nakanishi,
BPE_WindowedSeq_CNN,BPE_Windowed_LogReg,11.5,0.20703125,0.008641975308641973,0.5766152590008675,1.0,False,ssvep_nakanishi,
BPE_WindowedSeq_CNN,Chronos_Binning,4.0,0.046875,0.015432098765432096,0.7954565998389126,1.0,False,ssvep_nakanishi,
BPE_WindowedSeq_CNN,EEGNet,1.0,1.0,0.0006172839506172833,0.14213381090374008,1.0,False,ssvep_nakanishi,
BPE_WindowedSeq_CNN,PSD_LogReg,1.0,0.0078125,-0.08271604938271605,-1.5286856376488476,0.5546875,False,ssvep_nakanishi,
BPE_WindowedSeq_CNN,Patching_LogReg,15.5,0.734375,0.001234567901234565,0.08432740427115659,1.0,False,ssvep_nakanishi,
BPE_WindowedSeq_CNN,SSVEP_FFT_LogReg,0.0,0.00390625,-0.5728395061728395,-2.4850660620081158,0.32421875,False,ssvep_nakanishi,
BPE_WindowedSeq_CNN,VQ_LogReg,1.5,0.75,-0.0006172839506172848,-0.18490006540841003,1.0,False,ssvep_nakanishi,
BPE_Windowed_LogReg,Chronos_Binning,19.0,0.71484375,0.006790123456790122,0.22524154283911535,1.0,False,ssvep_nakanishi,
BPE_Windowed_LogReg,EEGNet,9.5,0.2578125,-0.00802469135802469,-0.5264625073333488,1.0,False,ssvep_nakanishi,
BPE_Windowed_LogReg,PSD_LogReg,0.0,0.0078125,-0.09135802469135802,-1.9376226294980377,0.546875,False,ssvep_nakanishi,
BPE_Windowed_LogReg,Patching_LogReg,6.5,0.25,-0.0074074074074074086,-0.40666285422027926,1.0,False,ssvep_nakanishi,
BPE_Windowed_LogReg,SSVEP_FFT_LogReg,0.0,0.00390625,-0.5814814814814815,-2.6444977006614647,0.3203125,False,ssvep_nakanishi,
BPE_Windowed_LogReg,VQ_LogReg,10.0,0.15234375,-0.009259259259259257,-0.6085806194501843,1.0,False,ssvep_nakanishi,
Chronos_Binning,EEGNet,4.0,0.046875,-0.014814814814814812,-0.7619047619047618,1.0,False,ssvep_nakanishi,
Chronos_Binning,PSD_LogReg,0.0,0.00390625,-0.09814814814814815,-1.609389232649112,0.31640625,False,ssvep_nakanishi,
Chronos_Binning,Patching_LogReg,8.5,0.10546875,-0.01419753086419753,-0.6948196567918137,1.0,False,ssvep_nakanishi,
Chronos_Binning,SSVEP_FFT_LogReg,0.0,0.00390625,-0.5882716049382716,-2.5013123359580054,0.3125,False,ssvep_nakanishi,
Chronos_Binning,VQ_LogReg,3.0,0.078125,-0.01604938271604938,-0.8055483147229665,1.0,False,ssvep_nakanishi,
EEGNet,PSD_LogReg,1.0,0.0078125,-0.08333333333333333,-1.5389675281277313,0.5390625,False,ssvep_nakanishi,
EEGNet,Patching_LogReg,13.0,0.90625,0.0006172839506172818,0.042418984198385044,1.0,False,ssvep_nakanishi,
EEGNet,SSVEP_FFT_LogReg,0.0,0.00390625,-0.5734567901234568,-2.485339077811703,0.30859375,False,ssvep_nakanishi,
EEGNet,VQ_LogReg,3.5,0.75,-0.001234567901234568,-0.18490006540840975,1.0,False,ssvep_nakanishi,
PSD_LogReg,Patching_LogReg,0.0,0.00390625,0.0839506172839506,1.585285098236802,0.3046875,False,ssvep_nakanishi,
PSD_LogReg,SSVEP_FFT_LogReg,0.0,0.00390625,-0.4901234567901235,-2.5639664083379117,0.30078125,False,ssvep_nakanishi,
PSD_LogReg,VQ_LogReg,1.0,0.0078125,0.08209876543209876,1.5411552321163793,0.53125,False,ssvep_nakanishi,
Patching_LogReg,SSVEP_FFT_LogReg,0.0,0.00390625,-0.5740740740740741,-2.5689235525120795,0.296875,False,ssvep_nakanishi,
Patching_LogReg,VQ_LogReg,10.0,0.5,-0.00185185185185185,-0.13074409009212257,1.0,False,ssvep_nakanishi,
SSVEP_FFT_LogReg,VQ_LogReg,0.0,0.00390625,0.5722222222222223,2.502352441971246,0.29296875,False,ssvep_nakanishi,
