token_id,merge_level,length_base,duration_ms,dominant_freq_hz,spectral_entropy,hjorth_activity,hjorth_mobility,hjorth_complexity,band_delta,band_theta,band_alpha,band_beta,band_gamma
76,13,4,31.25,0.0,-0.0,0.0,0.0,0.0,0.0,0.0,0.0,0.0,0.0
81,18,4,31.25,0.0,-0.0,0.0,0.0,0.0,0.0,0.0,0.0,0.0,0.0
130,67,4,31.25,0.0,-0.0,0.0,0.0,0.0,0.0,0.0,0.0,0.0,0.0
131,68,4,31.25,0.0,-0.0,0.0,0.0,0.0,0.0,0.0,0.0,0.0,0.0
132,69,4,31.25,0.0,-0.0,0.0,0.0,0.0,0.0,0.0,0.0,0.0,0.0
133,70,4,31.25,0.0,-0.0,0.0,0.0,0.0,0.0,0.0,0.0,0.0,0.0
134,71,4,31.25,0.0,-0.0,0.0,0.0,0.0,0.0,0.0,0.0,0.0,0.0
135,72,4,31.25,0.0,-0.0,0.0,0.0,0.0,0.0,0.0,0.0,0.0,0.0
136,73,4,31.25,0.0,-0.0,0.0,0.0,0.0,0.0,0.0,0.0,0.0,0.0
137,74,8,62.5,0.0,-0.0,0.0,0.0,0.0,0.0,0.0,0.0,0.0,0.0
138,75,4,31.25,0.0,-0.0,0.0,0.0,0.0,0.0,0.0,0.0,0.0,0.0
139,76,4,31.25,0.0,-0.0,0.0,0.0,0.0,0.0,0.0,0.0,0.0,0.0
140,77,4,31.25,0.0,-0.0,0.0,0.0,0.0,0.0,0.0,0.0,0.0,0.0
141,78,4,31.25,0.0,-0.0,0.0,0.0,0.0,0.0,0.0,0.0,0.0,0.0
142,79,4,31.25,0.0,-0.0,0.0,0.0,0.0,0.0,0.0,0.0,0.0,0.0
143,80,8,62.5,0.0,-0.0,0.0,0.0,0.0,0.0,0.0,0.0,0.0,0.0
144,81,4,31.25,0.0,-0.0,0.0,0.0,0.0,0.0,0.0,0.0,0.0,0.0
145,82,4,31.25,0.0,-0.0,0.0,0.0,0.0,0.0,0.0,0.0,0.0,0.0
146,83,4,31.25,0.0,-0.0,0.0,0.0,0.0,0.0,0.0,0.0,0.0,0.0
147,84,4,31.25,0.0,-0.0,0.0,0.0,0.0,0.0,0.0,0.0,0.0,0.0
148,85,4,31.25,0.0,-0.0,0.0,0.0,0.0,0.0,0.0,0.0,0.0,0.0
149,86,4,31.25,0.0,-0.0,0.0,0.0,0.0,0.0,0.0,0.0,0.0,0.0
150,87,4,31.25,0.0,-0.0,0.0,0.0,0.0,0.0,0.0,0.0,0.0,0.0
151,88,4,31.25,0.0,-0.0,0.0,0.0,0.0,0.0,0.0,0.0,0.0,0.0
152,89,4,31.25,0.0,-0.0,0.0,0.0,0.0,0.0,0.0,0.0,0.0,0.0
153,90,4,31.25,0.0,-0.0,0.0,0.0,0.0,0.0,0.0,0.0,0.0,0.0
154,91,4,31.25,0.0,-0.0,0.0,0.0,0.0,0.0,0.0,0.0,0.0,0.0
155,92,4,31.25,0.0,-0.0,0.0,0.0,0.0,0.0,0.0,0.0,0.0,0.0
156,93,4,31.25,0.0,-0.0,0.0,0.0,0.0,0.0,0.0,0.0,0.0,0.0
157,94,4,31.25,0.0,-0.0,0.0,0.0,0.0,0.0,0.0,0.0,0.0,0.0
158,95,4,31.25,0.0,-0.0,0.0,0.0,0.0,0.0,0.0,0.0,0.0,0.0
159,96,4,31.25,0.0,-0.0,0.0,0.0,0.0,0.0,0.0,0.0,0.0,0.0
160,97,4,31.25,0.0,-0.0,0.0,0.0,0.0,0.0,0.0,0.0,0.0,0.0
161,98,4,31.25,0.0,-0.0,0.0,0.0,0.0,0.0,0.0,0.0,0.0,0.0
162,99,4,31.25,0.0,-0.0,0.0,0.0,0.0,0.0,0.0,0.0,0.0,0.0
163,100,4,31.25,0.0,-0.0,0.0,0.0,0.0,0.0,0.0,0.0,0.0,0.0
164,101,4,31.25,0.0,-0.0,0.0,0.0,0.0,0.0,0.0,0.0,0.0,0.0
165,102,4,31.25,0.0,-0.0,0.0,0.0,0.0,0.0,0.0,0.0,0.0,0.0
166,103,4,31.25,0.0,-0.0,0.0,0.0,0.0,0.0,0.0,0.0,0.0,0.0
167,104,4,31.25,0.0,-0.0,0.0,0.0,0.0,0.0,0.0,0.0,0.0,0.0
168,105,4,31.25,0.0,-0.0,0.0,0.0,0.0,0.0,0.0,0.0,0.0,0.0
169,106,4,31.25,0.0,-0.0,0.0,0.0,0.0,0.0,0.0,0.0,0.0,0.0
170,107,4,31.25,0.0,-0.0,0.0,0.0,0.0,0.0,0.0,0.0,0.0,0.0
171,108,4,31.25,0.0,-0.0,0.0,0.0,0.0,0.0,0.0,0.0,0.0,0.0
172,109,4,31.25,0.0,-0.0,0.0,0.0,0.0,0.0,0.0,0.0,0.0,0.0
173,110,4,31.25,0.0,-0.0,0.0,0.0,0.0,0.0,0.0,0.0,0.0,0.0
174,111,4,31.25,0.0,-0.0,0.0,0.0,0.0,0.0,0.0,0.0,0.0,0.0
175,112,4,31.25,0.0,-0.0,0.0,0.0,0.0,0.0,0.0,0.0,0.0,0.0
176,113,4,31.25,0.0,-0.0,0.0,0.0,0.0,0.0,0.0,0.0,0.0,0.0
177,114,4,31.25,0.0,-0.0,0.0,0.0,0.0,0.0,0.0,0.0,0.0,0.0
178,115,4,31.25,0.0,-0.0,0.0,0.0,0.0,0.0,0.0,0.0,0.0,0.0
180,117,4,31.25,0.0,-0.0,0.0,0.0,0.0,0.0,0.0,0.0,0.0,0.0
181,118,4,31.25,0.0,-0.0,0.0,0.0,0.0,0.0,0.0,0.0,0.0,0.0
183,120,4,31.25,0.0,-0.0,0.0,0.0,0.0,0.0,0.0,0.0,0.0,0.0
184,121,4,31.25,0.0,-0.0,0.0,0.0,0.0,0.0,0.0,0.0,0.0,0.0
185,122,4,31.25,0.0,-0.0,0.0,0.0,0.0,0.0,0.0,0.0,0.0,0.0
186,123,4,31.25,0.0,-0.0,0.0,0.0,0.0,0.0,0.0,0.0,0.0,0.0
187,124,4,31.25,0.0,-0.0,0.0,0.0,0.0,0.0,0.0,0.0,0.0,0.0
188,125,4,31.25,0.0,-0.0,0.0,0.0,0.0,0.0,0.0,0.0,0.0,0.0
189,126,4,31.25,0.0,-0.0,0.0,0.0,0.0,0.0,0.0,0.0,0.0,0.0
190,127,4,31.25,0.0,-0.0,0.0,0.0,0.0,0.0,0.0,0.0,0.0,0.0
192,129,4,31.25,0.0,-0.0,0.0,0.0,0.0,0.0,0.0,0.0,0.0,0.0
194,131,4,31.25,0.0,-0.0,0.0,0.0,0.0,0.0,0.0,0.0,0.0,0.0
195,132,4,31.25,0.0,-0.0,0.0,0.0,0.0,0.0,0.0,0.0,0.0,0.0
197,134,4,31.25,0.0,-0.0,0.0,0.0,0.0,0.0,0.0,0.0,0.0,0.0
201,138,4,31.25,0.0,-0.0,0.0,0.0,0.0,0.0,0.0,0.0,0.0,0.0
202,139,8,62.5,0.0,-0.0,0.0,0.0,0.0,0.0,0.0,0.0,0.0,0.0
203,140,8,62.5,0.0,-0.0,0.0,0.0,0.0,0.0,0.0,0.0,0.0,0.0
204,141,8,62.5,0.0,-0.0,0.0,0.0,0.0,0.0,0.0,0.0,0.0,0.0
207,144,8,62.5,0.0,-0.0,0.0,0.0,0.0,0.0,0.0,0.0,0.0,0.0
208,145,16,125.0,0.0,-0.0,0.0,0.0,0.0,0.0,0.0,0.0,0.0,0.0
209,146,8,62.5,0.0,-0.0,0.0,0.0,0.0,0.0,0.0,0.0,0.0,0.0
210,147,5,39.0625,22.053155816871683,0.9182958340544897,0.0024999999999999996,1.0825317547305484,1.005662977687534,0.0,0.0,0.0,0.0,0.33333333333333326
212,149,8,62.5,0.0,-0.0,0.0,0.0,0.0,0.0,0.0,0.0,0.0,0.0
213,150,8,62.5,0.0,-0.0,0.0,0.0,0.0,0.0,0.0,0.0,0.0,0.0
215,152,8,62.5,0.0,-0.0,0.0,0.0,0.0,0.0,0.0,0.0,0.0,0.0
216,153,8,62.5,0.0,-0.0,0.0,0.0,0.0,0.0,0.0,0.0,0.0,0.0
218,155,8,62.5,0.0,-0.0,0.0,0.0,0.0,0.0,0.0,0.0,0.0,0.0
219,156,8,62.5,0.0,-0.0,0.0,0.0,0.0,0.0,0.0,0.0,0.0,0.0
220,157,8,62.5,0.0,-0.0,0.0,0.0,0.0,0.0,0.0,0.0,0.0,0.0
221,158,8,62.5,0.0,-0.0,0.0,0.0,0.0,0.0,0.0,0.0,0.0,0.0
224,161,8,62.5,0.0,-0.0,0.0,0.0,0.0,0.0,0.0,0.0,0.0,0.0
225,162,8,62.5,0.0,-0.0,0.0,0.0,0.0,0.0,0.0,0.0,0.0,0.0
227,164,8,62.5,0.0,-0.0,0.0,0.0,0.0,0.0,0.0,0.0,0.0,0.0
228,165,8,62.5,0.0,-0.0,0.0,0.0,0.0,0.0,0.0,0.0,0.0,0.0
230,167,8,62.5,0.0,-0.0,0.0,0.0,0.0,0.0,0.0,0.0,0.0,0.0
231,168,8,62.5,0.0,-0.0,0.0,0.0,0.0,0.0,0.0,0.0,0.0,0.0
232,169,5,39.0625,22.053155816871683,0.9182958340544897,0.0024999999999999996,1.0825317547305484,1.005662977687534,0.0,0.0,0.0,0.0,0.33333333333333326
233,170,8,62.5,0.0,-0.0,0.0,0.0,0.0,0.0,0.0,0.0,0.0,0.0
234,171,8,62.5,0.0,-0.0,0.0,0.0,0.0,0.0,0.0,0.0,0.0,0.0
235,172,8,62.5,0.0,-0.0,0.0,0.0,0.0,0.0,0.0,0.0,0.0,0.0
236,173,8,62.5,0.0,-0.0,0.0,0.0,0.0,0.0,0.0,0.0,0.0,0.0
238,175,8,62.5,0.0,-0.0,0.0,0.0,0.0,0.0,0.0,0.0,0.0,0.0
239,176,16,125.0,0.0,-0.0,0.0,0.0,0.0,0.0,0.0,0.0,0.0,0.0
241,178,8,62.5,0.0,-0.0,0.0,0.0,0.0,0.0,0.0,0.0,0.0,0.0
243,180,8,62.5,0.0,-0.0,0.0,0.0,0.0,0.0,0.0,0.0,0.0,0.0
245,182,8,62.5,0.0,-0.0,0.0,0.0,0.0,0.0,0.0,0.0,0.0,0.0
246,183,8,62.5,0.0,-0.0,0.0,0.0,0.0,0.0,0.0,0.0,0.0,0.0
248,185,8,62.5,0.0,-0.0,0.0,0.0,0.0,0.0,0.0,0.0,0.0,0.0
250,187,8,62.5,0.0,-0.0,0.0,0.0,0.0,0.0,0.0,0.0,0.0,0.0
252,189,8,62.5,0.0,-0.0,0.0,0.0,0.0,0.0,0.0,0.0,0.0,0.0
253,190,8,62.5,0.0,-0.0,0.0,0.0,0.0,0.0,0.0,0.0,0.0,0.0
254,191,8,62.5,0.0,-0.0,0.0,0.0,0.0,0.0,0.0,0.0,0.0,0.0
255,192,8,62.5,0.0,-0.0,0.0,0.0,0.0,0.0,0.0,0.0,0.0,0.0
256,193,8,62.5,0.0,-0.0,0.0,0.0,0.0,0.0,0.0,0.0,0.0,0.0
257,194,8,62.5,0.0,-0.0,0.0,0.0,0.0,0.0,0.0,0.0,0.0,0.0
261,198,8,62.5,0.0,-0.0,0.0,0.0,0.0,0.0,0.0,0.0,0.0,0.0
262,199,4,31.25,22.178042346202343,0.8631205685666311,0.0029296875,1.0886621079036347,0.9742785792574934,0.0,0.0,0.0,0.0,0.7142857142857141
263,200,8,62.5,0.0,-0.0,0.0,0.0,0.0,0.0,0.0,0.0,0.0,0.0
265,202,8,62.5,0.0,-0.0,0.0,0.0,0.0,0.0,0.0,0.0,0.0,0.0
266,203,8,62.5,0.0,-0.0,0.0,0.0,0.0,0.0,0.0,0.0,0.0,0.0
267,204,8,62.5,0.0,-0.0,0.0,0.0,0.0,0.0,0.0,0.0,0.0,0.0
268,205,8,62.5,0.0,-0.0,0.0,0.0,0.0,0.0,0.0,0.0,0.0,0.0
269,206,8,62.5,0.0,-0.0,0.0,0.0,0.0,0.0,0.0,0.0,0.0,0.0
270,207,8,62.5,0.0,-0.0,0.0,0.0,0.0,0.0,0.0,0.0,0.0,0.0
271,208,8,62.5,0.0,-0.0,0.0,0.0,0.0,0.0,0.0,0.0,0.0,0.0
272,209,5,39.0625,22.053155816871683,0.9182958340544897,0.0024999999999999996,1.0825317547305484,1.005662977687534,0.0,0.0,0.0,0.0,0.33333333333333326
273,210,8,62.5,0.0,-0.0,0.0,0.0,0.0,0.0,0.0,0.0,0.0,0.0
274,211,8,62.5,0.0,-0.0,0.0,0.0,0.0,0.0,0.0,0.0,0.0,0.0
276,213,5,39.0625,22.053155816871683,0.9182958340544897,0.0024999999999999996,1.0825317547305484,1.005662977687534,0.0,0.0,0.0,0.0,0.33333333333333326
280,217,8,62.5,0.0,-0.0,0.0,0.0,0.0,0.0,0.0,0.0,0.0,0.0
281,218,8,62.5,0.0,-0.0,0.0,0.0,0.0,0.0,0.0,0.0,0.0,0.0
282,219,8,62.5,0.0,-0.0,0.0,0.0,0.0,0.0,0.0,0.0,0.0,0.0
284,221,4,31.25,22.178042346202343,0.8631205685666311,0.0029296875,1.0886621079036347,0.9742785792574934,0.0,0.0,0.0,0.0,0.7142857142857141
285,222,8,62.5,0.0,-0.0,0.0,0.0,0.0,0.0,0.0,0.0,0.0,0.0
286,223,8,62.5,0.0,-0.0,0.0,0.0,0.0,0.0,0.0,0.0,0.0,0.0
287,224,8,62.5,0.0,-0.0,0.0,0.0,0.0,0.0,0.0,0.0,0.0,0.0
288,225,8,62.5,0.0,-0.0,0.0,0.0,0.0,0.0,0.0,0.0,0.0,0.0
289,226,8,62.5,0.0,-0.0,0.0,0.0,0.0,0.0,0.0,0.0,0.0,0.0
292,229,8,62.5,0.0,-0.0,0.0,0.0,0.0,0.0,0.0,0.0,0.0,0.0
294,231,4,31.25,22.178042346202343,0.9182958340544897,0.0029296875,1.0886621079036347,0.9742785792574934,0.0,0.0,0.0,0.0,0.33333333333333326
297,234,8,62.5,0.0,-0.0,0.0,0.0,0.0,0.0,0.0,0.0,0.0,0.0
299,236,4,31.25,11.58210487593933,1.301574289281613,0.0107421875,0.5685352436149612,1.865601444574912,0.0,0.0,0.0,0.0,0.5652173913043478
300,237,4,31.25,22.178042346202343,0.9182958340544897,0.0029296875,1.0886621079036347,0.9742785792574934,0.0,0.0,0.0,0.0,0.33333333333333326
301,238,8,62.5,0.0,-0.0,0.0,0.0,0.0,0.0,0.0,0.0,0.0,0.0
303,240,16,125.0,0.0,-0.0,0.0,0.0,0.0,0.0,0.0,0.0,0.0,0.0
307,244,8,62.5,0.0,-0.0,0.0,0.0,0.0,0.0,0.0,0.0,0.0,0.0
309,246,4,31.25,11.58210487593933,1.301574289281613,0.0107421875,0.5685352436149612,1.865601444574912,0.0,0.0,0.0,0.0,0.5652173913043478
312,249,16,125.0,0.0,-0.0,0.0,0.0,0.0,0.0,0.0,0.0,0.0,0.0
313,250,8,62.5,0.0,-0.0,0.0,0.0,0.0,0.0,0.0,0.0,0.0,0.0
314,251,16,125.0,0.0,-0.0,0.0,0.0,0.0,0.0,0.0,0.0,0.0,0.0
321,258,8,62.5,0.0,-0.0,0.0,0.0,0.0,0.0,0.0,0.0,0.0,0.0
324,261,4,31.25,33.26706351930351,1.251629167387823,0.00390625,1.632993161855452,0.0,0.0,0.0,0.0,0.0,0.6666666666666667
325,262,8,62.5,0.0,-0.0,0.0,0.0,0.0,0.0,0.0,0.0,0.0,0.0
326,263,4,31.25,11.58210487593933,1.301574289281613,0.0107421875,0.5685352436149612,1.865601444574912,0.0,0.0,0.0,0.0,0.5652173913043478
327,264,5,39.0625,22.053155816871683,0.9182958340544897,0.0024999999999999996,1.0825317547305484,1.005662977687534,0.0,0.0,0.0,0.0,0.33333333333333326
329,266,32,250.0,0.0,-0.0,0.0,0.0,0.0,0.0,0.0,0.0,0.0,0.0
332,269,16,125.0,0.0,-0.0,0.0,0.0,0.0,0.0,0.0,0.0,0.0,0.0
334,271,4,31.25,11.58210487593933,1.301574289281613,0.0107421875,0.5685352436149612,1.865601444574912,0.0,0.0,0.0,0.0,0.5652173913043478
338,275,16,125.0,0.0,-0.0,0.0,0.0,0.0,0.0,0.0,0.0,0.0,0.0
342,279,16,125.0,0.0,-0.0,0.0,0.0,0.0,0.0,0.0,0.0,0.0,0.0
344,281,4,31.25,33.26706351930351,1.251629167387823,0.00390625,1.632993161855452,0.0,0.0,0.0,0.0,0.0,0.6666666666666667
345,282,4,31.25,13.581221810508401,1.2344977967946407,0.0234375,0.6666666666666666,0.0,0.0,0.0,0.0,0.0,0.5
347,284,4,31.25,33.26706351930351,1.251629167387823,0.00390625,1.632993161855452,0.0,0.0,0.0,0.0,0.0,0.6666666666666667
349,286,4,31.25,13.581221810508401,1.2344977967946407,0.0234375,0.6666666666666666,0.0,0.0,0.0,0.0,0.0,0.5
351,288,16,125.0,0.0,-0.0,0.0,0.0,0.0,0.0,0.0,0.0,0.0,0.0
353,290,4,31.25,13.581221810508401,1.2344977967946407,0.0234375,0.6666666666666666,0.0,0.0,0.0,0.0,0.0,0.5
354,291,5,39.0625,22.053155816871683,0.9182958340544897,0.0024999999999999996,1.0825317547305484,1.005662977687534,0.0,0.0,0.0,0.0,0.33333333333333326
357,294,4,31.25,11.58210487593933,1.301574289281613,0.0107421875,0.5685352436149612,1.865601444574912,0.0,0.0,0.0,0.0,0.5652173913043478
359,296,16,125.0,0.0,-0.0,0.0,0.0,0.0,0.0,0.0,0.0,0.0,0.0
361,298,16,125.0,0.0,-0.0,0.0,0.0,0.0,0.0,0.0,0.0,0.0,0.0
362,299,16,125.0,0.0,-0.0,0.0,0.0,0.0,0.0,0.0,0.0,0.0,0.0
365,302,4,31.25,13.581221810508401,1.2344977967946407,0.0234375,0.6666666666666666,0.0,0.0,0.0,0.0,0.0,0.5
368,305,4,31.25,11.58210487593933,1.301574289281613,0.0107421875,0.5685352436149612,1.865601444574912,0.0,0.0,0.0,0.0,0.5652173913043478
372,309,16,125.0,0.0,-0.0,0.0,0.0,0.0,0.0,0.0,0.0,0.0,0.0
376,313,16,125.0,0.0,-0.0,0.0,0.0,0.0,0.0,0.0,0.0,0.0,0.0
377,314,16,125.0,0.0,-0.0,0.0,0.0,0.0,0.0,0.0,0.0,0.0,0.0
378,315,16,125.0,0.0,-0.0,0.0,0.0,0.0,0.0,0.0,0.0,0.0,0.0
381,318,16,125.0,0.0,-0.0,0.0,0.0,0.0,0.0,0.0,0.0,0.0,0.0
382,319,4,31.25,33.26706351930351,1.251629167387823,0.00390625,1.632993161855452,0.0,0.0,0.0,0.0,0.0,0.6666666666666667
384,321,4,31.25,13.581221810508401,1.2344977967946407,0.0234375,0.6666666666666666,0.0,0.0,0.0,0.0,0.0,0.5
388,325,16,125.0,0.0,-0.0,0.0,0.0,0.0,0.0,0.0,0.0,0.0,0.0
397,334,16,125.0,0.0,-0.0,0.0,0.0,0.0,0.0,0.0,0.0,0.0,0.0
398,335,16,125.0,0.0,-0.0,0.0,0.0,0.0,0.0,0.0,0.0,0.0,0.0
399,336,6,46.875,13.06704314795249,1.301574289281613,0.009114583333333334,0.6414269805898185,1.3779954745128076,0.0,0.0,0.0,0.0,0.5652173913043477
400,337,4,31.25,11.58210487593933,1.301574289281613,0.0107421875,0.5685352436149612,1.865601444574912,0.0,0.0,0.0,0.0,0.5652173913043478
408,345,4,31.25,13.581221810508401,1.2344977967946407,0.0234375,0.6666666666666666,0.0,0.0,0.0,0.0,0.0,0.5
418,355,6,46.875,13.06704314795249,1.301574289281613,0.009114583333333334,0.6414269805898185,1.3779954745128076,0.0,0.0,0.0,0.0,0.5652173913043477
419,356,4,31.25,11.58210487593933,1.301574289281613,0.0107421875,0.5685352436149612,1.865601444574912,0.0,0.0,0.0,0.0,0.5652173913043478
421,358,5,39.0625,29.404207755828914,0.9182958340544897,0.00375,1.4433756729740645,0.4618802153517006,0.0,0.0,0.0,0.0,0.33333333333333326
422,359,5,39.0625,29.404207755828914,0.9182958340544897,0.00375,1.4433756729740645,0.4618802153517006,0.0,0.0,0.0,0.0,0.33333333333333326
430,367,4,31.25,13.581221810508401,1.2344977967946407,0.0234375,0.6666666666666666,0.0,0.0,0.0,0.0,0.0,0.5
431,368,5,39.0625,22.053155816871683,0.9182958340544897,0.0024999999999999996,1.0825317547305484,1.005662977687534,0.0,0.0,0.0,0.0,0.33333333333333326
432,369,4,31.25,22.178042346202343,0.8631205685666311,0.0029296875,1.0886621079036347,0.9742785792574934,0.0,0.0,0.0,0.0,0.7142857142857141
438,375,4,31.25,11.58210487593933,1.301574289281613,0.0107421875,0.5685352436149612,1.865601444574912,0.0,0.0,0.0,0.0,0.5652173913043478
441,378,4,31.25,13.581221810508401,1.2344977967946407,0.0234375,0.6666666666666666,0.0,0.0,0.0,0.0,0.0,0.5
442,379,6,46.875,13.06704314795249,1.301574289281613,0.009114583333333334,0.6414269805898185,1.3779954745128076,0.0,0.0,0.0,0.0,0.5652173913043477
443,380,16,125.0,0.0,-0.0,0.0,0.0,0.0,0.0,0.0,0.0,0.0,0.0
445,382,16,125.0,0.0,-0.0,0.0,0.0,0.0,0.0,0.0,0.0,0.0,0.0
449,386,16,125.0,0.0,-0.0,0.0,0.0,0.0,0.0,0.0,0.0,0.0,0.0
450,387,4,31.25,22.178042346202343,0.8631205685666311,0.0029296875,1.0886621079036347,0.9742785792574934,0.0,0.0,0.0,0.0,0.7142857142857141
455,392,16,125.0,0.0,-0.0,0.0,0.0,0.0,0.0,0.0,0.0,0.0,0.0
457,394,16,125.0,0.0,-0.0,0.0,0.0,0.0,0.0,0.0,0.0,0.0,0.0
462,399,5,39.0625,22.053155816871683,0.9182958340544896,0.009999999999999998,1.0825317547305484,1.005662977687534,0.0,0.0,0.0,0.0,0.33333333333333337
466,403,16,125.0,0.0,-0.0,0.0,0.0,0.0,0.0,0.0,0.0,0.0,0.0
468,405,5,39.0625,29.404207755828914,0.9182958340544897,0.00375,1.4433756729740645,0.4618802153517006,0.0,0.0,0.0,0.0,0.33333333333333326
474,411,5,39.0625,22.053155816871683,0.9182958340544897,0.0024999999999999996,1.0825317547305484,1.005662977687534,0.0,0.0,0.0,0.0,0.33333333333333326
475,412,16,125.0,0.0,-0.0,0.0,0.0,0.0,0.0,0.0,0.0,0.0,0.0
483,420,16,125.0,0.0,-0.0,0.0,0.0,0.0,0.0,0.0,0.0,0.0,0.0
484,421,4,31.25,11.58210487593933,1.301574289281613,0.0107421875,0.5685352436149612,1.865601444574912,0.0,0.0,0.0,0.0,0.5652173913043478
485,422,4,31.25,13.581221810508401,1.2344977967946407,0.0234375,0.6666666666666666,0.0,0.0,0.0,0.0,0.0,0.5
487,424,6,46.875,13.06704314795249,1.301574289281613,0.009114583333333334,0.6414269805898185,1.3779954745128076,0.0,0.0,0.0,0.0,0.5652173913043477
489,426,16,125.0,0.0,-0.0,0.0,0.0,0.0,0.0,0.0,0.0,0.0,0.0
490,427,16,125.0,0.0,-0.0,0.0,0.0,0.0,0.0,0.0,0.0,0.0,0.0
491,428,16,125.0,0.0,-0.0,0.0,0.0,0.0,0.0,0.0,0.0,0.0,0.0
492,429,16,125.0,0.0,-0.0,0.0,0.0,0.0,0.0,0.0,0.0,0.0,0.0
493,430,5,39.0625,0.0,-0.0,0.0,0.0,0.0,0.0,0.0,0.0,0.0,0.0
494,431,4,31.25,13.581221810508401,1.2344977967946407,0.0234375,0.6666666666666666,0.0,0.0,0.0,0.0,0.0,0.5
495,432,16,125.0,0.0,-0.0,0.0,0.0,0.0,0.0,0.0,0.0,0.0,0.0
496,433,16,125.0,0.0,-0.0,0.0,0.0,0.0,0.0,0.0,0.0,0.0,0.0
497,434,4,31.25,33.26706351930351,1.251629167387823,0.00390625,1.632993161855452,0.0,0.0,0.0,0.0,0.0,0.6666666666666667
498,435,16,125.0,0.0,-0.0,0.0,0.0,0.0,0.0,0.0,0.0,0.0,0.0
501,438,16,125.0,0.0,-0.0,0.0,0.0,0.0,0.0,0.0,0.0,0.0,0.0
503,440,16,125.0,0.0,-0.0,0.0,0.0,0.0,0.0,0.0,0.0,0.0,0.0
504,441,16,125.0,0.0,-0.0,0.0,0.0,0.0,0.0,0.0,0.0,0.0,0.0
505,442,16,125.0,0.0,-0.0,0.0,0.0,0.0,0.0,0.0,0.0,0.0,0.0
508,445,16,125.0,0.0,-0.0,0.0,0.0,0.0,0.0,0.0,0.0,0.0,0.0
511,448,16,125.0,0.0,-0.0,0.0,0.0,0.0,0.0,0.0,0.0,0.0,0.0
513,450,16,125.0,0.0,-0.0,0.0,0.0,0.0,0.0,0.0,0.0,0.0,0.0
514,451,16,125.0,0.0,-0.0,0.0,0.0,0.0,0.0,0.0,0.0,0.0,0.0
515,452,16,125.0,0.0,-0.0,0.0,0.0,0.0,0.0,0.0,0.0,0.0,0.0
516,453,4,31.25,33.26706351930351,1.251629167387823,0.00390625,1.632993161855452,0.0,0.0,0.0,0.0,0.0,0.6666666666666667
517,454,16,125.0,0.0,-0.0,0.0,0.0,0.0,0.0,0.0,0.0,0.0,0.0
519,456,5,39.0625,29.404207755828914,0.9182958340544897,0.00375,1.4433756729740645,0.4618802153517006,0.0,0.0,0.0,0.0,0.33333333333333326
521,458,32,250.0,0.0,-0.0,0.0,0.0,0.0,0.0,0.0,0.0,0.0,0.0
522,459,16,125.0,0.0,-0.0,0.0,0.0,0.0,0.0,0.0,0.0,0.0,0.0
524,461,4,31.25,33.26706351930351,1.251629167387823,0.00390625,1.632993161855452,0.0,0.0,0.0,0.0,0.0,0.6666666666666667
527,464,5,39.0625,22.053155816871683,0.9182958340544897,0.0024999999999999996,1.0825317547305484,1.005662977687534,0.0,0.0,0.0,0.0,0.33333333333333326
528,465,4,31.25,11.58210487593933,0.4854607607459134,0.0107421875,0.5685352436149612,1.865601444574912,0.0,0.0,0.0,0.0,0.8947368421052632
529,466,9,70.3125,21.438117664609553,0.9182958340544899,0.00154320987654321,1.052341140030171,1.0054535300173075,0.0,0.0,0.0,0.0,0.33333333333333304
532,469,32,250.0,0.0,-0.0,0.0,0.0,0.0,0.0,0.0,0.0,0.0,0.0
534,471,16,125.0,0.0,-0.0,0.0,0.0,0.0,0.0,0.0,0.0,0.0,0.0
535,472,4,31.25,13.581221810508401,1.2344977967946407,0.0234375,0.6666666666666666,0.0,0.0,0.0,0.0,0.0,0.5
536,473,4,31.25,11.58210487593933,0.4854607607459134,0.0107421875,0.5685352436149612,1.865601444574912,0.0,0.0,0.0,0.0,0.8947368421052632
538,475,16,125.0,0.0,-0.0,0.0,0.0,0.0,0.0,0.0,0.0,0.0,0.0
539,476,16,125.0,0.0,-0.0,0.0,0.0,0.0,0.0,0.0,0.0,0.0,0.0
540,477,16,125.0,0.0,-0.0,0.0,0.0,0.0,0.0,0.0,0.0,0.0,0.0
541,478,6,46.875,14.741612816742855,1.2344977967946407,0.019097222222222227,0.7236272269866326,0.8637043724883855,0.0,0.0,0.0,0.0,0.5
542,479,4,31.25,22.178042346202343,0.9182958340544897,0.0029296875,1.0886621079036347,0.9742785792574934,0.0,0.0,0.0,0.0,0.33333333333333326
543,480,16,125.0,0.0,-0.0,0.0,0.0,0.0,0.0,0.0,0.0,0.0,0.0
544,481,16,125.0,0.0,-0.0,0.0,0.0,0.0,0.0,0.0,0.0,0.0,0.0
545,482,4,31.25,11.58210487593933,1.301574289281613,0.0107421875,0.5685352436149612,1.865601444574912,0.0,0.0,0.0,0.0,0.5652173913043478
547,484,9,70.3125,21.438117664609553,0.9182958340544899,0.00154320987654321,1.052341140030171,1.0054535300173075,0.0,0.0,0.0,0.0,0.33333333333333304
548,485,6,46.875,13.06704314795249,1.301574289281613,0.009114583333333334,0.6414269805898185,1.3779954745128076,0.0,0.0,0.0,0.0,0.5652173913043477
549,486,4,31.25,22.178042346202343,0.9182958340544897,0.0029296875,1.0886621079036347,0.9742785792574934,0.0,0.0,0.0,0.0,0.33333333333333326
550,487,16,125.0,0.0,-0.0,0.0,0.0,0.0,0.0,0.0,0.0,0.0,0.0
551,488,5,39.0625,22.053155816871683,0.9182958340544897,0.0024999999999999996,1.0825317547305484,1.005662977687534,0.0,0.0,0.0,0.0,0.33333333333333326
552,489,16,125.0,0.0,-0.0,0.0,0.0,0.0,0.0,0.0,0.0,0.0,0.0
553,490,16,125.0,0.0,-0.0,0.0,0.0,0.0,0.0,0.0,0.0,0.0,0.0
554,491,4,31.25,33.26706351930351,1.251629167387823,0.00390625,1.632993161855452,0.0,0.0,0.0,0.0,0.0,0.6666666666666667
555,492,16,125.0,0.0,-0.0,0.0,0.0,0.0,0.0,0.0,0.0,0.0,0.0
556,493,32,250.0,0.0,-0.0,0.0,0.0,0.0,0.0,0.0,0.0,0.0,0.0
557,494,16,125.0,0.0,-0.0,0.0,0.0,0.0,0.0,0.0,0.0,0.0,0.0
560,497,4,31.25,11.58210487593933,1.301574289281613,0.0107421875,0.5685352436149612,1.865601444574912,0.0,0.0,0.0,0.0,0.5652173913043478
561,498,4,31.25,33.26706351930351,1.251629167387823,0.00390625,1.632993161855452,0.0,0.0,0.0,0.0,0.0,0.6666666666666667
562,499,4,31.25,15.498819766400542,1.1696378781237324,0.0419921875,0.7607965362099409,0.5269370242742678,0.0,0.0,0.0,0.0,0.4603174603174603
564,501,32,250.0,0.0,-0.0,0.0,0.0,0.0,0.0,0.0,0.0,0.0,0.0
567,504,4,31.25,33.26706351930351,1.251629167387823,0.00390625,1.632993161855452,0.0,0.0,0.0,0.0,0.0,0.6666666666666667
568,505,4,31.25,15.498819766400542,1.1696378781237324,0.0419921875,0.7607965362099409,0.5269370242742678,0.0,0.0,0.0,0.0,0.4603174603174603
570,507,4,31.25,11.58210487593933,1.301574289281613,0.0107421875,0.5685352436149612,1.865601444574912,0.0,0.0,0.0,0.0,0.5652173913043478
574,511,16,125.0,0.0,-0.0,0.0,0.0,0.0,0.0,0.0,0.0,0.0,0.0
575,512,4,31.25,33.26706351930351,1.251629167387823,0.00390625,1.632993161855452,0.0,0.0,0.0,0.0,0.0,0.6666666666666667
577,514,4,31.25,15.498819766400542,1.1696378781237324,0.0419921875,0.7607965362099409,0.5269370242742678,0.0,0.0,0.0,0.0,0.4603174603174603
580,517,5,39.0625,22.053155816871683,0.9182958340544897,0.0024999999999999996,1.0825317547305484,1.005662977687534,0.0,0.0,0.0,0.0,0.33333333333333326
581,518,16,125.0,0.0,-0.0,0.0,0.0,0.0,0.0,0.0,0.0,0.0,0.0
583,520,16,125.0,0.0,-0.0,0.0,0.0,0.0,0.0,0.0,0.0,0.0,0.0
584,521,64,500.0,0.0,-0.0,0.0,0.0,0.0,0.0,0.0,0.0,0.0,0.0
588,525,5,39.0625,0.0,-0.0,0.0,0.0,0.0,0.0,0.0,0.0,0.0,0.0
589,526,6,46.875,13.06704314795249,1.301574289281613,0.009114583333333334,0.6414269805898185,1.3779954745128076,0.0,0.0,0.0,0.0,0.5652173913043477
590,527,4,31.25,33.26706351930351,1.251629167387823,0.00390625,1.632993161855452,0.0,0.0,0.0,0.0,0.0,0.6666666666666667
591,528,4,31.25,22.178042346202343,0.9182958340544897,0.0029296875,1.0886621079036347,0.9742785792574934,0.0,0.0,0.0,0.0,0.33333333333333326
592,529,32,250.0,0.0,-0.0,0.0,0.0,0.0,0.0,0.0,0.0,0.0,0.0
593,530,4,31.25,33.26706351930351,1.251629167387823,0.00390625,1.632993161855452,0.0,0.0,0.0,0.0,0.0,0.6666666666666667
594,531,4,31.25,22.178042346202343,0.9182958340544897,0.0029296875,1.0886621079036347,0.9742785792574934,0.0,0.0,0.0,0.0,0.33333333333333326
597,534,6,46.875,14.741612816742855,1.2344977967946407,0.019097222222222227,0.7236272269866326,0.8637043724883855,0.0,0.0,0.0,0.0,0.5
598,535,5,39.0625,22.053155816871683,0.9182958340544897,0.0024999999999999996,1.0825317547305484,1.005662977687534,0.0,0.0,0.0,0.0,0.33333333333333326
600,537,5,39.0625,9.624786270806684,0.9807983646944296,0.035,0.472455591261534,1.4110673659011153,0.0,0.0,0.0,0.0,0.5813953488372092
601,538,4,31.25,15.498819766400542,1.1696378781237324,0.0419921875,0.7607965362099409,0.5269370242742678,0.0,0.0,0.0,0.0,0.4603174603174603
604,541,6,46.875,14.741612816742855,1.2344977967946407,0.019097222222222227,0.7236272269866326,0.8637043724883855,0.0,0.0,0.0,0.0,0.5
605,542,4,31.25,11.58210487593933,0.4854607607459134,0.0107421875,0.5685352436149612,1.865601444574912,0.0,0.0,0.0,0.0,0.8947368421052632
606,543,4,31.25,11.58210487593933,0.4854607607459134,0.0107421875,0.5685352436149612,1.865601444574912,0.0,0.0,0.0,0.0,0.8947368421052632
608,545,32,250.0,0.0,-0.0,0.0,0.0,0.0,0.0,0.0,0.0,0.0,0.0
609,546,4,31.25,33.26706351930351,1.251629167387823,0.00390625,1.632993161855452,0.0,0.0,0.0,0.0,0.0,0.6666666666666667
610,547,16,125.0,0.0,-0.0,0.0,0.0,0.0,0.0,0.0,0.0,0.0,0.0
612,549,4,31.25,22.178042346202343,0.9182958340544897,0.0029296875,1.0886621079036347,0.9742785792574934,0.0,0.0,0.0,0.0,0.33333333333333326
613,550,4,31.25,15.498819766400542,1.1696378781237324,0.0419921875,0.7607965362099409,0.5269370242742678,0.0,0.0,0.0,0.0,0.4603174603174603
615,552,4,31.25,13.581221810508401,1.2344977967946407,0.0234375,0.6666666666666666,0.0,0.0,0.0,0.0,0.0,0.5
617,554,16,125.0,0.0,-0.0,0.0,0.0,0.0,0.0,0.0,0.0,0.0,0.0
618,555,4,31.25,13.581221810508401,0.5689955935892811,0.0234375,0.6666666666666666,0.0,0.0,0.0,0.0,0.0,0.9000000000000001
619,556,32,250.0,0.0,-0.0,0.0,0.0,0.0,0.0,0.0,0.0,0.0,0.0
621,558,4,31.25,13.581221810508401,0.5689955935892811,0.0234375,0.6666666666666666,0.0,0.0,0.0,0.0,0.0,0.9000000000000001
622,559,5,39.0625,9.624786270806684,0.9807983646944296,0.035,0.472455591261534,1.4110673659011153,0.0,0.0,0.0,0.0,0.5813953488372092
623,560,32,250.0,0.0,-0.0,0.0,0.0,0.0,0.0,0.0,0.0,0.0,0.0
625,562,5,39.0625,7.564170041041565,0.8631205685666311,0.021249999999999998,0.37130532861625287,2.9319862226614473,0.0,0.0,0.0,0.0,0.7142857142857142
626,563,4,31.25,33.26706351930351,1.251629167387823,0.00390625,1.632993161855452,0.0,0.0,0.0,0.0,0.0,0.6666666666666667
627,564,16,125.0,0.0,-0.0,0.0,0.0,0.0,0.0,0.0,0.0,0.0,0.0
628,565,5,39.0625,22.053155816871683,0.9182958340544896,0.009999999999999998,1.0825317547305484,1.005662977687534,0.0,0.0,0.0,0.0,0.33333333333333337
631,568,4,31.25,22.178042346202343,0.9182958340544897,0.0029296875,1.0886621079036347,0.9742785792574934,0.0,0.0,0.0,0.0,0.33333333333333326
634,571,4,31.25,33.26706351930351,1.251629167387823,0.00390625,1.632993161855452,0.0,0.0,0.0,0.0,0.0,0.6666666666666667
635,572,4,31.25,22.178042346202343,0.9182958340544896,0.01171875,1.0886621079036347,0.9742785792574934,0.0,0.0,0.0,0.0,0.33333333333333337
636,573,5,39.0625,22.053155816871683,0.9182958340544897,0.0024999999999999996,1.0825317547305484,1.005662977687534,0.0,0.0,0.0,0.0,0.33333333333333326
637,574,4,31.25,11.58210487593933,1.301574289281613,0.0107421875,0.5685352436149612,1.865601444574912,0.0,0.0,0.0,0.0,0.5652173913043478
639,576,4,31.25,15.498819766400542,1.1696378781237324,0.0419921875,0.7607965362099409,0.5269370242742678,0.0,0.0,0.0,0.0,0.4603174603174603
640,577,4,31.25,13.581221810508401,1.2344977967946407,0.0234375,0.6666666666666666,0.0,0.0,0.0,0.0,0.0,0.5
641,578,4,31.25,13.581221810508401,1.2344977967946407,0.0234375,0.6666666666666666,0.0,0.0,0.0,0.0,0.0,0.5
642,579,4,31.25,22.178042346202343,0.9182958340544897,0.0029296875,1.0886621079036347,0.9742785792574934,0.0,0.0,0.0,0.0,0.33333333333333326
646,583,32,250.0,0.0,-0.0,0.0,0.0,0.0,0.0,0.0,0.0,0.0,0.0
647,584,4,31.25,22.178042346202343,0.9182958340544896,0.01171875,1.0886621079036347,0.9742785792574934,0.0,0.0,0.0,0.0,0.33333333333333337
648,585,6,46.875,14.741612816742855,1.2344977967946407,0.019097222222222227,0.7236272269866326,0.8637043724883855,0.0,0.0,0.0,0.0,0.5
649,586,5,39.0625,9.624786270806684,0.9807983646944296,0.035,0.472455591261534,1.4110673659011153,0.0,0.0,0.0,0.0,0.5813953488372092
654,591,4,31.25,15.498819766400542,1.1696378781237324,0.0419921875,0.7607965362099409,0.5269370242742678,0.0,0.0,0.0,0.0,0.4603174603174603
656,593,16,125.0,0.0,-0.0,0.0,0.0,0.0,0.0,0.0,0.0,0.0,0.0
657,594,5,39.0625,7.564170041041565,0.8631205685666311,0.021249999999999998,0.37130532861625287,2.9319862226614473,0.0,0.0,0.0,0.0,0.7142857142857142
658,595,4,31.25,13.581221810508401,1.2344977967946407,0.0234375,0.6666666666666666,0.0,0.0,0.0,0.0,0.0,0.5
659,596,4,31.25,22.178042346202343,0.9182958340544897,0.0029296875,1.0886621079036347,0.9742785792574934,0.0,0.0,0.0,0.0,0.33333333333333326
660,597,4,31.25,33.26706351930351,1.251629167387823,0.00390625,1.632993161855452,0.0,0.0,0.0,0.0,0.0,0.6666666666666667
661,598,5,39.0625,9.624786270806684,0.9807983646944296,0.035,0.472455591261534,1.4110673659011153,0.0,0.0,0.0,0.0,0.5813953488372092
662,599,32,250.0,0.0,-0.0,0.0,0.0,0.0,0.0,0.0,0.0,0.0,0.0
663,600,5,39.0625,22.053155816871683,0.9182958340544897,0.0024999999999999996,1.0825317547305484,1.005662977687534,0.0,0.0,0.0,0.0,0.33333333333333326
665,602,4,31.25,22.178042346202343,0.9182958340544896,0.01171875,1.0886621079036347,0.9742785792574934,0.0,0.0,0.0,0.0,0.33333333333333337
666,603,5,39.0625,14.484282889943131,1.2344977967946407,0.021250000000000005,0.7109955737431513,0.7996326061803949,0.0,0.0,0.0,0.0,0.5
667,604,4,31.25,33.26706351930351,1.251629167387823,0.00390625,1.632993161855452,0.0,0.0,0.0,0.0,0.0,0.6666666666666667
669,606,4,31.25,11.58210487593933,0.4854607607459134,0.0107421875,0.5685352436149612,1.865601444574912,0.0,0.0,0.0,0.0,0.8947368421052632
671,608,4,31.25,11.58210487593933,0.4854607607459134,0.0107421875,0.5685352436149612,1.865601444574912,0.0,0.0,0.0,0.0,0.8947368421052632
672,609,4,31.25,15.498819766400542,1.1696378781237324,0.0419921875,0.7607965362099409,0.5269370242742678,0.0,0.0,0.0,0.0,0.4603174603174603
673,610,6,46.875,13.06704314795249,1.301574289281613,0.009114583333333334,0.6414269805898185,1.3779954745128076,0.0,0.0,0.0,0.0,0.5652173913043477
674,611,5,39.0625,22.053155816871683,0.9182958340544896,0.009999999999999998,1.0825317547305484,1.005662977687534,0.0,0.0,0.0,0.0,0.33333333333333337
675,612,4,31.25,13.581221810508401,1.2344977967946407,0.0234375,0.6666666666666666,0.0,0.0,0.0,0.0,0.0,0.5
676,613,32,250.0,0.0,-0.0,0.0,0.0,0.0,0.0,0.0,0.0,0.0,0.0
679,616,4,31.25,30.643369160404063,1.301574289281613,0.0107421875,1.5042028661807099,0.26651449208213035,0.0,0.0,0.0,0.0,0.5652173913043478
681,618,4,31.25,11.58210487593933,1.301574289281613,0.0107421875,0.5685352436149612,1.865601444574912,0.0,0.0,0.0,0.0,0.5652173913043478
682,619,4,31.25,15.498819766400542,1.1696378781237324,0.0419921875,0.7607965362099409,0.5269370242742678,0.0,0.0,0.0,0.0,0.4603174603174603
683,620,32,250.0,0.0,-0.0,0.0,0.0,0.0,0.0,0.0,0.0,0.0,0.0
685,622,32,250.0,0.0,-0.0,0.0,0.0,0.0,0.0,0.0,0.0,0.0,0.0
687,624,4,31.25,33.26706351930351,1.251629167387823,0.00390625,1.632993161855452,0.0,0.0,0.0,0.0,0.0,0.6666666666666667
688,625,32,250.0,0.0,-0.0,0.0,0.0,0.0,0.0,0.0,0.0,0.0,0.0
689,626,4,31.25,33.26706351930351,1.251629167387823,0.00390625,1.632993161855452,0.0,0.0,0.0,0.0,0.0,0.6666666666666667
690,627,5,39.0625,7.564170041041565,0.8631205685666311,0.021249999999999998,0.37130532861625287,2.9319862226614473,0.0,0.0,0.0,0.0,0.7142857142857142
691,628,5,39.0625,22.053155816871683,0.9182958340544897,0.0024999999999999996,1.0825317547305484,1.005662977687534,0.0,0.0,0.0,0.0,0.33333333333333326
695,632,5,39.0625,22.053155816871683,0.9182958340544896,0.009999999999999998,1.0825317547305484,1.005662977687534,0.0,0.0,0.0,0.0,0.33333333333333337
696,633,5,39.0625,7.564170041041565,0.8631205685666311,0.021249999999999998,0.37130532861625287,2.9319862226614473,0.0,0.0,0.0,0.0,0.7142857142857142
697,634,4,31.25,30.643369160404063,1.301574289281613,0.0107421875,1.5042028661807099,0.26651449208213035,0.0,0.0,0.0,0.0,0.5652173913043478
698,635,6,46.875,13.06704314795249,1.301574289281613,0.009114583333333334,0.6414269805898185,1.3779954745128076,0.0,0.0,0.0,0.0,0.5652173913043477
701,638,4,31.25,22.178042346202343,0.9182958340544897,0.0029296875,1.0886621079036347,0.9742785792574934,0.0,0.0,0.0,0.0,0.33333333333333326
702,639,32,250.0,0.0,-0.0,0.0,0.0,0.0,0.0,0.0,0.0,0.0,0.0
703,640,5,39.0625,9.624786270806684,0.9807983646944296,0.035,0.472455591261534,1.4110673659011153,0.0,0.0,0.0,0.0,0.5813953488372092
705,642,4,31.25,11.58210487593933,0.4854607607459134,0.0107421875,0.5685352436149612,1.865601444574912,0.0,0.0,0.0,0.0,0.8947368421052632
707,644,4,31.25,15.498819766400542,1.1696378781237324,0.0419921875,0.7607965362099409,0.5269370242742678,0.0,0.0,0.0,0.0,0.4603174603174603
708,645,5,39.0625,14.484282889943131,1.2344977967946407,0.021250000000000005,0.7109955737431513,0.7996326061803949,0.0,0.0,0.0,0.0,0.5
709,646,4,31.25,22.178042346202343,0.9182958340544896,0.01171875,1.0886621079036347,0.9742785792574934,0.0,0.0,0.0,0.0,0.33333333333333337
710,647,4,31.25,30.643369160404063,1.301574289281613,0.0107421875,1.5042028661807099,0.26651449208213035,0.0,0.0,0.0,0.0,0.5652173913043478
711,648,4,31.25,22.178042346202343,0.9182958340544897,0.0029296875,1.0886621079036347,0.9742785792574934,0.0,0.0,0.0,0.0,0.33333333333333326
712,649,4,31.25,33.26706351930351,1.251629167387823,0.00390625,1.632993161855452,0.0,0.0,0.0,0.0,0.0,0.6666666666666667
713,650,4,31.25,13.581221810508401,1.2344977967946407,0.0234375,0.6666666666666666,0.0,0.0,0.0,0.0,0.0,0.5
714,651,4,31.25,30.643369160404063,1.301574289281613,0.0107421875,1.5042028661807099,0.26651449208213035,0.0,0.0,0.0,0.0,0.5652173913043478
715,652,4,31.25,22.178042346202343,0.9182958340544897,0.0029296875,1.0886621079036347,0.9742785792574934,0.0,0.0,0.0,0.0,0.33333333333333326
716,653,5,39.0625,22.57212460476192,1.251629167387823,0.00875,1.1080065755348978,0.5131154057822237,0.0,0.0,0.0,0.0,0.6666666666666667
717,654,5,39.0625,22.053155816871683,0.9182958340544897,0.0024999999999999996,1.0825317547305484,1.005662977687534,0.0,0.0,0.0,0.0,0.33333333333333326
718,655,5,39.0625,14.484282889943131,1.2344977967946407,0.021250000000000005,0.7109955737431513,0.7996326061803949,0.0,0.0,0.0,0.0,0.5
721,658,4,31.25,11.58210487593933,0.4854607607459134,0.0107421875,0.5685352436149612,1.865601444574912,0.0,0.0,0.0,0.0,0.8947368421052632
724,661,32,250.0,0.0,-0.0,0.0,0.0,0.0,0.0,0.0,0.0,0.0,0.0
725,662,5,39.0625,22.053155816871683,0.9182958340544897,0.0024999999999999996,1.0825317547305484,1.005662977687534,0.0,0.0,0.0,0.0,0.33333333333333326
726,663,5,39.0625,22.053155816871683,0.9182958340544897,0.0024999999999999996,1.0825317547305484,1.005662977687534,0.0,0.0,0.0,0.0,0.33333333333333326
727,664,4,31.25,22.178042346202343,0.8631205685666311,0.01171875,1.0886621079036347,0.9742785792574934,0.0,0.0,0.0,0.0,0.7142857142857142
728,665,4,31.25,11.58210487593933,1.301574289281613,0.0107421875,0.5685352436149612,1.865601444574912,0.0,0.0,0.0,0.0,0.5652173913043478
730,667,4,31.25,13.581221810508401,1.2344977967946407,0.0234375,0.6666666666666666,0.0,0.0,0.0,0.0,0.0,0.5
731,668,4,31.25,30.643369160404063,1.069385738534449,0.0107421875,1.5042028661807099,0.26651449208213035,0.0,0.0,0.0,0.0,0.7142857142857142
733,670,4,31.25,22.178042346202343,0.9182958340544896,0.01171875,1.0886621079036347,0.9742785792574934,0.0,0.0,0.0,0.0,0.33333333333333337
734,671,32,250.0,0.0,-0.0,0.0,0.0,0.0,0.0,0.0,0.0,0.0,0.0
735,672,32,250.0,0.0,-0.0,0.0,0.0,0.0,0.0,0.0,0.0,0.0,0.0
738,675,5,39.0625,12.732395447351628,0.8631205685666311,0.01,0.625,1.5084944665313014,0.0,0.0,0.0,0.0,0.7142857142857141
739,676,5,39.0625,7.564170041041565,0.8631205685666311,0.021249999999999998,0.37130532861625287,2.9319862226614473,0.0,0.0,0.0,0.0,0.7142857142857142
741,678,4,31.25,30.643369160404063,1.301574289281613,0.0107421875,1.5042028661807099,0.26651449208213035,0.0,0.0,0.0,0.0,0.5652173913043478
743,680,6,46.875,16.24446614226095,1.1696378781237324,0.033420138888888895,0.7973983670939865,0.8916441305671104,0.0,0.0,0.0,0.0,0.4603174603174603
746,683,4,31.25,13.581221810508401,0.5689955935892811,0.0234375,0.6666666666666666,0.0,0.0,0.0,0.0,0.0,0.9000000000000001
748,685,4,31.25,30.643369160404063,1.301574289281613,0.0107421875,1.5042028661807099,0.26651449208213035,0.0,0.0,0.0,0.0,0.5652173913043478
749,686,5,39.0625,9.624786270806684,0.9807983646944296,0.035,0.472455591261534,1.4110673659011153,0.0,0.0,0.0,0.0,0.5813953488372092
750,687,4,31.25,22.178042346202343,0.9182958340544896,0.01171875,1.0886621079036347,0.9742785792574934,0.0,0.0,0.0,0.0,0.33333333333333337
752,689,5,39.0625,7.564170041041565,0.8631205685666311,0.021249999999999998,0.37130532861625287,2.9319862226614473,0.0,0.0,0.0,0.0,0.7142857142857142
753,690,4,31.25,22.178042346202343,0.8631205685666311,0.0029296875,1.0886621079036347,0.9742785792574934,0.0,0.0,0.0,0.0,0.7142857142857141
755,692,4,31.25,22.178042346202343,0.9182958340544897,0.0029296875,1.0886621079036347,0.9742785792574934,0.0,0.0,0.0,0.0,0.33333333333333326
756,693,4,31.25,13.581221810508401,1.2344977967946407,0.0234375,0.6666666666666666,0.0,0.0,0.0,0.0,0.0,0.5
761,698,4,31.25,13.581221810508401,1.2344977967946407,0.0234375,0.6666666666666666,0.0,0.0,0.0,0.0,0.0,0.5
762,699,4,31.25,22.178042346202343,0.9182958340544897,0.0029296875,1.0886621079036347,0.9742785792574934,0.0,0.0,0.0,0.0,0.33333333333333326
763,700,4,31.25,30.643369160404063,1.301574289281613,0.0107421875,1.5042028661807099,0.26651449208213035,0.0,0.0,0.0,0.0,0.5652173913043478
765,702,4,31.25,30.643369160404063,1.301574289281613,0.0107421875,1.5042028661807099,0.26651449208213035,0.0,0.0,0.0,0.0,0.5652173913043478
766,703,32,250.0,0.0,-0.0,0.0,0.0,0.0,0.0,0.0,0.0,0.0,0.0
767,704,6,46.875,20.453157720621228,0.6840384356390417,0.008680555555555554,1.0039920318408908,0.6654964218749373,0.0,0.0,0.0,0.0,0.8181818181818181
769,706,4,31.25,33.26706351930351,1.251629167387823,0.00390625,1.632993161855452,0.0,0.0,0.0,0.0,0.0,0.6666666666666667
770,707,5,39.0625,20.7919146995647,1.2344977967946407,0.01875,1.0206207261596576,0.0,0.0,0.0,0.0,0.0,0.5
771,708,4,31.25,22.178042346202343,0.8631205685666311,0.01171875,1.0886621079036347,0.9742785792574934,0.0,0.0,0.0,0.0,0.7142857142857142
772,709,32,250.0,0.0,-0.0,0.0,0.0,0.0,0.0,0.0,0.0,0.0,0.0
773,710,5,39.0625,14.484282889943131,1.2344977967946407,0.021250000000000005,0.7109955737431513,0.7996326061803949,0.0,0.0,0.0,0.0,0.5
774,711,4,31.25,30.643369160404063,1.069385738534449,0.0107421875,1.5042028661807099,0.26651449208213035,0.0,0.0,0.0,0.0,0.7142857142857142
775,712,4,31.25,30.643369160404063,1.301574289281613,0.0107421875,1.5042028661807099,0.26651449208213035,0.0,0.0,0.0,0.0,0.5652173913043478
776,713,4,31.25,15.498819766400542,1.1696378781237324,0.0419921875,0.7607965362099409,0.5269370242742678,0.0,0.0,0.0,0.0,0.4603174603174603
778,715,4,31.25,11.58210487593933,1.301574289281613,0.0107421875,0.5685352436149612,1.865601444574912,0.0,0.0,0.0,0.0,0.5652173913043478
783,720,4,31.25,30.643369160404063,1.069385738534449,0.0107421875,1.5042028661807099,0.26651449208213035,0.0,0.0,0.0,0.0,0.7142857142857142
784,721,6,46.875,14.741612816742855,1.2344977967946407,0.019097222222222227,0.7236272269866326,0.8637043724883855,0.0,0.0,0.0,0.0,0.5
785,722,4,31.25,30.643369160404063,1.069385738534449,0.0107421875,1.5042028661807099,0.26651449208213035,0.0,0.0,0.0,0.0,0.7142857142857142
786,723,5,39.0625,20.7919146995647,1.2344977967946407,0.01875,1.0206207261596576,0.0,0.0,0.0,0.0,0.0,0.5
787,724,4,31.25,22.178042346202343,0.9182958340544896,0.01171875,1.0886621079036347,0.9742785792574934,0.0,0.0,0.0,0.0,0.33333333333333337
788,725,4,31.25,11.58210487593933,1.301574289281613,0.0107421875,0.5685352436149612,1.865601444574912,0.0,0.0,0.0,0.0,0.5652173913043478
789,726,4,31.25,30.643369160404063,1.301574289281613,0.0107421875,1.5042028661807099,0.26651449208213035,0.0,0.0,0.0,0.0,0.5652173913043478
790,727,5,39.0625,20.7919146995647,1.2344977967946407,0.01875,1.0206207261596576,0.0,0.0,0.0,0.0,0.0,0.5
792,729,5,39.0625,20.7919146995647,1.2344977967946407,0.01875,1.0206207261596576,0.0,0.0,0.0,0.0,0.0,0.5
793,730,5,39.0625,20.7919146995647,1.2344977967946407,0.01875,1.0206207261596576,0.0,0.0,0.0,0.0,0.0,0.5
794,731,4,31.25,30.643369160404063,1.301574289281613,0.0107421875,1.5042028661807099,0.26651449208213035,0.0,0.0,0.0,0.0,0.5652173913043478
795,732,4,31.25,30.643369160404063,1.301574289281613,0.0107421875,1.5042028661807099,0.26651449208213035,0.0,0.0,0.0,0.0,0.5652173913043478
796,733,4,31.25,30.643369160404063,1.069385738534449,0.0107421875,1.5042028661807099,0.26651449208213035,0.0,0.0,0.0,0.0,0.7142857142857142
797,734,4,31.25,11.58210487593933,1.301574289281613,0.0107421875,0.5685352436149612,1.865601444574912,0.0,0.0,0.0,0.0,0.5652173913043478
798,735,4,31.25,13.581221810508401,1.2344977967946407,0.0234375,0.6666666666666666,0.0,0.0,0.0,0.0,0.0,0.5
799,736,5,39.0625,22.053155816871683,0.9182958340544897,0.0024999999999999996,1.0825317547305484,1.005662977687534,0.0,0.0,0.0,0.0,0.33333333333333326
801,738,6,46.875,13.06704314795249,1.301574289281613,0.009114583333333334,0.6414269805898185,1.3779954745128076,0.0,0.0,0.0,0.0,0.5652173913043477
802,739,5,39.0625,12.732395447351628,0.8631205685666311,0.01,0.625,1.5084944665313014,0.0,0.0,0.0,0.0,0.7142857142857141
803,740,5,39.0625,22.57212460476192,1.251629167387823,0.00875,1.1080065755348978,0.5131154057822237,0.0,0.0,0.0,0.0,0.6666666666666667
804,741,10,78.125,13.226949070588255,1.2958184389362981,0.0064062500000000005,0.649276344211975,1.2252026982445454,0.0,0.0,0.0,0.5172621233352742,0.0
805,742,5,39.0625,9.624786270806684,0.9807983646944296,0.035,0.472455591261534,1.4110673659011153,0.0,0.0,0.0,0.0,0.5813953488372092
806,743,5,39.0625,22.053155816871683,0.9182958340544897,0.0024999999999999996,1.0825317547305484,1.005662977687534,0.0,0.0,0.0,0.0,0.33333333333333326
807,744,4,31.25,33.26706351930351,1.251629167387823,0.00390625,1.632993161855452,0.0,0.0,0.0,0.0,0.0,0.6666666666666667
808,745,4,31.25,30.643369160404063,1.301574289281613,0.0107421875,1.5042028661807099,0.26651449208213035,0.0,0.0,0.0,0.0,0.5652173913043478
810,747,4,31.25,33.26706351930351,1.251629167387823,0.00390625,1.632993161855452,0.0,0.0,0.0,0.0,0.0,0.6666666666666667
811,748,5,39.0625,22.053155816871683,0.9182958340544897,0.0024999999999999996,1.0825317547305484,1.005662977687534,0.0,0.0,0.0,0.0,0.33333333333333326
812,749,4,31.25,30.643369160404063,1.301574289281613,0.0107421875,1.5042028661807099,0.26651449208213035,0.0,0.0,0.0,0.0,0.5652173913043478
813,750,5,39.0625,22.053155816871683,0.9182958340544897,0.0024999999999999996,1.0825317547305484,1.005662977687534,0.0,0.0,0.0,0.0,0.33333333333333326
816,753,5,39.0625,22.053155816871683,0.9182958340544897,0.0024999999999999996,1.0825317547305484,1.005662977687534,0.0,0.0,0.0,0.0,0.33333333333333326
817,754,4,31.25,33.26706351930351,1.251629167387823,0.00390625,1.632993161855452,0.0,0.0,0.0,0.0,0.0,0.6666666666666667
819,756,6,46.875,14.741612816742855,1.2344977967946407,0.019097222222222227,0.7236272269866326,0.8637043724883855,0.0,0.0,0.0,0.0,0.5
820,757,4,31.25,30.643369160404063,1.069385738534449,0.0107421875,1.5042028661807099,0.26651449208213035,0.0,0.0,0.0,0.0,0.7142857142857142
821,758,5,39.0625,20.7919146995647,1.2344977967946407,0.01875,1.0206207261596576,0.0,0.0,0.0,0.0,0.0,0.5
822,759,5,39.0625,12.732395447351628,0.8631205685666311,0.01,0.625,1.5084944665313014,0.0,0.0,0.0,0.0,0.7142857142857141
825,762,5,39.0625,9.624786270806684,0.9807983646944296,0.035,0.472455591261534,1.4110673659011153,0.0,0.0,0.0,0.0,0.5813953488372092
827,764,4,31.25,22.178042346202343,0.9182958340544897,0.0029296875,1.0886621079036347,0.9742785792574934,0.0,0.0,0.0,0.0,0.33333333333333326
828,765,7,54.6875,10.736898582290568,0.9876925088958033,0.03125,0.5270462766947299,1.2470765814495917,0.0,0.0,0.0,0.0,0.5652173913043478
829,766,6,46.875,20.453157720621228,0.6840384356390417,0.008680555555555554,1.0039920318408908,0.6654964218749373,0.0,0.0,0.0,0.0,0.8181818181818181
833,770,5,39.0625,7.564170041041565,0.8631205685666311,0.021249999999999998,0.37130532861625287,2.9319862226614473,0.0,0.0,0.0,0.0,0.7142857142857142
834,771,32,250.0,0.0,-0.0,0.0,0.0,0.0,0.0,0.0,0.0,0.0,0.0
835,772,5,39.0625,22.053155816871683,-0.0,0.0025,1.0825317547305484,1.005662977687534,0.0,0.0,0.0,0.0,0.0
836,773,4,31.25,30.643369160404063,1.301574289281613,0.0107421875,1.5042028661807099,0.26651449208213035,0.0,0.0,0.0,0.0,0.5652173913043478
837,774,4,31.25,30.643369160404063,1.301574289281613,0.0107421875,1.5042028661807099,0.26651449208213035,0.0,0.0,0.0,0.0,0.5652173913043478
838,775,4,31.25,22.178042346202343,0.9182958340544896,0.01171875,1.0886621079036347,0.9742785792574934,0.0,0.0,0.0,0.0,0.33333333333333337
839,776,4,31.25,33.26706351930351,1.251629167387823,0.00390625,1.632993161855452,0.0,0.0,0.0,0.0,0.0,0.6666666666666667
840,777,4,31.25,33.26706351930351,1.251629167387823,0.00390625,1.632993161855452,0.0,0.0,0.0,0.0,0.0,0.6666666666666667
842,779,4,31.25,13.581221810508401,1.2344977967946407,0.0234375,0.6666666666666666,0.0,0.0,0.0,0.0,0.0,0.5
843,780,7,54.6875,10.736898582290568,0.9876925088958033,0.03125,0.5270462766947299,1.2470765814495917,0.0,0.0,0.0,0.0,0.5652173913043478
844,781,4,31.25,22.178042346202343,0.9182958340544897,0.0029296875,1.0886621079036347,0.9742785792574934,0.0,0.0,0.0,0.0,0.33333333333333326
845,782,5,39.0625,22.053155816871683,-0.0,0.0025,1.0825317547305484,1.005662977687534,0.0,0.0,0.0,0.0,0.0
846,783,5,39.0625,20.7919146995647,1.251629167387823,0.01875,1.0206207261596576,0.0,0.0,0.0,0.0,0.0,0.6666666666666667
847,784,5,39.0625,22.053155816871683,0.9182958340544897,0.0024999999999999996,1.0825317547305484,1.005662977687534,0.0,0.0,0.0,0.0,0.33333333333333326
848,785,64,500.0,0.0,-0.0,0.0,0.0,0.0,0.0,0.0,0.0,0.0,0.0
850,787,4,31.25,30.643369160404063,1.301574289281613,0.0107421875,1.5042028661807099,0.26651449208213035,0.0,0.0,0.0,0.0,0.5652173913043478
851,788,5,39.0625,20.7919146995647,1.2344977967946407,0.01875,1.0206207261596576,0.0,0.0,0.0,0.0,0.0,0.5
852,789,32,250.0,0.0,-0.0,0.0,0.0,0.0,0.0,0.0,0.0,0.0,0.0
853,790,5,39.0625,9.624786270806684,0.9807983646944296,0.035,0.472455591261534,1.4110673659011153,0.0,0.0,0.0,0.0,0.5813953488372092
854,791,6,46.875,20.453157720621228,0.6840384356390417,0.008680555555555554,1.0039920318408908,0.6654964218749373,0.0,0.0,0.0,0.0,0.8181818181818181
856,793,4,31.25,16.795813961191005,1.1206278986197225,0.06640625,0.8244625898677898,0.7136144352030567,0.0,0.0,0.0,0.0,0.4347826086956522
857,794,4,31.25,30.643369160404063,1.301574289281613,0.0107421875,1.5042028661807099,0.26651449208213035,0.0,0.0,0.0,0.0,0.5652173913043478
858,795,4,31.25,22.178042346202343,0.8631205685666311,0.0029296875,1.0886621079036347,0.9742785792574934,0.0,0.0,0.0,0.0,0.7142857142857141
859,796,32,250.0,0.0,-0.0,0.0,0.0,0.0,0.0,0.0,0.0,0.0,0.0
860,797,7,54.6875,9.055288697449702,0.907165767573082,0.019770408163265307,0.4445004445006667,1.7997732283455572,0.0,0.0,0.0,0.0,0.6774193548387096
861,798,6,46.875,13.06704314795249,1.301574289281613,0.009114583333333334,0.6414269805898185,1.3779954745128076,0.0,0.0,0.0,0.0,0.5652173913043477
864,801,32,250.0,0.0,-0.0,0.0,0.0,0.0,0.0,0.0,0.0,0.0,0.0
866,803,32,250.0,0.0,-0.0,0.0,0.0,0.0,0.0,0.0,0.0,0.0,0.0
869,806,4,31.25,11.58210487593933,0.4854607607459134,0.0107421875,0.5685352436149612,1.865601444574912,0.0,0.0,0.0,0.0,0.8947368421052632
870,807,32,250.0,0.0,-0.0,0.0,0.0,0.0,0.0,0.0,0.0,0.0,0.0
871,808,10,78.125,13.226949070588255,1.2958184389362981,0.0064062500000000005,0.649276344211975,1.2252026982445454,0.0,0.0,0.0,0.5172621233352742,0.0
873,810,64,500.0,0.0,-0.0,0.0,0.0,0.0,0.0,0.0,0.0,0.0,0.0
874,811,6,46.875,21.865345333775682,0.8631205685666311,0.0021701388888888886,1.0733126291998991,1.008589413074848,0.0,0.0,0.0,0.0,0.7142857142857141
875,812,4,31.25,13.581221810508401,1.2344977967946407,0.0234375,0.6666666666666666,0.0,0.0,0.0,0.0,0.0,0.5
876,813,5,39.0625,22.57212460476192,1.251629167387823,0.00875,1.1080065755348978,0.5131154057822237,0.0,0.0,0.0,0.0,0.6666666666666667
877,814,5,39.0625,14.484282889943131,1.2344977967946407,0.021250000000000005,0.7109955737431513,0.7996326061803949,0.0,0.0,0.0,0.0,0.5
878,815,4,31.25,30.643369160404063,1.069385738534449,0.0107421875,1.5042028661807099,0.26651449208213035,0.0,0.0,0.0,0.0,0.7142857142857142
879,816,4,31.25,30.643369160404063,1.069385738534449,0.0107421875,1.5042028661807099,0.26651449208213035,0.0,0.0,0.0,0.0,0.7142857142857142
880,817,4,31.25,30.643369160404063,1.301574289281613,0.0107421875,1.5042028661807099,0.26651449208213035,0.0,0.0,0.0,0.0,0.5652173913043478
881,818,4,31.25,30.643369160404063,1.301574289281613,0.0107421875,1.5042028661807099,0.26651449208213035,0.0,0.0,0.0,0.0,0.5652173913043478
882,819,4,31.25,22.178042346202343,0.9182958340544896,0.01171875,1.0886621079036347,0.9742785792574934,0.0,0.0,0.0,0.0,0.33333333333333337
883,820,5,39.0625,12.732395447351628,0.8631205685666311,0.01,0.625,1.5084944665313014,0.0,0.0,0.0,0.0,0.7142857142857141
884,821,4,31.25,16.795813961191005,1.1206278986197225,0.06640625,0.8244625898677898,0.7136144352030567,0.0,0.0,0.0,0.0,0.4347826086956522
885,822,32,250.0,0.0,-0.0,0.0,0.0,0.0,0.0,0.0,0.0,0.0,0.0
887,824,32,250.0,0.0,-0.0,0.0,0.0,0.0,0.0,0.0,0.0,0.0,0.0
888,825,4,31.25,30.643369160404063,1.069385738534449,0.0107421875,1.5042028661807099,0.26651449208213035,0.0,0.0,0.0,0.0,0.7142857142857142
889,826,4,31.25,22.178042346202343,0.9182958340544896,0.01171875,1.0886621079036347,0.9742785792574934,0.0,0.0,0.0,0.0,0.33333333333333337
890,827,5,39.0625,7.564170041041565,0.8631205685666311,0.021249999999999998,0.37130532861625287,2.9319862226614473,0.0,0.0,0.0,0.0,0.7142857142857142
892,829,4,31.25,11.58210487593933,1.301574289281613,0.0107421875,0.5685352436149612,1.865601444574912,0.0,0.0,0.0,0.0,0.5652173913043478
893,830,4,31.25,33.26706351930351,1.251629167387823,0.00390625,1.632993161855452,0.0,0.0,0.0,0.0,0.0,0.6666666666666667
894,831,4,31.25,30.643369160404063,1.069385738534449,0.0107421875,1.5042028661807099,0.26651449208213035,0.0,0.0,0.0,0.0,0.7142857142857142
895,832,4,31.25,30.643369160404063,1.301574289281613,0.0107421875,1.5042028661807099,0.26651449208213035,0.0,0.0,0.0,0.0,0.5652173913043478
897,834,4,31.25,30.643369160404063,1.301574289281613,0.0107421875,1.5042028661807099,0.26651449208213035,0.0,0.0,0.0,0.0,0.5652173913043478
898,835,32,250.0,0.0,-0.0,0.0,0.0,0.0,0.0,0.0,0.0,0.0,0.0
899,836,4,31.25,22.178042346202343,0.9182958340544897,0.0029296875,1.0886621079036347,0.9742785792574934,0.0,0.0,0.0,0.0,0.33333333333333326
900,837,5,39.0625,22.053155816871683,0.9182958340544897,0.0024999999999999996,1.0825317547305484,1.005662977687534,0.0,0.0,0.0,0.0,0.33333333333333326
901,838,4,31.25,11.58210487593933,1.301574289281613,0.0107421875,0.5685352436149612,1.865601444574912,0.0,0.0,0.0,0.0,0.5652173913043478
902,839,5,39.0625,29.404207755828914,0.9182958340544897,0.00375,1.4433756729740645,0.4618802153517006,0.0,0.0,0.0,0.0,0.33333333333333326
903,840,7,54.6875,9.055288697449702,0.907165767573082,0.019770408163265307,0.4445004445006667,1.7997732283455572,0.0,0.0,0.0,0.0,0.6774193548387096
904,841,6,46.875,19.46731664609419,1.317247260819558,0.017795138888888895,0.9555996712574344,0.4443323920837107,0.0,0.0,0.0,0.0,0.5319148936170212
905,842,7,54.6875,10.736898582290568,0.9876925088958033,0.03125,0.5270462766947299,1.2470765814495917,0.0,0.0,0.0,0.0,0.5652173913043478
909,846,4,31.25,30.643369160404063,1.069385738534449,0.0107421875,1.5042028661807099,0.26651449208213035,0.0,0.0,0.0,0.0,0.7142857142857142
910,847,4,31.25,13.581221810508401,1.2344977967946407,0.0234375,0.6666666666666666,0.0,0.0,0.0,0.0,0.0,0.5
911,848,6,46.875,21.865345333775686,0.9182958340544898,0.002170138888888888,1.0733126291998993,1.0085894130748478,0.0,0.0,0.0,0.0,0.33333333333333315
912,849,4,31.25,30.643369160404063,1.301574289281613,0.0107421875,1.5042028661807099,0.26651449208213035,0.0,0.0,0.0,0.0,0.5652173913043478
913,850,4,31.25,13.581221810508401,1.2344977967946407,0.0234375,0.6666666666666666,0.0,0.0,0.0,0.0,0.0,0.5
914,851,5,39.0625,20.7919146995647,1.2344977967946407,0.01875,1.0206207261596576,0.0,0.0,0.0,0.0,0.0,0.5
915,852,4,31.25,13.581221810508401,1.2344977967946407,0.0234375,0.6666666666666666,0.0,0.0,0.0,0.0,0.0,0.5
916,853,5,39.0625,20.7919146995647,1.251629167387823,0.01875,1.0206207261596576,0.0,0.0,0.0,0.0,0.0,0.6666666666666667
917,854,5,39.0625,11.969270698629595,1.0,0.05375,0.587540201494411,1.2752636285305876,0.0,0.0,0.0,0.0,0.5
918,855,4,31.25,11.58210487593933,1.301574289281613,0.0107421875,0.5685352436149612,1.865601444574912,0.0,0.0,0.0,0.0,0.5652173913043478
920,857,5,39.0625,11.969270698629595,1.0,0.05375,0.587540201494411,1.2752636285305876,0.0,0.0,0.0,0.0,0.5
921,858,32,250.0,0.0,-0.0,0.0,0.0,0.0,0.0,0.0,0.0,0.0,0.0
922,859,5,39.0625,14.484282889943131,1.2344977967946407,0.021250000000000005,0.7109955737431513,0.7996326061803949,0.0,0.0,0.0,0.0,0.5
923,860,4,31.25,13.581221810508401,1.2344977967946407,0.0234375,0.6666666666666666,0.0,0.0,0.0,0.0,0.0,0.5
924,861,4,31.25,11.58210487593933,1.301574289281613,0.0107421875,0.5685352436149612,1.865601444574912,0.0,0.0,0.0,0.0,0.5652173913043478
925,862,4,31.25,33.26706351930351,1.251629167387823,0.015625,1.632993161855452,0.0,0.0,0.0,0.0,0.0,0.6666666666666667
927,864,4,31.25,22.178042346202343,0.8631205685666311,0.01171875,1.0886621079036347,0.9742785792574934,0.0,0.0,0.0,0.0,0.7142857142857142
928,865,5,39.0625,20.7919146995647,1.2344977967946407,0.01875,1.0206207261596576,0.0,0.0,0.0,0.0,0.0,0.5
929,866,32,250.0,0.0,-0.0,0.0,0.0,0.0,0.0,0.0,0.0,0.0,0.0
930,867,4,31.25,13.581221810508401,1.2344977967946407,0.0234375,0.6666666666666666,0.0,0.0,0.0,0.0,0.0,0.5
931,868,4,31.25,22.178042346202343,0.9182958340544897,0.0029296875,1.0886621079036347,0.9742785792574934,0.0,0.0,0.0,0.0,0.33333333333333326
932,869,4,31.25,22.178042346202343,0.9182958340544897,0.0029296875,1.0886621079036347,0.9742785792574934,0.0,0.0,0.0,0.0,0.33333333333333326
933,870,5,39.0625,29.404207755828914,0.9182958340544897,0.00375,1.4433756729740645,0.4618802153517006,0.0,0.0,0.0,0.0,0.33333333333333326
935,872,4,31.25,11.58210487593933,1.301574289281613,0.0107421875,0.5685352436149612,1.865601444574912,0.0,0.0,0.0,0.0,0.5652173913043478
936,873,17,132.8125,20.957751098090995,0.9182958340544904,0.0008650519031141868,1.0287612013363452,1.0016881474657557,0.0,0.0,0.0,0.3333333333333326,0.0
937,874,32,250.0,0.0,-0.0,0.0,0.0,0.0,0.0,0.0,0.0,0.0,0.0
938,875,4,31.25,13.581221810508401,0.5689955935892811,0.0234375,0.6666666666666666,0.0,0.0,0.0,0.0,0.0,0.9000000000000001
939,876,5,39.0625,22.053155816871683,0.9182958340544896,0.009999999999999998,1.0825317547305484,1.005662977687534,0.0,0.0,0.0,0.0,0.33333333333333337
940,877,5,39.0625,7.564170041041565,0.8631205685666311,0.021249999999999998,0.37130532861625287,2.9319862226614473,0.0,0.0,0.0,0.0,0.7142857142857142
941,878,4,31.25,11.58210487593933,1.301574289281613,0.0107421875,0.5685352436149612,1.865601444574912,0.0,0.0,0.0,0.0,0.5652173913043478
942,879,5,39.0625,9.624786270806684,0.9807983646944296,0.035,0.472455591261534,1.4110673659011153,0.0,0.0,0.0,0.0,0.5813953488372092
944,881,4,31.25,33.26706351930351,1.251629167387823,0.00390625,1.632993161855452,0.0,0.0,0.0,0.0,0.0,0.6666666666666667
947,884,5,39.0625,22.053155816871683,0.9182958340544897,0.0024999999999999996,1.0825317547305484,1.005662977687534,0.0,0.0,0.0,0.0,0.33333333333333326
948,885,4,31.25,22.178042346202343,0.9182958340544897,0.0029296875,1.0886621079036347,0.9742785792574934,0.0,0.0,0.0,0.0,0.33333333333333326
949,886,32,250.0,0.0,-0.0,0.0,0.0,0.0,0.0,0.0,0.0,0.0,0.0
951,888,4,31.25,11.58210487593933,1.301574289281613,0.0107421875,0.5685352436149612,1.865601444574912,0.0,0.0,0.0,0.0,0.5652173913043478
952,889,5,39.0625,22.053155816871683,0.9182958340544896,0.009999999999999998,1.0825317547305484,1.005662977687534,0.0,0.0,0.0,0.0,0.33333333333333337
955,892,6,46.875,19.467316646094194,0.7111537191609085,0.01779513888888889,0.9555996712574345,0.44433239208371067,0.0,0.0,0.0,0.0,0.8604651162790699
956,893,32,250.0,0.0,-0.0,0.0,0.0,0.0,0.0,0.0,0.0,0.0,0.0
957,894,4,31.25,11.58210487593933,1.301574289281613,0.0107421875,0.5685352436149612,1.865601444574912,0.0,0.0,0.0,0.0,0.5652173913043478
961,898,4,31.25,30.643369160404063,1.069385738534449,0.0107421875,1.5042028661807099,0.26651449208213035,0.0,0.0,0.0,0.0,0.7142857142857142
963,900,5,39.0625,20.7919146995647,1.2344977967946407,0.01875,1.0206207261596576,0.0,0.0,0.0,0.0,0.0,0.5
964,901,4,31.25,30.643369160404063,1.301574289281613,0.0107421875,1.5042028661807099,0.26651449208213035,0.0,0.0,0.0,0.0,0.5652173913043478
965,902,4,31.25,11.58210487593933,1.301574289281613,0.0107421875,0.5685352436149612,1.865601444574912,0.0,0.0,0.0,0.0,0.5652173913043478
966,903,5,39.0625,22.053155816871683,0.9182958340544897,0.0024999999999999996,1.0825317547305484,1.005662977687534,0.0,0.0,0.0,0.0,0.33333333333333326
967,904,4,31.25,22.178042346202343,0.8631205685666311,0.01171875,1.0886621079036347,0.9742785792574934,0.0,0.0,0.0,0.0,0.7142857142857142
968,905,4,31.25,13.581221810508401,0.5689955935892811,0.0234375,0.6666666666666666,0.0,0.0,0.0,0.0,0.0,0.9000000000000001
969,906,4,31.25,30.643369160404063,1.069385738534449,0.0107421875,1.5042028661807099,0.26651449208213035,0.0,0.0,0.0,0.0,0.7142857142857142
970,907,5,39.0625,29.404207755828914,0.9182958340544897,0.00375,1.4433756729740645,0.4618802153517006,0.0,0.0,0.0,0.0,0.33333333333333326
971,908,32,250.0,0.0,-0.0,0.0,0.0,0.0,0.0,0.0,0.0,0.0,0.0
972,909,4,31.25,13.581221810508401,1.2344977967946407,0.0234375,0.6666666666666666,0.0,0.0,0.0,0.0,0.0,0.5
974,911,32,250.0,0.0,-0.0,0.0,0.0,0.0,0.0,0.0,0.0,0.0,0.0
975,912,6,46.875,19.46731664609419,1.317247260819558,0.017795138888888895,0.9555996712574344,0.4443323920837107,0.0,0.0,0.0,0.0,0.5319148936170212
976,913,5,39.0625,7.564170041041565,0.8631205685666311,0.021249999999999998,0.37130532861625287,2.9319862226614473,0.0,0.0,0.0,0.0,0.7142857142857142
977,914,32,250.0,0.0,-0.0,0.0,0.0,0.0,0.0,0.0,0.0,0.0,0.0
978,915,4,31.25,30.643369160404063,1.069385738534449,0.0107421875,1.5042028661807099,0.26651449208213035,0.0,0.0,0.0,0.0,0.7142857142857142
979,916,5,39.0625,27.749612532101548,0.9182958340544897,0.01,1.3621559198564606,0.5500608545197312,0.0,0.0,0.0,0.0,0.33333333333333326
980,917,5,39.0625,27.749612532101548,0.9182958340544897,0.01,1.3621559198564606,0.5500608545197312,0.0,0.0,0.0,0.0,0.33333333333333326
981,918,5,39.0625,22.053155816871683,0.9182958340544897,0.0024999999999999996,1.0825317547305484,1.005662977687534,0.0,0.0,0.0,0.0,0.33333333333333326
984,921,32,250.0,0.0,-0.0,0.0,0.0,0.0,0.0,0.0,0.0,0.0,0.0
985,922,4,31.25,11.58210487593933,1.301574289281613,0.0107421875,0.5685352436149612,1.865601444574912,0.0,0.0,0.0,0.0,0.5652173913043478
986,923,32,250.0,0.0,-0.0,0.0,0.0,0.0,0.0,0.0,0.0,0.0,0.0
987,924,5,39.0625,22.053155816871683,0.9182958340544897,0.0024999999999999996,1.0825317547305484,1.005662977687534,0.0,0.0,0.0,0.0,0.33333333333333326
988,925,32,250.0,0.0,-0.0,0.0,0.0,0.0,0.0,0.0,0.0,0.0,0.0
989,926,4,31.25,11.58210487593933,1.301574289281613,0.0107421875,0.5685352436149612,1.865601444574912,0.0,0.0,0.0,0.0,0.5652173913043478
992,929,5,39.0625,20.7919146995647,1.251629167387823,0.01875,1.0206207261596576,0.0,0.0,0.0,0.0,0.0,0.6666666666666667
993,930,64,500.0,0.0,-0.0,0.0,0.0,0.0,0.0,0.0,0.0,0.0,0.0
994,931,5,39.0625,27.749612532101548,0.9182958340544896,0.009999999999999998,1.3621559198564606,0.5500608545197312,0.0,0.0,0.0,0.0,0.33333333333333337
995,932,4,31.25,22.178042346202343,0.9182958340544896,0.01171875,1.0886621079036347,0.9742785792574934,0.0,0.0,0.0,0.0,0.33333333333333337
996,933,5,39.0625,20.7919146995647,1.2344977967946407,0.01875,1.0206207261596576,0.0,0.0,0.0,0.0,0.0,0.5
998,935,4,31.25,13.581221810508401,1.2344977967946407,0.0234375,0.6666666666666666,0.0,0.0,0.0,0.0,0.0,0.5
999,936,4,31.25,22.178042346202343,0.9182958340544896,0.01171875,1.0886621079036347,0.9742785792574934,0.0,0.0,0.0,0.0,0.33333333333333337
1000,937,4,31.25,15.498819766400542,1.1696378781237324,0.0419921875,0.7607965362099409,0.5269370242742678,0.0,0.0,0.0,0.0,0.4603174603174603
1003,940,128,1000.0,0.0,-0.0,0.0,0.0,0.0,0.0,0.0,0.0,0.0,0.0
1005,942,6,46.875,19.46731664609419,1.317247260819558,0.017795138888888895,0.9555996712574344,0.4443323920837107,0.0,0.0,0.0,0.0,0.5319148936170212
1006,943,5,39.0625,22.053155816871683,0.9182958340544897,0.0024999999999999996,1.0825317547305484,1.005662977687534,0.0,0.0,0.0,0.0,0.33333333333333326
1007,944,5,39.0625,9.624786270806684,0.4854607607459134,0.035,0.472455591261534,1.4110673659011153,0.0,0.0,0.0,0.0,0.8947368421052632
1009,946,5,39.0625,22.053155816871683,0.9182958340544897,0.0024999999999999996,1.0825317547305484,1.005662977687534,0.0,0.0,0.0,0.0,0.33333333333333326
1010,947,5,39.0625,22.053155816871683,0.9182958340544897,0.0024999999999999996,1.0825317547305484,1.005662977687534,0.0,0.0,0.0,0.0,0.33333333333333326
1011,948,4,31.25,33.26706351930351,1.251629167387823,0.00390625,1.632993161855452,0.0,0.0,0.0,0.0,0.0,0.6666666666666667
1012,949,32,250.0,0.0,-0.0,0.0,0.0,0.0,0.0,0.0,0.0,0.0,0.0
1014,951,4,31.25,13.581221810508405,1.5,0.0078125,0.6666666666666667,3.1819805153394634,0.0,0.0,0.0,0.0,0.49999999999999994
1015,952,32,250.0,0.0,-0.0,0.0,0.0,0.0,0.0,0.0,0.0,0.0,0.0
1018,955,4,31.25,11.58210487593933,1.301574289281613,0.0107421875,0.5685352436149612,1.865601444574912,0.0,0.0,0.0,0.0,0.5652173913043478
1019,956,4,31.25,11.58210487593933,1.301574289281613,0.0107421875,0.5685352436149612,1.865601444574912,0.0,0.0,0.0,0.0,0.5652173913043478
1020,957,4,31.25,13.581221810508401,1.2344977967946407,0.0234375,0.6666666666666666,0.0,0.0,0.0,0.0,0.0,0.5
1021,958,5,39.0625,20.7919146995647,1.2344977967946407,0.01875,1.0206207261596576,0.0,0.0,0.0,0.0,0.0,0.5
1022,959,4,31.25,30.643369160404063,1.301574289281613,0.0107421875,1.5042028661807099,0.26651449208213035,0.0,0.0,0.0,0.0,0.5652173913043478
1023,960,64,500.0,0.0,-0.0,0.0,0.0,0.0,0.0,0.0,0.0,0.0,0.0
