dataset,vocab_size,compression_ratio,accuracy_mean,accuracy_std,n_folds,samples_per_second,trials_per_second,wall_time_50_trials,timestamp
bci_iv_2a,512,1.1306047341791616,0.26493055555555556,0.005219894575823928,5,4092985.980927074,185.85895835651047,0.2690211999579333,2026-03-09T09:22:44.921682
bci_iv_2a,1024,1.1614668326277406,0.27465277777777775,0.013819269959814157,5,3120997.2450084738,141.72178934740143,0.352803900022991,2026-03-09T09:23:49.537117
bci_iv_2a,2048,1.194414639309202,0.27708333333333335,0.013019675874481018,5,2480014.162527148,112.6153011773294,0.44398939999518916,2026-03-09T09:25:50.364353
bci_iv_2a,4096,1.2278245860414316,0.2788194444444444,0.00796343398693037,5,1903724.2177705853,86.446472517055,0.5783926000003703,2026-03-09T09:29:36.318980
bci_iv_2a,8192,1.2617796151199108,0.2795138888888889,0.005265885725035798,5,1097922.174082736,49.85569766972736,1.0028943999786861,2026-03-09T09:37:43.775204
bci_iv_2a,16384,1.2954420489908485,0.2826388888888889,0.008172640483291542,5,715390.7241261526,32.48527491263975,1.5391588999773376,2026-03-09T09:53:42.009369
bci_iv_2a,32768,1.3280966856535725,0.2875,0.008547592795202215,5,126266.19385974699,5.733638809360957,8.720465600024909,2026-03-09T10:31:18.761149
bci_iv_2a,65536,1.3620813860570986,0.2829861111111111,0.008784104611578832,5,60379.02299700585,2.7417592860324156,18.236466000031214,2026-03-09T11:47:56.539458
physionet_mi,512,1.1302789767914088,0.2533333333333333,0.03250830852961732,5,5784043.490412991,125.34768313134947,0.3988905000151135,2026-03-09T11:50:51.507428
physionet_mi,1024,1.149197108252971,0.2511111111111111,0.025915341754867996,5,4902004.526936287,106.23276107264839,0.4706646000267938,2026-03-09T11:51:18.063274
physionet_mi,2048,1.167373373429366,0.24444444444444446,0.023306863292670024,5,3734589.0737650907,80.9333623822185,0.6177922000060789,2026-03-09T11:52:39.350225
physionet_mi,4096,1.1853022520742789,0.24666666666666667,0.027577052546646347,5,2919111.4372512945,63.26091013460677,0.7903775000013411,2026-03-09T11:54:16.220922
physionet_mi,8192,1.203098479876716,0.24444444444444446,0.023306863292670024,5,1657120.6737954337,35.91194247996346,1.3922945000231266,2026-03-09T11:57:29.643614
physionet_mi,16384,1.219714396250903,0.24222222222222226,0.023726840560069573,5,1051537.171232963,22.788166852309356,2.194121200009249,2026-03-09T12:04:04.180128
physionet_mi,32768,1.2360072074670285,0.24222222222222226,0.024745619390355647,5,95153.8132397584,2.062105869446914,24.247057700005826,2026-03-09T12:20:43.203556
physionet_mi,65536,1.2527466361251676,0.24000000000000005,0.03111111111111111,5,44777.21761252912,0.9703800626848371,51.52620289998595,2026-03-09T12:55:08.227250
sleep_edf,512,1.1149449387539065,0.7259537843813362,0.02974821445068954,5,178799.37649268575,29.79989608211429,1.6778581999824382,2026-03-09T12:58:06.531366
sleep_edf,1024,1.128963012976489,0.7294281281215828,0.031655699693869825,5,3723511.865496185,620.5853109160308,0.08056910004233941,2026-03-09T13:03:23.505146
sleep_edf,2048,1.1418320314333672,0.7389013061968853,0.03824202516255943,5,201894.15752598876,33.64902625433146,1.4859271000023,2026-03-09T13:16:24.532865
sleep_edf,4096,1.1549288996896128,0.7442369724428378,0.036897681474621497,5,173818.45600656822,28.96974266776137,1.7259387000231072,2026-03-09T13:50:52.169166
sleep_edf,8192,1.1674703835464508,0.742407087257728,0.03715563853890121,5,156468.94242617994,26.07815707102999,1.9173134000157006,2026-03-09T15:01:21.337781
sleep_edf,16384,1.179166872747914,0.5904108851175941,0.2587813220764624,5,133689.49998708558,22.28158333118093,2.2440056999912485,2026-03-09T17:36:31.661599
sleep_edf,32768,1.1900787104836017,0.7327219145077217,0.046281909584611876,5,89860.04029222904,14.976673382038173,3.338525099970866,2026-03-09T22:19:49.804109
sleep_edf,65536,1.2018151414686649,0.7445991635870721,0.03758807099750286,5,55478.9114392226,9.246485239870433,5.407460100017488,2026-03-10T10:09:32.391352
mental_arithmetic,512,1.3858531141578267,0.5599999999999999,0.07717224601860148,5,6406439.348260233,168.590509164743,0.29657659999793395,2026-03-10T10:09:40.791744
mental_arithmetic,1024,1.4799582495988535,0.52,0.06863753427324665,5,5651087.016565645,148.7128162254117,0.3362184999859892,2026-03-10T10:09:43.732450
mental_arithmetic,2048,1.5985188180720125,0.5333333333333333,0.07601169500660918,5,4181040.8282953594,110.02739021829893,0.45443230000091717,2026-03-10T10:09:47.870612
mental_arithmetic,4096,1.723390919785828,0.5466666666666666,0.09092121131323902,5,3465242.3423774103,91.19058795730028,0.54830220004078,2026-03-10T10:09:54.373045
mental_arithmetic,8192,1.8683225904784382,0.5533333333333333,0.08589399151150082,5,2028537.8982290137,53.38257626918457,0.9366351999924518,2026-03-10T10:10:05.496027
mental_arithmetic,16384,2.034742696076909,0.52,0.0805536398239638,5,1244224.995207109,32.74276303176603,1.5270549999549985,2026-03-10T10:10:25.038497
mental_arithmetic,32768,2.217391507312724,0.5266666666666666,0.08537498983243796,5,233679.7910900929,6.149468186581393,8.130784400040284,2026-03-10T10:11:30.148797
mental_arithmetic,65536,2.407397552563625,0.4866666666666667,0.0581186525805423,5,115347.5773708603,3.0354625623910603,16.47195410000859,2026-03-10T10:13:36.830391
epfl_p300,512,1.2619958548040742,0.6216435185185185,0.03348569858315926,5,1117259.352025461,338.9743179688898,0.14750379999168217,2026-03-10T10:14:32.964160
epfl_p300,1024,1.3380649080902176,0.6221064814814815,0.036942877995195536,5,969531.5303745251,294.15398373013505,0.16997899999842048,2026-03-10T10:15:48.113327
epfl_p300,2048,1.4180044394300824,0.6197916666666667,0.03836591699810687,5,703603.5774327778,213.47195917256607,0.23422280000522733,2026-03-10T10:18:17.830860
epfl_p300,4096,1.503068133901419,0.6221064814814815,0.03965704096993477,5,477774.49857815576,144.95585515113947,0.3449325999827124,2026-03-10T10:22:56.997651
epfl_p300,8192,1.5917736361485386,0.6273148148148149,0.04094507627617762,5,270895.3518942824,82.18912375433324,0.6083529999596067,2026-03-10T10:31:54.073139
epfl_p300,16384,1.6893042715240745,0.6252314814814814,0.045666432931725884,5,150345.7587562363,45.614611273129945,1.0961399999796413,2026-03-10T10:52:27.290248
epfl_p300,32768,1.7933221962715697,0.6278935185185185,0.04756648747230211,5,24181.55594380612,7.336637118873216,6.815111499978229,2026-03-10T11:47:36.987965
epfl_p300,65536,1.9029839974596088,0.7099724097239717,0.047060073558489186,5,12906.794476512925,3.915896382437174,12.768468599999323,2026-03-10T14:29:23.070781
ssvep_nakanishi,512,4.556967203335231,0.08,0.012472191289246475,5,4392874.393476067,492.9167856234366,0.10143700003391132,2026-03-10T14:29:36.068786
ssvep_nakanishi,1024,5.321822004799778,0.08888888888888889,0.006085806194501844,5,3893124.3022184744,436.8406981842992,0.11445819999789819,2026-03-10T14:29:53.051059
ssvep_nakanishi,2048,6.048855093088025,0.08777777777777777,0.009558139185602919,5,2967633.744456901,332.9930144139252,0.15015330002643168,2026-03-10T14:30:23.163264
ssvep_nakanishi,4096,6.799437449295413,0.0811111111111111,0.005665577237325319,5,1664927.3852953792,186.81860247928404,0.2676393000292592,2026-03-10T14:31:20.941683
ssvep_nakanishi,8192,7.5568046383977405,0.07777777777777778,0.004969039949999533,5,1067868.8659156566,119.8237057804821,0.4172796999919228,2026-03-10T14:33:12.282295
ssvep_nakanishi,16384,8.403204633245084,0.07777777777777778,0.0060858061945018496,5,649670.4555423221,72.89839043338445,0.685886199993547,2026-03-10T14:37:08.814537
ssvep_nakanishi,32768,9.217996515439179,0.07888888888888888,0.005443310539518175,5,289085.1040370173,32.437736090329594,1.5414145999820903,2026-03-10T14:44:59.577951
ssvep_nakanishi,65536,10.044041609741498,0.08,0.011439589045541114,5,71925.15522570901,8.07059641222049,6.195329000009224,2026-03-10T15:02:42.313543
bci_iv_2a,128,1.0802855609191186,0.24421296296296294,0.009113435039365512,3,1657850.1938665821,75.28154544848707,0.6641734000295401,2026-03-21T21:33:20.072606
bci_iv_2a,256,1.101103418187406,0.24247685185185186,0.005901642955547206,3,1590145.1724304275,72.20711890066423,0.6924524999922141,2026-03-21T21:34:05.974603
physionet_mi,128,1.091493494717721,0.24444444444444446,0.02400274332743653,3,1153839.4793940804,25.00518982736825,1.9995848999824375,2026-03-21T21:34:24.112757
physionet_mi,256,1.1094685241275697,0.23703703703703702,0.020951312035156967,3,1103159.6784202883,23.906893169649106,2.0914470000425354,2026-03-21T21:34:43.727952
sleep_edf,128,1.0836108079341984,0.7535759412440249,0.07665323736851824,3,1631954.9842973007,271.99249738288347,0.18382859998382628,2026-03-21T21:35:03.329588
sleep_edf,256,1.09879879925709,0.7410770356600208,0.05986446320122549,3,1482548.9166302765,247.09148610504607,0.20235420000972226,2026-03-21T21:35:22.563593
mental_arithmetic,128,1.1876035029441803,0.4444444444444445,0.0415739709641549,3,1259410.9482876544,33.142393375990906,1.508641800028272,2026-03-21T21:35:29.815525
mental_arithmetic,256,1.2614968656229195,0.4666666666666666,0.04714045207910316,3,1026540.8905477668,27.01423396178334,1.8508761000121012,2026-03-21T21:35:38.638731
epfl_p300,128,1.1295001618249625,0.6365740740740741,0.04595019162431129,3,1592910.773786342,483.2860357361474,0.10345840000081807,2026-03-21T21:36:10.783224
epfl_p300,256,1.1757641984500649,0.6284722222222222,0.03524237453476496,3,1391735.5564898716,422.2498654398882,0.11841330002062023,2026-03-21T21:36:48.505338
ssvep_nakanishi,128,1.8162138661570302,0.06296296296296296,0.005237828008789242,3,1624755.2019128278,182.31095174066738,0.27425670000957325,2026-03-21T21:37:02.108655
ssvep_nakanishi,256,3.466682610471478,0.06481481481481481,0.005237828008789238,3,1492374.8551759303,167.45678357001012,0.29858450003666803,2026-03-21T21:37:24.746963
