dataset,approach,approach_label,vocab_size,vocab_source,seed,paradigm,n_classes,chance_level,accuracy_mean,accuracy_std,accuracy_ci_low,accuracy_ci_high,macro_f1_mean,kappa_mean,compression_ratio,mean_token_len_ms,n_folds,n_trials,n_subjects,timestamp
bci_iv_2a,raw,Raw BPE (baseline),4096,shared,42,Motor Imagery,4,0.25,0.24402006172839505,0.01657379747223039,0.2334104938271605,0.2542438271604939,0.24217462981062596,-0.007973251028806614,1.241,4.95,9,5184,9,2026-03-10T15:29:02.393157
bci_iv_2a,raw,Raw BPE (baseline),4096,shared,123,Motor Imagery,4,0.25,0.2438271604938272,0.01673466851411753,0.2312885802469136,0.2538628472222223,0.24195676097604935,-0.008230452674897118,1.241,4.95,9,5184,9,2026-03-10T15:29:02.404365
bci_iv_2a,raw,Raw BPE (baseline),4096,shared,456,Motor Imagery,4,0.25,0.24402006172839505,0.016411349579593518,0.23244598765432098,0.2532793209876544,0.2421401890334504,-0.007973251028806564,1.241,4.95,9,5184,9,2026-03-10T15:29:02.411365
bci_iv_2a,raw,Raw BPE (baseline),4096,shared,789,Motor Imagery,4,0.25,0.24421296296296294,0.016931410692509016,0.23205536265432097,0.25405574845679013,0.24235567472252312,-0.0077160493827160715,1.241,4.95,9,5184,9,2026-03-10T15:29:02.418487
bci_iv_2a,raw,Raw BPE (baseline),4096,shared,2024,Motor Imagery,4,0.25,0.24440586419753085,0.016404546007306554,0.23283179012345678,0.25405574845679013,0.24253328835007895,-0.007458847736625529,1.241,4.95,9,5184,9,2026-03-10T15:29:02.425486
bci_iv_2a,downsample_64hz,Downsampled 64 Hz (H5),4096,shared,42,Motor Imagery,4,0.25,0.2706404320987654,0.012178776325358489,0.26331018518518523,0.2789351851851852,0.27000363684338696,0.02752057613168725,1.235,19.28,9,5184,9,2026-03-10T15:35:05.011663
bci_iv_2a,downsample_64hz,Downsampled 64 Hz (H5),4096,shared,123,Motor Imagery,4,0.25,0.2704475308641976,0.013190834102838549,0.2623456790123457,0.27971161265432093,0.2697843263073352,0.02726337448559672,1.235,19.28,9,5184,9,2026-03-10T15:35:05.019162
bci_iv_2a,downsample_64hz,Downsampled 64 Hz (H5),4096,shared,456,Motor Imagery,4,0.25,0.27044753086419754,0.01319083410283855,0.26176215277777776,0.279320987654321,0.26967786062798144,0.02726337448559672,1.235,19.28,9,5184,9,2026-03-10T15:35:05.026163
bci_iv_2a,downsample_64hz,Downsampled 64 Hz (H5),4096,shared,789,Motor Imagery,4,0.25,0.27141203703703703,0.013068969665088224,0.26349826388888886,0.27990451388888893,0.2707466126342537,0.02854938271604938,1.235,19.28,9,5184,9,2026-03-10T15:35:05.032928
bci_iv_2a,downsample_64hz,Downsampled 64 Hz (H5),4096,shared,2024,Motor Imagery,4,0.25,0.2708333333333333,0.01211137125952335,0.2631124614197531,0.27912808641975306,0.27018608934193084,0.027777777777777776,1.235,19.28,9,5184,9,2026-03-10T15:35:05.039929
bci_iv_2a,envelope_8_30hz,Envelope adaptive bands (H6),4096,shared,42,Motor Imagery,4,0.25,0.25675154320987653,0.016397739612155415,0.24575617283950615,0.2663966049382716,0.2556789194618055,0.009002057613168734,1.242,19.4,9,5184,9,2026-03-10T15:41:28.512107
bci_iv_2a,envelope_8_30hz,Envelope adaptive bands (H6),4096,shared,123,Motor Imagery,4,0.25,0.25752314814814814,0.01584845363151523,0.2459490740740741,0.2673611111111111,0.25648146433955327,0.01003086419753089,1.242,19.4,9,5184,9,2026-03-10T15:41:28.520098
bci_iv_2a,envelope_8_30hz,Envelope adaptive bands (H6),4096,shared,456,Motor Imagery,4,0.25,0.25752314814814814,0.016058376071193994,0.24594425154320987,0.2671682098765432,0.25650479686512,0.010030864197530878,1.242,19.4,9,5184,9,2026-03-10T15:41:28.527099
bci_iv_2a,envelope_8_30hz,Envelope adaptive bands (H6),4096,shared,789,Motor Imagery,4,0.25,0.25733024691358025,0.01666782760588577,0.24498456790123457,0.2671682098765432,0.2562508361065852,0.009773662551440335,1.242,19.4,9,5184,9,2026-03-10T15:41:28.534598
bci_iv_2a,envelope_8_30hz,Envelope adaptive bands (H6),4096,shared,2024,Motor Imagery,4,0.25,0.25733024691358025,0.015991035321036046,0.2465229552469136,0.2669801311728395,0.2563430401006692,0.009773662551440335,1.242,19.4,9,5184,9,2026-03-10T15:41:28.541599
bci_iv_2a,spectral_500ms,STFT log-PSD 1000 ms (H7),4096,shared,42,Motor Imagery,4,0.25,0.259837962962963,0.015463413444314105,0.2496141975308642,0.2702546296296296,0.25811366084018,0.013117283950617275,1.559,774.42,9,5184,9,2026-03-10T15:48:07.156052
bci_iv_2a,spectral_500ms,STFT log-PSD 1000 ms (H7),4096,shared,123,Motor Imagery,4,0.25,0.2604166666666667,0.015974738127132244,0.25057388117283946,0.2706452546296297,0.2587584840619183,0.013888888888888902,1.559,774.42,9,5184,9,2026-03-10T15:48:07.163541
bci_iv_2a,spectral_500ms,STFT log-PSD 1000 ms (H7),4096,shared,456,Motor Imagery,4,0.25,0.2596450617283951,0.014824557142624114,0.249609375,0.26967592592592593,0.25792151058857865,0.012860082304526744,1.559,774.42,9,5184,9,2026-03-10T15:48:07.171043
bci_iv_2a,spectral_500ms,STFT log-PSD 1000 ms (H7),4096,shared,789,Motor Imagery,4,0.25,0.259837962962963,0.01495699998069454,0.2507716049382716,0.26851851851851855,0.25812034394417677,0.013117283950617275,1.559,774.42,9,5184,9,2026-03-10T15:48:07.178041
bci_iv_2a,spectral_500ms,STFT log-PSD 1000 ms (H7),4096,shared,2024,Motor Imagery,4,0.25,0.2596450617283951,0.015659493628551235,0.25,0.2698688271604938,0.2578736168967338,0.012860082304526744,1.559,774.42,9,5184,9,2026-03-10T15:48:07.185041
bci_iv_2a,delta_quant,Delta (Δ amplitude) BPE (H8),4096,shared,42,Motor Imagery,4,0.25,0.25231481481481477,0.01950497632679713,0.2391878858024691,0.2646653163580247,0.25032891646212607,0.0030864197530864213,1.247,5.0,9,5184,9,2026-03-10T15:56:04.543475
bci_iv_2a,delta_quant,Delta (Δ amplitude) BPE (H8),4096,shared,123,Motor Imagery,4,0.25,0.2525077160493827,0.01972880814127407,0.2388069058641975,0.2648533950617284,0.25050838857069735,0.0033436213991769512,1.247,5.0,9,5184,9,2026-03-10T15:56:04.550975
bci_iv_2a,delta_quant,Delta (Δ amplitude) BPE (H8),4096,shared,456,Motor Imagery,4,0.25,0.2525077160493827,0.01914295714514704,0.23939043209876543,0.26427951388888893,0.2504908721069502,0.0033436213991769265,1.247,5.0,9,5184,9,2026-03-10T15:56:04.557975
bci_iv_2a,delta_quant,Delta (Δ amplitude) BPE (H8),4096,shared,789,Motor Imagery,4,0.25,0.2528935185185185,0.01940168358129654,0.23996431327160495,0.26581790123456783,0.25088576463492823,0.0038580246913580358,1.247,5.0,9,5184,9,2026-03-10T15:56:04.565027
bci_iv_2a,delta_quant,Delta (Δ amplitude) BPE (H8),4096,shared,2024,Motor Imagery,4,0.25,0.2527006172839506,0.01981350172084697,0.23861400462962964,0.265625,0.25071106684613276,0.003600823045267481,1.247,5.0,9,5184,9,2026-03-10T15:56:04.572337
bci_iv_2a,multiband_alpha_beta,Multi-band Envelope θ/α/β (H9),4096,shared,42,Motor Imagery,4,0.25,0.2638888888888889,0.021247175637367846,0.25,0.27719907407407407,0.263800014587497,0.018518518518518514,1.519,6.25,9,5184,9,2026-03-10T16:04:52.208845
bci_iv_2a,multiband_alpha_beta,Multi-band Envelope θ/α/β (H9),4096,shared,123,Motor Imagery,4,0.25,0.2640817901234568,0.021582536335568076,0.2496141975308642,0.27816358024691357,0.26401540701865867,0.018775720164609058,1.519,6.25,9,5184,9,2026-03-10T16:04:52.216844
bci_iv_2a,multiband_alpha_beta,Multi-band Envelope θ/α/β (H9),4096,shared,456,Motor Imagery,4,0.25,0.2633101851851852,0.02224812822539478,0.2482590663580247,0.27739197530864196,0.26322604432390023,0.0177469135802469,1.519,6.25,9,5184,9,2026-03-10T16:04:52.223844
bci_iv_2a,multiband_alpha_beta,Multi-band Envelope θ/α/β (H9),4096,shared,789,Motor Imagery,4,0.25,0.2644675925925926,0.021822578281209266,0.25038580246913583,0.2787422839506173,0.2644006790032444,0.01929012345679009,1.519,6.25,9,5184,9,2026-03-10T16:04:52.231344
bci_iv_2a,multiband_alpha_beta,Multi-band Envelope θ/α/β (H9),4096,shared,2024,Motor Imagery,4,0.25,0.263695987654321,0.02179869303474791,0.24941647376543213,0.27854938271604934,0.2636031612869505,0.018261316872427984,1.519,6.25,9,5184,9,2026-03-10T16:04:52.238344
physionet_mi,raw,Raw BPE (baseline),4096,shared,42,Motor Imagery,4,0.25,0.26867556900458545,0.01745375052565026,0.25311882332526636,0.28520345674089836,0.26811538947745683,0.024911804924749138,1.207,7.73,5,9795,109,2026-03-10T16:16:49.410794
physionet_mi,raw,Raw BPE (baseline),4096,shared,123,Motor Imagery,4,0.25,0.27047701952506187,0.008900493462900515,0.2621571458032584,0.27852450296983344,0.2702174535147477,0.027325320927132156,1.207,7.73,5,9795,109,2026-03-10T16:16:49.415794
physionet_mi,raw,Raw BPE (baseline),4096,shared,456,Motor Imagery,4,0.25,0.27876516720675737,0.004560493699473859,0.27613823818532557,0.28337757731575414,0.27829127701628764,0.03835270984820847,1.207,7.73,5,9795,109,2026-03-10T16:16:49.420795
physionet_mi,raw,Raw BPE (baseline),4096,shared,789,Motor Imagery,4,0.25,0.2784646842314193,0.010085846566400325,0.2693867430616596,0.2868579952832398,0.2782325910207387,0.037912339551101494,1.207,7.73,5,9795,109,2026-03-10T16:16:49.425293
physionet_mi,raw,Raw BPE (baseline),4096,shared,2024,Motor Imagery,4,0.25,0.2742876545470704,0.009244047064273885,0.266180704696969,0.28239460439717173,0.2734169531345544,0.03248272054956323,1.207,7.73,5,9795,109,2026-03-10T16:16:49.429793
physionet_mi,downsample_64hz,Downsampled 64 Hz (H5),4096,shared,42,Motor Imagery,4,0.25,0.27250779878171744,0.0029623736375355334,0.2697790489420639,0.2749799205878963,0.2724951388259426,0.029981298342688256,1.247,19.46,5,9795,109,2026-03-10T16:30:47.906435
physionet_mi,downsample_64hz,Downsampled 64 Hz (H5),4096,shared,123,Motor Imagery,4,0.25,0.27592242169221476,0.0028085517890527314,0.273172599612323,0.2781417249365265,0.2757512330137162,0.034566337953081484,1.247,19.46,5,9795,109,2026-03-10T16:30:47.911436
physionet_mi,downsample_64hz,Downsampled 64 Hz (H5),4096,shared,456,Motor Imagery,4,0.25,0.2678887064972861,0.006683636871472313,0.26153125618661843,0.27277613596772066,0.26785853007423716,0.02380234140670203,1.247,19.46,5,9795,109,2026-03-10T16:30:47.915936
physionet_mi,downsample_64hz,Downsampled 64 Hz (H5),4096,shared,789,Motor Imagery,4,0.25,0.275169439578096,0.013083813217639788,0.263893758146686,0.2862926411277515,0.275139239292702,0.033529954918274686,1.247,19.46,5,9795,109,2026-03-10T16:30:47.920436
physionet_mi,downsample_64hz,Downsampled 64 Hz (H5),4096,shared,2024,Motor Imagery,4,0.25,0.2711312981442478,0.007036434868144642,0.26479300727418226,0.27697135661770445,0.27084286187274037,0.028189600542950565,1.247,19.46,5,9795,109,2026-03-10T16:30:47.924935
physionet_mi,envelope_8_30hz,Envelope adaptive bands (H6),4096,shared,42,Motor Imagery,4,0.25,0.25512970572087357,0.013973395793921905,0.2438009791257457,0.2670863427861831,0.2546717758791401,0.00695101339936306,1.236,19.43,5,9795,109,2026-03-10T16:44:18.710208
physionet_mi,envelope_8_30hz,Envelope adaptive bands (H6),4096,shared,123,Motor Imagery,4,0.25,0.2551987097036802,0.006367303759997712,0.24984006761738228,0.2605573517899781,0.2550671642441643,0.006929059014494099,1.236,19.43,5,9795,109,2026-03-10T16:44:18.715708
physionet_mi,envelope_8_30hz,Envelope adaptive bands (H6),4096,shared,456,Motor Imagery,4,0.25,0.2513030238817004,0.011274092856475418,0.24181720425051734,0.26078884351288345,0.2511285862959288,0.0017269105079168012,1.236,19.43,5,9795,109,2026-03-10T16:44:18.720208
physionet_mi,envelope_8_30hz,Envelope adaptive bands (H6),4096,shared,789,Motor Imagery,4,0.25,0.25705786887940674,0.011171534972870411,0.24748889778380886,0.26701890989988875,0.2568124361138483,0.009403595542407129,1.236,19.43,5,9795,109,2026-03-10T16:44:18.724709
physionet_mi,envelope_8_30hz,Envelope adaptive bands (H6),4096,shared,2024,Motor Imagery,4,0.25,0.2546073019540128,0.009384277949262046,0.2467885303057587,0.26268235075310464,0.2544129624052288,0.006162634443921222,1.236,19.43,5,9795,109,2026-03-10T16:44:18.729208
physionet_mi,spectral_500ms,STFT log-PSD 1000 ms (H7),4096,shared,42,Motor Imagery,4,0.25,0.2714443209012427,0.003830110787458063,0.26812976155264956,0.27475888024983586,0.270215859012205,0.02857910506161627,1.514,760.24,5,9795,109,2026-03-10T16:57:48.389736
physionet_mi,spectral_500ms,STFT log-PSD 1000 ms (H7),4096,shared,123,Motor Imagery,4,0.25,0.2746805624837454,0.004560023132942526,0.2709056519109012,0.27881662307166527,0.27397350002521986,0.033006928111809365,1.514,760.24,5,9795,109,2026-03-10T16:57:48.394736
physionet_mi,spectral_500ms,STFT log-PSD 1000 ms (H7),4096,shared,456,Motor Imagery,4,0.25,0.2676446762858038,0.0047825474034901465,0.26298476761424705,0.2712916395138139,0.26623800698147587,0.023540053782594782,1.514,760.24,5,9795,109,2026-03-10T16:57:48.399736
physionet_mi,spectral_500ms,STFT log-PSD 1000 ms (H7),4096,shared,789,Motor Imagery,4,0.25,0.26373053629143567,0.011134171082494284,0.2538079978118878,0.2740742627783785,0.2624261346839666,0.01824177464771688,1.514,760.24,5,9795,109,2026-03-10T16:57:48.404289
physionet_mi,spectral_500ms,STFT log-PSD 1000 ms (H7),4096,shared,2024,Motor Imagery,4,0.25,0.26727244456672195,0.0035655089153398207,0.2638209766467442,0.270102542933756,0.26691354418969754,0.022945763533126984,1.514,760.24,5,9795,109,2026-03-10T16:57:48.409288
physionet_mi,delta_quant,Delta (Δ amplitude) BPE (H8),4096,shared,42,Motor Imagery,4,0.25,0.24806188029399748,0.010475238576727542,0.23987084762140443,0.2582948175333211,0.24767258731069144,-0.002586349418298939,1.128,7.07,5,9795,109,2026-03-10T17:14:25.122830
physionet_mi,delta_quant,Delta (Δ amplitude) BPE (H8),4096,shared,123,Motor Imagery,4,0.25,0.25379010428959,0.0037001491784617244,0.2507125772505276,0.2571274941503403,0.25369491614085293,0.005054625555928327,1.128,7.07,5,9795,109,2026-03-10T17:14:25.127831
physionet_mi,delta_quant,Delta (Δ amplitude) BPE (H8),4096,shared,456,Motor Imagery,4,0.25,0.2508549296781303,0.003914655776304956,0.2472137613830891,0.2540584650266379,0.2506772016159877,0.001108059533940997,1.128,7.07,5,9795,109,2026-03-10T17:14:25.132830
physionet_mi,delta_quant,Delta (Δ amplitude) BPE (H8),4096,shared,789,Motor Imagery,4,0.25,0.25058394326779576,0.004377770232813277,0.24675508399646331,0.25441280253912824,0.25037025090271864,0.0008035858556518117,1.128,7.07,5,9795,109,2026-03-10T17:14:25.137330
physionet_mi,delta_quant,Delta (Δ amplitude) BPE (H8),4096,shared,2024,Motor Imagery,4,0.25,0.2547733928104364,0.004917309889024457,0.2506939032550085,0.2587286873925599,0.2545439576637438,0.006440201702656112,1.128,7.07,5,9795,109,2026-03-10T17:14:25.142329
physionet_mi,multiband_alpha_beta,Multi-band Envelope θ/α/β (H9),4096,shared,42,Motor Imagery,4,0.25,0.26188977480189013,0.008541902998961154,0.25539202603858613,0.2693734138636973,0.2619140921901414,0.0159139279281018,1.454,8.86,5,9795,109,2026-03-10T17:37:52.765693
physionet_mi,multiband_alpha_beta,Multi-band Envelope θ/α/β (H9),4096,shared,123,Motor Imagery,4,0.25,0.2538406558460995,0.004849552801495432,0.2489933340682498,0.25737978442288706,0.2533770863055406,0.0051266869518934,1.454,8.86,5,9795,109,2026-03-10T17:37:52.774698
physionet_mi,multiband_alpha_beta,Multi-band Envelope θ/α/β (H9),4096,shared,456,Motor Imagery,4,0.25,0.2548158033782334,0.01147865123518134,0.24477108993583277,0.2644817282360824,0.2544342930609379,0.006399275023070428,1.454,8.86,5,9795,109,2026-03-10T17:37:52.779198
physionet_mi,multiband_alpha_beta,Multi-band Envelope θ/α/β (H9),4096,shared,789,Motor Imagery,4,0.25,0.2576175582489558,0.011969959637083145,0.24524877760431313,0.2648601556335149,0.25728520272240374,0.010125352512200148,1.454,8.86,5,9795,109,2026-03-10T17:37:52.783697
physionet_mi,multiband_alpha_beta,Multi-band Envelope θ/α/β (H9),4096,shared,2024,Motor Imagery,4,0.25,0.25773681689983874,0.011915796438196354,0.24738599189901883,0.2680876419006587,0.257374352810828,0.010318522989937207,1.454,8.86,5,9795,109,2026-03-10T17:37:52.788697
sleep_edf,raw,Raw BPE (baseline),4096,shared,42,Sleep,5,0.2,0.8099969091662261,0.026681279419065153,0.7876862220015562,0.8323075963308959,0.5795014780369125,0.6408237821423132,1.201,11.9,5,54587,20,2026-03-10T18:08:26.189256
sleep_edf,raw,Raw BPE (baseline),4096,shared,123,Sleep,5,0.2,0.809731661396359,0.02225178061676406,0.7905284587515599,0.8308873312248689,0.575938097626361,0.639417908501853,1.201,11.9,5,54587,20,2026-03-10T18:08:26.194756
sleep_edf,raw,Raw BPE (baseline),4096,shared,456,Sleep,5,0.2,0.8093464876445065,0.034882958367091085,0.7759516493914511,0.8375762351524678,0.5762133358277304,0.639903235746983,1.201,11.9,5,54587,20,2026-03-10T18:08:26.199256
sleep_edf,raw,Raw BPE (baseline),4096,shared,789,Sleep,5,0.2,0.8101677314212626,0.02448378957458155,0.7876323586207882,0.8284801547144104,0.5801919930263091,0.6413860599798346,1.201,11.9,5,54587,20,2026-03-10T18:08:26.204256
sleep_edf,raw,Raw BPE (baseline),4096,shared,2024,Sleep,5,0.2,0.8077828329427265,0.041871245621452315,0.7711530305948779,0.844412635290575,0.5767065537188805,0.6392962689717185,1.201,11.9,5,54587,20,2026-03-10T18:08:26.209256
sleep_edf,downsample_64hz,Downsampled 64 Hz (H5),4096,shared,42,Sleep,5,0.2,0.7589977765736541,0.04413192705307282,0.7198316369303338,0.7981639162169745,0.5291795851722508,0.5590477698403428,1.266,19.83,5,54587,20,2026-03-10T19:05:38.909726
sleep_edf,downsample_64hz,Downsampled 64 Hz (H5),4096,shared,123,Sleep,5,0.2,0.7545743650996941,0.04499665584446264,0.7116347227106552,0.7913989160746273,0.523627198817194,0.5529632200319393,1.266,19.83,5,54587,20,2026-03-10T19:05:38.919639
sleep_edf,downsample_64hz,Downsampled 64 Hz (H5),4096,shared,456,Sleep,5,0.2,0.7606702065212727,0.04447651829933464,0.7226407151315648,0.7976525460425459,0.5320181857986108,0.5622146515802647,1.266,19.83,5,54587,20,2026-03-10T19:05:38.924138
sleep_edf,downsample_64hz,Downsampled 64 Hz (H5),4096,shared,789,Sleep,5,0.2,0.7604513202012674,0.03147578218506499,0.7283912218317419,0.785314726944687,0.53110856340759,0.5611550251388918,1.266,19.83,5,54587,20,2026-03-10T19:05:38.929138
sleep_edf,downsample_64hz,Downsampled 64 Hz (H5),4096,shared,2024,Sleep,5,0.2,0.7587028542017198,0.05710319941216088,0.7055098231681308,0.807736706756887,0.5305892629977282,0.5617272426672612,1.266,19.83,5,54587,20,2026-03-10T19:05:38.934138
sleep_edf,envelope_8_30hz,Envelope adaptive bands (H6),4096,shared,42,Sleep,5,0.2,0.7899061259669098,0.034611045989625396,0.7600772263760464,0.8197350255577733,0.5599164176867687,0.6095109847499549,1.289,20.08,5,54587,20,2026-03-10T19:38:09.294611
sleep_edf,envelope_8_30hz,Envelope adaptive bands (H6),4096,shared,123,Sleep,5,0.2,0.789250951095488,0.03068659300185799,0.7630213398564227,0.814069166886368,0.5584055343463544,0.6080876092327976,1.289,20.08,5,54587,20,2026-03-10T19:38:09.300111
sleep_edf,envelope_8_30hz,Envelope adaptive bands (H6),4096,shared,456,Sleep,5,0.2,0.789252151594389,0.033780754549345204,0.7590625026441724,0.8161388083050148,0.5589623590299067,0.6082878300396879,1.289,20.08,5,54587,20,2026-03-10T19:38:09.304611
sleep_edf,envelope_8_30hz,Envelope adaptive bands (H6),4096,shared,789,Sleep,5,0.2,0.7888233469148632,0.03491181152807454,0.7551078977162637,0.8163126652716995,0.5622910810423134,0.6089579389106485,1.289,20.08,5,54587,20,2026-03-10T19:38:09.309111
sleep_edf,envelope_8_30hz,Envelope adaptive bands (H6),4096,shared,2024,Sleep,5,0.2,0.7888637918200943,0.05469863321520641,0.742788935936675,0.8347104276240234,0.5626745151930896,0.6114221512134459,1.289,20.08,5,54587,20,2026-03-10T19:38:09.313611
sleep_edf,spectral_500ms,STFT log-PSD 1000 ms (H7),4096,shared,42,Sleep,5,0.2,0.819327033937428,0.03151481576762902,0.7902010567193355,0.8455745750505159,0.6089867513949535,0.6611208209190159,1.793,899.24,5,54587,20,2026-03-10T20:19:25.305730
sleep_edf,spectral_500ms,STFT log-PSD 1000 ms (H7),4096,shared,123,Sleep,5,0.2,0.8197184612572215,0.039550017598689015,0.7865479709880447,0.8526141203164389,0.6095469374929773,0.6635599592998261,1.793,899.24,5,54587,20,2026-03-10T20:19:25.311403
sleep_edf,spectral_500ms,STFT log-PSD 1000 ms (H7),4096,shared,456,Sleep,5,0.2,0.8212137761423307,0.031562024696167736,0.7951682700045136,0.8479018099736898,0.6054249866664644,0.6630427436977568,1.793,899.24,5,54587,20,2026-03-10T20:19:25.316905
sleep_edf,spectral_500ms,STFT log-PSD 1000 ms (H7),4096,shared,789,Sleep,5,0.2,0.8156632677305607,0.029188231801623225,0.7856207650850264,0.8367458657013389,0.6047931915442627,0.6545635911765961,1.793,899.24,5,54587,20,2026-03-10T20:19:25.321905
sleep_edf,spectral_500ms,STFT log-PSD 1000 ms (H7),4096,shared,2024,Sleep,5,0.2,0.8141845625330608,0.03565919526210658,0.7792631781731393,0.8426992733979681,0.6048770352352874,0.6536886019650642,1.793,899.24,5,54587,20,2026-03-10T20:19:25.327403
sleep_edf,delta_quant,Delta (Δ amplitude) BPE (H8),4096,shared,42,Sleep,5,0.2,0.792438663527863,0.025136323752493885,0.7680063789558865,0.8124067336648166,0.5346535933817441,0.6068917371601369,1.122,11.21,5,54587,20,2026-03-10T20:58:48.527833
sleep_edf,delta_quant,Delta (Δ amplitude) BPE (H8),4096,shared,123,Sleep,5,0.2,0.793501487095938,0.020540446832811088,0.777576230346236,0.8111400669760458,0.5347015751497537,0.6082237437898056,1.122,11.21,5,54587,20,2026-03-10T20:58:48.534335
sleep_edf,delta_quant,Delta (Δ amplitude) BPE (H8),4096,shared,456,Sleep,5,0.2,0.7945967414997339,0.02389359958346662,0.7737853145843303,0.8145835785108805,0.5328347017724553,0.6086151746294226,1.122,11.21,5,54587,20,2026-03-10T20:58:48.540333
sleep_edf,delta_quant,Delta (Δ amplitude) BPE (H8),4096,shared,789,Sleep,5,0.2,0.792872788785657,0.02666041514337429,0.7683746510774517,0.8151425371717542,0.5325878769876919,0.6075956586827925,1.122,11.21,5,54587,20,2026-03-10T20:58:48.545833
sleep_edf,delta_quant,Delta (Δ amplitude) BPE (H8),4096,shared,2024,Sleep,5,0.2,0.7946159467680898,0.03852074205447383,0.760473941590284,0.8258434700901173,0.5346064607929044,0.611534488538449,1.122,11.21,5,54587,20,2026-03-10T20:58:48.551832
sleep_edf,multiband_alpha_beta,Multi-band Envelope θ/α/β (H9),4096,shared,42,Sleep,5,0.2,0.7325394498988643,0.0406037814889015,0.6951765414973694,0.763633691708921,0.4817348004735672,0.5236906777219327,1.512,14.79,5,54587,20,2026-03-10T21:28:55.068163
sleep_edf,multiband_alpha_beta,Multi-band Envelope θ/α/β (H9),4096,shared,123,Sleep,5,0.2,0.7310244832123189,0.0559146698935845,0.6789731811893553,0.7768722625621612,0.4822991889159887,0.5237514896168027,1.512,14.79,5,54587,20,2026-03-10T21:28:55.074665
sleep_edf,multiband_alpha_beta,Multi-band Envelope θ/α/β (H9),4096,shared,456,Sleep,5,0.2,0.7314819726551063,0.038175706277855166,0.6986788589328363,0.7685142273236991,0.47738041625156286,0.519640204149147,1.512,14.79,5,54587,20,2026-03-10T21:28:55.080165
sleep_edf,multiband_alpha_beta,Multi-band Envelope θ/α/β (H9),4096,shared,789,Sleep,5,0.2,0.7295534460580118,0.04612087502109338,0.688041896778165,0.7681235313237698,0.47646785576044437,0.5194174908313369,1.512,14.79,5,54587,20,2026-03-10T21:28:55.085665
sleep_edf,multiband_alpha_beta,Multi-band Envelope θ/α/β (H9),4096,shared,2024,Sleep,5,0.2,0.7344757906225375,0.0419821254284298,0.698204326291437,0.7696382821949986,0.4818047999333637,0.5257153041538499,1.512,14.79,5,54587,20,2026-03-10T21:28:55.091044
mental_arithmetic,raw,Raw BPE (baseline),4096,shared,42,Cognitive,2,0.5,0.5364285714285716,0.015857929338425437,0.5228571428571429,0.55,0.5347260887532383,0.07285714285714287,1.734,3.45,5,1080,36,2026-03-10T21:29:31.509709
mental_arithmetic,raw,Raw BPE (baseline),4096,shared,123,Cognitive,2,0.5,0.5116666666666666,0.023381873708935078,0.4916666666666667,0.5316666666666666,0.5064940622831358,0.023333333333333338,1.734,3.45,5,1080,36,2026-03-10T21:29:31.515271
mental_arithmetic,raw,Raw BPE (baseline),4096,shared,456,Cognitive,2,0.5,0.5295238095238095,0.09658100825971214,0.44761904761904764,0.6123809523809524,0.5281309968989751,0.05904761904761906,1.734,3.45,5,1080,36,2026-03-10T21:29:31.520771
mental_arithmetic,raw,Raw BPE (baseline),4096,shared,789,Cognitive,2,0.5,0.5378571428571428,0.03821706709949201,0.5066666666666666,0.5700000000000001,0.5340678847661116,0.07571428571428573,1.734,3.45,5,1080,36,2026-03-10T21:29:31.525771
mental_arithmetic,raw,Raw BPE (baseline),4096,shared,2024,Cognitive,2,0.5,0.5341666666666667,0.0396476831039369,0.4990476190476191,0.569404761904762,0.533238001434559,0.06833333333333332,1.734,3.45,5,1080,36,2026-03-10T21:29:31.531273
mental_arithmetic,downsample_64hz,Downsampled 64 Hz (H5),4096,shared,42,Cognitive,2,0.5,0.5278571428571428,0.03356720675919448,0.4954761904761905,0.5571428571428572,0.5275130382389168,0.055714285714285716,1.243,19.47,5,1080,36,2026-03-10T21:29:48.052800
mental_arithmetic,downsample_64hz,Downsampled 64 Hz (H5),4096,shared,123,Cognitive,2,0.5,0.5302380952380952,0.018801987640380616,0.5142797619047619,0.5454761904761904,0.5290962051955839,0.06047619047619048,1.243,19.47,5,1080,36,2026-03-10T21:29:48.058302
mental_arithmetic,downsample_64hz,Downsampled 64 Hz (H5),4096,shared,456,Cognitive,2,0.5,0.503095238095238,0.02385234245022513,0.4780952380952381,0.5185714285714285,0.5019323421767664,0.006190476190476213,1.243,19.47,5,1080,36,2026-03-10T21:29:48.063802
mental_arithmetic,downsample_64hz,Downsampled 64 Hz (H5),4096,shared,789,Cognitive,2,0.5,0.5089285714285714,0.027546085893871794,0.49023809523809525,0.5371428571428571,0.506990628937289,0.017857142857142905,1.243,19.47,5,1080,36,2026-03-10T21:29:48.068801
mental_arithmetic,downsample_64hz,Downsampled 64 Hz (H5),4096,shared,2024,Cognitive,2,0.5,0.51,0.030131984799155007,0.48379761904761903,0.5361904761904762,0.5087369482663331,0.019999999999999973,1.243,19.47,5,1080,36,2026-03-10T21:29:48.074301
mental_arithmetic,envelope_8_30hz,Envelope adaptive bands (H6),4096,shared,42,Cognitive,2,0.5,0.565952380952381,0.03773340063934767,0.5278571428571429,0.5923809523809525,0.5652379735760317,0.1319047619047619,1.256,19.3,5,1080,36,2026-03-10T21:30:07.088816
mental_arithmetic,envelope_8_30hz,Envelope adaptive bands (H6),4096,shared,123,Cognitive,2,0.5,0.5602380952380952,0.02227940488626588,0.5397619047619048,0.5800000000000001,0.5584990504081239,0.12047619047619047,1.256,19.3,5,1080,36,2026-03-10T21:30:07.094318
mental_arithmetic,envelope_8_30hz,Envelope adaptive bands (H6),4096,shared,456,Cognitive,2,0.5,0.5546428571428572,0.029277970327282927,0.5317857142857143,0.5803571428571429,0.5523202577385474,0.10928571428571428,1.256,19.3,5,1080,36,2026-03-10T21:30:07.099818
mental_arithmetic,envelope_8_30hz,Envelope adaptive bands (H6),4096,shared,789,Cognitive,2,0.5,0.5529761904761905,0.03612854977498458,0.5257142857142856,0.5834672619047618,0.5497420166338992,0.10595238095238098,1.256,19.3,5,1080,36,2026-03-10T21:30:07.104818
mental_arithmetic,envelope_8_30hz,Envelope adaptive bands (H6),4096,shared,2024,Cognitive,2,0.5,0.5525,0.022763946909786194,0.5371190476190476,0.5755952380952382,0.5498058853938563,0.10500000000000001,1.256,19.3,5,1080,36,2026-03-10T21:30:07.110316
mental_arithmetic,spectral_500ms,STFT log-PSD 1000 ms (H7),4096,shared,42,Cognitive,2,0.5,0.5246428571428571,0.044396303292411024,0.49142857142857144,0.5701190476190475,0.5232998276836319,0.04928571428571429,1.554,735.46,5,1080,36,2026-03-10T21:30:23.423516
mental_arithmetic,spectral_500ms,STFT log-PSD 1000 ms (H7),4096,shared,123,Cognitive,2,0.5,0.49071428571428566,0.05569800331875591,0.43619047619047613,0.5364285714285714,0.486853385572896,-0.018571428571428593,1.554,735.46,5,1080,36,2026-03-10T21:30:23.429013
mental_arithmetic,spectral_500ms,STFT log-PSD 1000 ms (H7),4096,shared,456,Cognitive,2,0.5,0.49523809523809526,0.03601461028797912,0.46761904761904766,0.5295238095238094,0.4859170229795252,-0.009523809523809535,1.554,735.46,5,1080,36,2026-03-10T21:30:23.434513
mental_arithmetic,spectral_500ms,STFT log-PSD 1000 ms (H7),4096,shared,789,Cognitive,2,0.5,0.5153571428571428,0.04331828624152268,0.47821428571428576,0.5525,0.5127014499769332,0.03071428571428574,1.554,735.46,5,1080,36,2026-03-10T21:30:23.439533
mental_arithmetic,spectral_500ms,STFT log-PSD 1000 ms (H7),4096,shared,2024,Cognitive,2,0.5,0.5236904761904763,0.05106629455824359,0.48185416666666664,0.5741666666666666,0.519383372879308,0.04738095238095239,1.554,735.46,5,1080,36,2026-03-10T21:30:23.445033
mental_arithmetic,delta_quant,Delta (Δ amplitude) BPE (H8),4096,shared,42,Cognitive,2,0.5,0.6217857142857143,0.0449672342288806,0.5845238095238096,0.6619047619047619,0.6134533639245754,0.2435714285714286,1.276,2.56,5,1080,36,2026-03-10T21:30:49.934577
mental_arithmetic,delta_quant,Delta (Δ amplitude) BPE (H8),4096,shared,123,Cognitive,2,0.5,0.5910714285714287,0.047010998857772004,0.5504761904761905,0.6339285714285714,0.5781936698253558,0.18214285714285713,1.276,2.56,5,1080,36,2026-03-10T21:30:49.940076
mental_arithmetic,delta_quant,Delta (Δ amplitude) BPE (H8),4096,shared,456,Cognitive,2,0.5,0.5954761904761904,0.05168586432893012,0.5516666666666666,0.6395238095238095,0.5843945546279474,0.19095238095238096,1.276,2.56,5,1080,36,2026-03-10T21:30:49.945078
mental_arithmetic,delta_quant,Delta (Δ amplitude) BPE (H8),4096,shared,789,Cognitive,2,0.5,0.6151190476190476,0.05134748899265029,0.5741666666666667,0.661904761904762,0.612689783958711,0.23023809523809521,1.276,2.56,5,1080,36,2026-03-10T21:30:49.950077
mental_arithmetic,delta_quant,Delta (Δ amplitude) BPE (H8),4096,shared,2024,Cognitive,2,0.5,0.594047619047619,0.03793119442100498,0.5568869047619047,0.6228571428571429,0.5770395554466089,0.18809523809523812,1.276,2.56,5,1080,36,2026-03-10T21:30:49.955576
mental_arithmetic,multiband_alpha_beta,Multi-band Envelope θ/α/β (H9),4096,shared,42,Cognitive,2,0.5,0.49404761904761896,0.03409005015065799,0.464047619047619,0.5228571428571428,0.49312977883580383,-0.011904761904761885,1.437,2.89,5,1080,36,2026-03-10T21:31:37.818624
mental_arithmetic,multiband_alpha_beta,Multi-band Envelope θ/α/β (H9),4096,shared,123,Cognitive,2,0.5,0.4925,0.041135388431445465,0.45809523809523806,0.5288095238095238,0.4918230024020449,-0.015000000000000013,1.437,2.89,5,1080,36,2026-03-10T21:31:37.824126
mental_arithmetic,multiband_alpha_beta,Multi-band Envelope θ/α/β (H9),4096,shared,456,Cognitive,2,0.5,0.484047619047619,0.013460280023907199,0.47233928571428574,0.4947619047619048,0.48364382866274946,-0.03190476190476188,1.437,2.89,5,1080,36,2026-03-10T21:31:37.829124
mental_arithmetic,multiband_alpha_beta,Multi-band Envelope θ/α/β (H9),4096,shared,789,Cognitive,2,0.5,0.5242857142857144,0.027038227745863612,0.5019047619047619,0.5466666666666666,0.52390479484646,0.04857142857142853,1.437,2.89,5,1080,36,2026-03-10T21:31:37.834626
mental_arithmetic,multiband_alpha_beta,Multi-band Envelope θ/α/β (H9),4096,shared,2024,Cognitive,2,0.5,0.47892857142857137,0.03947573094109002,0.4427380952380952,0.5151190476190476,0.4777925778482427,-0.04214285714285715,1.437,2.89,5,1080,36,2026-03-10T21:31:37.839625
epfl_p300,raw,Raw BPE (baseline),4096,ds-specific,42,P300,2,0.5,0.5925925925925927,0.015644278230651117,0.5825810185185186,0.6027213541666667,0.48088225703174026,0.014202143521204979,1.595,0.78,10,17280,10,2026-03-10T21:46:58.463126
epfl_p300,raw,Raw BPE (baseline),4096,ds-specific,123,P300,2,0.5,0.5927662037037036,0.015719130897557748,0.5832161458333333,0.6024334490740741,0.4807842383921569,0.013801699484185258,1.595,0.78,10,17280,10,2026-03-10T21:46:58.472626
epfl_p300,raw,Raw BPE (baseline),4096,ds-specific,456,P300,2,0.5,0.5927083333333333,0.015083643108930471,0.5831582754629628,0.6016811342592593,0.48063318859466914,0.013487412990170533,1.595,0.78,10,17280,10,2026-03-10T21:46:58.481626
epfl_p300,raw,Raw BPE (baseline),4096,ds-specific,789,P300,2,0.5,0.592650462962963,0.015602371302760511,0.5822323495370371,0.6023162615740741,0.48069862706531136,0.013684567163760597,1.595,0.78,10,17280,10,2026-03-10T21:46:58.490626
epfl_p300,raw,Raw BPE (baseline),4096,ds-specific,2024,P300,2,0.5,0.592476851851852,0.0160454407403727,0.5819429976851852,0.6022005208333333,0.4807610008318357,0.013980595190704336,1.595,0.78,10,17280,10,2026-03-10T21:46:58.499625
epfl_p300,downsample_64hz,Downsampled 64 Hz (H5),4096,ds-specific,42,P300,2,0.5,0.5979166666666667,0.011665725086930557,0.590853587962963,0.605324074074074,0.48916897601771536,0.030578160501026297,1.183,18.48,10,17280,10,2026-03-10T22:01:06.986739
epfl_p300,downsample_64hz,Downsampled 64 Hz (H5),4096,ds-specific,123,P300,2,0.5,0.5987847222222222,0.01178354997916392,0.5918981481481481,0.6061921296296295,0.4899092868543763,0.03171686394691146,1.183,18.48,10,17280,10,2026-03-10T22:01:06.996238
epfl_p300,downsample_64hz,Downsampled 64 Hz (H5),4096,ds-specific,456,P300,2,0.5,0.5983796296296295,0.011224465191142102,0.5916666666666666,0.6052676504629629,0.48982627915374055,0.03186575528808918,1.183,18.48,10,17280,10,2026-03-10T22:01:07.005244
epfl_p300,downsample_64hz,Downsampled 64 Hz (H5),4096,ds-specific,789,P300,2,0.5,0.5992476851851851,0.012020471373400952,0.5923017939814814,0.606830150462963,0.48999947177540354,0.031553723605355556,1.183,18.48,10,17280,10,2026-03-10T22:01:07.013745
epfl_p300,downsample_64hz,Downsampled 64 Hz (H5),4096,ds-specific,2024,P300,2,0.5,0.5986111111111111,0.012045380833207784,0.5918981481481482,0.6067708333333334,0.4895029174040485,0.030841715834500395,1.183,18.48,10,17280,10,2026-03-10T22:01:07.022749
epfl_p300,envelope_8_30hz,Envelope adaptive bands (H6),4096,ds-specific,42,P300,2,0.5,0.585474537037037,0.015333027379138043,0.5760923032407407,0.5954282407407407,0.4755928235076726,0.006214074795894642,1.588,24.01,10,17280,10,2026-03-10T22:06:40.375572
epfl_p300,envelope_8_30hz,Envelope adaptive bands (H6),4096,ds-specific,123,P300,2,0.5,0.585763888888889,0.015301871433777554,0.5763859953703703,0.5949117476851852,0.47592613201982725,0.006825839625488062,1.588,24.01,10,17280,10,2026-03-10T22:06:40.384072
epfl_p300,envelope_8_30hz,Envelope adaptive bands (H6),4096,ds-specific,456,P300,2,0.5,0.5859953703703702,0.015416127924075743,0.5772569444444444,0.5956076388888889,0.4760802877688741,0.007016822885286234,1.588,24.01,10,17280,10,2026-03-10T22:06:40.393073
epfl_p300,envelope_8_30hz,Envelope adaptive bands (H6),4096,ds-specific,789,P300,2,0.5,0.5858217592592592,0.015041955392336284,0.5764438657407407,0.595603298611111,0.4759633977004176,0.006859587618175622,1.588,24.01,10,17280,10,2026-03-10T22:06:40.401447
epfl_p300,envelope_8_30hz,Envelope adaptive bands (H6),4096,ds-specific,2024,P300,2,0.5,0.5857060185185186,0.01502502502828133,0.5765625000000001,0.5950810185185185,0.47567332429178355,0.006209368123962089,1.588,24.01,10,17280,10,2026-03-10T22:06:40.409893
epfl_p300,spectral_500ms,STFT log-PSD 1000 ms (H7),4096,ds-specific,42,P300,2,0.5,0.5906828703703704,0.01060797196189619,0.5842592592592594,0.5971643518518518,0.48016106013829846,0.013482150927344828,1.163,568.17,10,17280,10,2026-03-10T22:20:46.957344
epfl_p300,spectral_500ms,STFT log-PSD 1000 ms (H7),4096,ds-specific,123,P300,2,0.5,0.5901041666666667,0.011460817398153316,0.583158275462963,0.5972800925925925,0.4794258334613438,0.012103269127843486,1.163,568.17,10,17280,10,2026-03-10T22:20:46.966343
epfl_p300,spectral_500ms,STFT log-PSD 1000 ms (H7),4096,ds-specific,456,P300,2,0.5,0.5900462962962963,0.011147221414661566,0.5824638310185186,0.5966435185185185,0.4797962320186787,0.013133358646601423,1.163,568.17,10,17280,10,2026-03-10T22:20:46.974843
epfl_p300,spectral_500ms,STFT log-PSD 1000 ms (H7),4096,ds-specific,789,P300,2,0.5,0.5898148148148149,0.010754550907701227,0.583041087962963,0.5958940972222223,0.47985154806963576,0.013468347858464857,1.163,568.17,10,17280,10,2026-03-10T22:20:46.983343
epfl_p300,spectral_500ms,STFT log-PSD 1000 ms (H7),4096,ds-specific,2024,P300,2,0.5,0.5903935185185185,0.01091527847486327,0.5829861111111111,0.5971064814814815,0.47978005077997643,0.012728008531716706,1.163,568.17,10,17280,10,2026-03-10T22:20:46.991843
epfl_p300,delta_quant,Delta (Δ amplitude) BPE (H8),4096,ds-specific,42,P300,2,0.5,0.58125,0.014952969108203611,0.5713541666666666,0.5902256944444445,0.47465090682939304,0.008018479410887281,1.417,0.7,10,17280,10,2026-03-10T22:36:23.113516
epfl_p300,delta_quant,Delta (Δ amplitude) BPE (H8),4096,ds-specific,123,P300,2,0.5,0.5799189814814815,0.01498261541884774,0.5700202546296296,0.5891782407407408,0.47351955598561146,0.006206206943587855,1.417,0.7,10,17280,10,2026-03-10T22:36:23.122096
epfl_p300,delta_quant,Delta (Δ amplitude) BPE (H8),4096,ds-specific,456,P300,2,0.5,0.5811342592592592,0.01485995726454076,0.5717549189814816,0.5906828703703704,0.4747101473492187,0.008305448689046212,1.417,0.7,10,17280,10,2026-03-10T22:36:23.130597
epfl_p300,delta_quant,Delta (Δ amplitude) BPE (H8),4096,ds-specific,789,P300,2,0.5,0.5810763888888889,0.015116135104889059,0.5716420717592592,0.5901620370370371,0.474773883343767,0.008504624500179681,1.417,0.7,10,17280,10,2026-03-10T22:36:23.139095
epfl_p300,delta_quant,Delta (Δ amplitude) BPE (H8),4096,ds-specific,2024,P300,2,0.5,0.5809027777777779,0.014943111286857656,0.5710633680555555,0.5898726851851852,0.474430456345864,0.007696626776832393,1.417,0.7,10,17280,10,2026-03-10T22:36:23.147094
epfl_p300,multiband_alpha_beta,Multi-band Envelope θ/α/β (H9),4096,ds-specific,42,P300,2,0.5,0.5905092592592592,0.01539221311646805,0.5813657407407409,0.6012152777777777,0.48243924676965866,0.01992214280799707,3.405,1.19,10,17280,10,2026-03-10T22:51:35.176280
epfl_p300,multiband_alpha_beta,Multi-band Envelope θ/α/β (H9),4096,ds-specific,123,P300,2,0.5,0.5888888888888888,0.014649778816618936,0.5806119791666666,0.5986704282407408,0.48192660473719673,0.020050893599136487,3.405,1.19,10,17280,10,2026-03-10T22:51:35.185287
epfl_p300,multiband_alpha_beta,Multi-band Envelope θ/α/β (H9),4096,ds-specific,456,P300,2,0.5,0.5889467592592592,0.013066535022393138,0.5808434606481482,0.5974551504629629,0.481421513290013,0.018551609777793777,3.405,1.19,10,17280,10,2026-03-10T22:51:35.193786
epfl_p300,multiband_alpha_beta,Multi-band Envelope θ/α/β (H9),4096,ds-specific,789,P300,2,0.5,0.5892361111111111,0.012435533350521588,0.5822337962962963,0.5972800925925925,0.4824744768889655,0.02101549139561428,3.405,1.19,10,17280,10,2026-03-10T22:51:35.201786
epfl_p300,multiband_alpha_beta,Multi-band Envelope θ/α/β (H9),4096,ds-specific,2024,P300,2,0.5,0.5894675925925926,0.015543770337221804,0.5811906828703703,0.5998857060185185,0.4826435810742987,0.02138632183098571,3.405,1.19,10,17280,10,2026-03-10T22:51:35.210286
ssvep_nakanishi,raw,Raw BPE (baseline),4096,shared,42,SSVEP,12,0.0833,0.08271604938271605,0.019675774630258307,0.07037037037037036,0.09567901234567902,0.07507377659019371,-0.000673400673400653,1.423,5.35,9,1620,9,2026-03-10T22:52:52.580568
ssvep_nakanishi,raw,Raw BPE (baseline),4096,shared,123,SSVEP,12,0.0833,0.08148148148148147,0.02525589203145529,0.06419753086419752,0.09691358024691357,0.07343373225083531,-0.0020202020202020085,1.423,5.35,9,1620,9,2026-03-10T22:52:52.588069
ssvep_nakanishi,raw,Raw BPE (baseline),4096,shared,456,SSVEP,12,0.0833,0.08703703703703704,0.018885257457751055,0.07469135802469136,0.09876543209876543,0.07933268609744287,0.004040404040404066,1.423,5.35,9,1620,9,2026-03-10T22:52:52.595568
ssvep_nakanishi,raw,Raw BPE (baseline),4096,shared,789,SSVEP,12,0.0833,0.08333333333333333,0.020951312035156964,0.06973765432098765,0.09691358024691359,0.07437519930444332,1.2335811384723961e-17,1.423,5.35,9,1620,9,2026-03-10T22:52:52.603326
ssvep_nakanishi,raw,Raw BPE (baseline),4096,shared,2024,SSVEP,12,0.0833,0.08765432098765431,0.02249489772628222,0.07282407407407405,0.10185185185185186,0.07571664081976859,0.004713804713804757,1.423,5.35,9,1620,9,2026-03-10T22:52:52.610619
ssvep_nakanishi,downsample_64hz,Downsampled 64 Hz (H5),4096,shared,42,SSVEP,12,0.0833,0.07962962962962965,0.017762338975232293,0.06604938271604938,0.09012345679012346,0.06388195927463053,-0.0040404040404040786,1.266,19.85,9,1620,9,2026-03-10T22:54:00.848600
ssvep_nakanishi,downsample_64hz,Downsampled 64 Hz (H5),4096,shared,123,SSVEP,12,0.0833,0.0845679012345679,0.013802888749998701,0.07592592592592592,0.09382716049382717,0.06865177520291192,0.001346801346801368,1.266,19.85,9,1620,9,2026-03-10T22:54:00.856601
ssvep_nakanishi,downsample_64hz,Downsampled 64 Hz (H5),4096,shared,456,SSVEP,12,0.0833,0.07654320987654321,0.022341927247967724,0.0611111111111111,0.09074074074074073,0.062458900925907584,-0.007407407407407394,1.266,19.85,9,1620,9,2026-03-10T22:54:00.864599
ssvep_nakanishi,downsample_64hz,Downsampled 64 Hz (H5),4096,shared,789,SSVEP,12,0.0833,0.08271604938271605,0.018784103771238198,0.07035493827160492,0.09506172839506172,0.0681202666282526,-0.0006734006734006407,1.266,19.85,9,1620,9,2026-03-10T22:54:00.872101
ssvep_nakanishi,downsample_64hz,Downsampled 64 Hz (H5),4096,shared,2024,SSVEP,12,0.0833,0.08086419753086418,0.022393033515082785,0.06481481481481481,0.09506172839506172,0.06486722807058004,-0.002693602693602736,1.266,19.85,9,1620,9,2026-03-10T22:54:00.879601
ssvep_nakanishi,envelope_8_30hz,Envelope adaptive bands (H6),4096,shared,42,SSVEP,12,0.0833,0.09938271604938272,0.03286131272643498,0.07962962962962962,0.12283950617283951,0.08125325580854922,0.017508417508417497,1.331,20.72,9,1620,9,2026-03-10T22:55:09.670813
ssvep_nakanishi,envelope_8_30hz,Envelope adaptive bands (H6),4096,shared,123,SSVEP,12,0.0833,0.09567901234567901,0.026420906863003333,0.08024691358024691,0.1148148148148148,0.07652540537511959,0.013468013468013481,1.331,20.72,9,1620,9,2026-03-10T22:55:09.678811
ssvep_nakanishi,envelope_8_30hz,Envelope adaptive bands (H6),4096,shared,456,SSVEP,12,0.0833,0.09814814814814815,0.026057865332352388,0.08333333333333333,0.11606481481481482,0.08309532462115128,0.016161616161616155,1.331,20.72,9,1620,9,2026-03-10T22:55:09.686298
ssvep_nakanishi,envelope_8_30hz,Envelope adaptive bands (H6),4096,shared,789,SSVEP,12,0.0833,0.09382716049382717,0.029681025383139034,0.07654320987654321,0.11358024691358026,0.07982720798085303,0.01144781144781146,1.331,20.72,9,1620,9,2026-03-10T22:55:09.693798
ssvep_nakanishi,envelope_8_30hz,Envelope adaptive bands (H6),4096,shared,2024,SSVEP,12,0.0833,0.09074074074074073,0.03302324907430927,0.06975308641975307,0.1111111111111111,0.07415613128662843,0.00808080808080807,1.331,20.72,9,1620,9,2026-03-10T22:55:09.701472
ssvep_nakanishi,spectral_500ms,STFT log-PSD 1000 ms (H7),4096,shared,42,SSVEP,12,0.0833,0.09135802469135802,0.015954133312740846,0.0808641975308642,0.10123456790123457,0.05993562066528976,0.008754208754208749,1.131,565.68,9,1620,9,2026-03-10T22:56:25.895738
ssvep_nakanishi,spectral_500ms,STFT log-PSD 1000 ms (H7),4096,shared,123,SSVEP,12,0.0833,0.08703703703703702,0.011111111111111113,0.07962962962962963,0.09444444444444444,0.058446613139028464,0.004040404040404029,1.131,565.68,9,1620,9,2026-03-10T22:56:25.904025
ssvep_nakanishi,spectral_500ms,STFT log-PSD 1000 ms (H7),4096,shared,456,SSVEP,12,0.0833,0.09012345679012346,0.017719382832601636,0.07777777777777778,0.1006172839506173,0.06004164723405339,0.007407407407407442,1.131,565.68,9,1620,9,2026-03-10T22:56:25.911525
ssvep_nakanishi,spectral_500ms,STFT log-PSD 1000 ms (H7),4096,shared,789,SSVEP,12,0.0833,0.08765432098765431,0.01429115667011139,0.07839506172839505,0.09691358024691359,0.05929663350061534,0.0047138047138047074,1.131,565.68,9,1620,9,2026-03-10T22:56:25.919025
ssvep_nakanishi,spectral_500ms,STFT log-PSD 1000 ms (H7),4096,shared,2024,SSVEP,12,0.0833,0.09074074074074075,0.01335389361282959,0.08209876543209876,0.09876543209876544,0.06057944241433488,0.008080808080808096,1.131,565.68,9,1620,9,2026-03-10T22:56:25.926527
ssvep_nakanishi,delta_quant,Delta (Δ amplitude) BPE (H8),4096,shared,42,SSVEP,12,0.0833,0.08641975308641975,0.012590171638500706,0.07962962962962962,0.09567901234567902,0.06832598542530319,0.0033670033670033517,1.109,4.33,9,1620,9,2026-03-10T22:57:39.212801
ssvep_nakanishi,delta_quant,Delta (Δ amplitude) BPE (H8),4096,shared,123,SSVEP,12,0.0833,0.08456790123456791,0.008987789986766076,0.07901234567901233,0.09012345679012347,0.06316944685599796,0.0013468013468013432,1.109,4.33,9,1620,9,2026-03-10T22:57:39.220799
ssvep_nakanishi,delta_quant,Delta (Δ amplitude) BPE (H8),4096,shared,456,SSVEP,12,0.0833,0.08641975308641975,0.010180507717574472,0.0802469135802469,0.09320987654320988,0.06632321897621513,0.003367003367003364,1.109,4.33,9,1620,9,2026-03-10T22:57:39.228801
ssvep_nakanishi,delta_quant,Delta (Δ amplitude) BPE (H8),4096,shared,789,SSVEP,12,0.0833,0.08641975308641975,0.012314776137814818,0.07839506172839507,0.09382716049382717,0.070145655126984,0.0033670033670033764,1.109,4.33,9,1620,9,2026-03-10T22:57:39.235800
ssvep_nakanishi,delta_quant,Delta (Δ amplitude) BPE (H8),4096,shared,2024,SSVEP,12,0.0833,0.08888888888888888,0.01047565601757848,0.08271604938271605,0.09567901234567902,0.06864989845343902,0.006060606060606013,1.109,4.33,9,1620,9,2026-03-10T22:57:39.243800
ssvep_nakanishi,multiband_alpha_beta,Multi-band Envelope θ/α/β (H9),4096,shared,42,SSVEP,12,0.0833,0.10679012345679012,0.014049144045359308,0.09753086419753086,0.1148148148148148,0.08717713505595484,0.02558922558922558,1.436,5.53,9,1620,9,2026-03-10T22:59:06.496186
ssvep_nakanishi,multiband_alpha_beta,Multi-band Envelope θ/α/β (H9),4096,shared,123,SSVEP,12,0.0833,0.10493827160493827,0.015145486600475674,0.09506172839506172,0.1148148148148148,0.08434785666986583,0.023569023569023573,1.436,5.53,9,1620,9,2026-03-10T22:59:06.504186
ssvep_nakanishi,multiband_alpha_beta,Multi-band Envelope θ/α/β (H9),4096,shared,456,SSVEP,12,0.0833,0.1037037037037037,0.015270761576361706,0.09382716049382717,0.11358024691358024,0.0872065767368319,0.022222222222222206,1.436,5.53,9,1620,9,2026-03-10T22:59:06.511685
ssvep_nakanishi,multiband_alpha_beta,Multi-band Envelope θ/α/β (H9),4096,shared,789,SSVEP,12,0.0833,0.10432098765432099,0.017911874232773958,0.09135802469135802,0.11481481481481483,0.08386623704331991,0.022895622895622907,1.436,5.53,9,1620,9,2026-03-10T22:59:06.519186
ssvep_nakanishi,multiband_alpha_beta,Multi-band Envelope θ/α/β (H9),4096,shared,2024,SSVEP,12,0.0833,0.10432098765432099,0.01499377506356928,0.09444444444444444,0.11296296296296296,0.08101946103355913,0.022895622895622882,1.436,5.53,9,1620,9,2026-03-10T22:59:06.526685
bci_iv_2a,raw,Raw BPE (baseline),512,shared,42,Motor Imagery,4,0.25,0.2673611111111111,0.016347739458131394,0.24826388888888892,0.2881944444444444,0.2548276476331497,0.02314814814814814,1.121,4.49,3,1728,3,2026-03-21T21:42:34.697504
bci_iv_2a,raw,Raw BPE (baseline),512,shared,123,Motor Imagery,4,0.25,0.2638888888888889,0.009295357872806153,0.2517361111111111,0.2743055555555556,0.2527676710518642,0.018518518518518528,1.121,4.49,3,1728,3,2026-03-21T21:42:34.703004
bci_iv_2a,raw,Raw BPE (baseline),512,shared,456,Motor Imagery,4,0.25,0.25636574074074076,0.016120819765259392,0.234375,0.2725694444444444,0.2445209810422706,0.008487654320987673,1.121,4.49,3,1728,3,2026-03-21T21:42:34.706004
bci_iv_2a,raw,Raw BPE (baseline),512,shared,789,Motor Imagery,4,0.25,0.26215277777777773,0.016347739458131404,0.24131944444444445,0.28125,0.23684596138658812,0.016203703703703647,1.121,4.49,3,1728,3,2026-03-21T21:42:34.709004
bci_iv_2a,raw,Raw BPE (baseline),512,shared,2024,Motor Imagery,4,0.25,0.26273148148148145,0.010826554938582013,0.24826388888888892,0.2743055555555556,0.24440369238170614,0.01697530864197531,1.121,4.49,3,1728,3,2026-03-21T21:42:34.712004
bci_iv_2a,downsample_64hz,Downsampled 64 Hz (H5),512,shared,42,Motor Imagery,4,0.25,0.24594907407407407,0.008544457789486913,0.23611111111111108,0.2569444444444444,0.23068955751341721,-0.00540123456790124,1.127,17.63,3,1728,3,2026-03-21T21:43:06.073824
bci_iv_2a,downsample_64hz,Downsampled 64 Hz (H5),512,shared,123,Motor Imagery,4,0.25,0.24710648148148148,0.0029508214777736047,0.24305555555555555,0.25,0.2343129394305882,-0.0038580246913580605,1.127,17.63,3,1728,3,2026-03-21T21:43:06.077325
bci_iv_2a,downsample_64hz,Downsampled 64 Hz (H5),512,shared,456,Motor Imagery,4,0.25,0.23842592592592593,0.00356736921468112,0.234375,0.24305555555555555,0.2192064579111863,-0.015432098765432093,1.127,17.63,3,1728,3,2026-03-21T21:43:06.080325
bci_iv_2a,downsample_64hz,Downsampled 64 Hz (H5),512,shared,789,Motor Imagery,4,0.25,0.24479166666666666,0.007087643931664286,0.23611111111111108,0.2534722222222222,0.22335971083382214,-0.006944444444444457,1.127,17.63,3,1728,3,2026-03-21T21:43:06.083325
bci_iv_2a,downsample_64hz,Downsampled 64 Hz (H5),512,shared,2024,Motor Imagery,4,0.25,0.24594907407407407,0.008060409882629693,0.2378472222222222,0.2569444444444444,0.23071900270671017,-0.00540123456790124,1.127,17.63,3,1728,3,2026-03-21T21:43:06.086824
bci_iv_2a,envelope_8_30hz,Envelope adaptive bands (H6),512,shared,42,Motor Imagery,4,0.25,0.2569444444444444,0.007087643931664286,0.24826388888888892,0.265625,0.24831216954635585,0.009259259259259264,1.146,17.97,3,1728,3,2026-03-21T21:43:39.118619
bci_iv_2a,envelope_8_30hz,Envelope adaptive bands (H6),512,shared,123,Motor Imagery,4,0.25,0.2540509259259259,0.011888101032508173,0.24479166666666666,0.2708333333333333,0.24062099192907507,0.005401234567901277,1.146,17.97,3,1728,3,2026-03-21T21:43:39.122114
bci_iv_2a,envelope_8_30hz,Envelope adaptive bands (H6),512,shared,456,Motor Imagery,4,0.25,0.2523148148148148,0.0021653109877163936,0.25,0.2552083333333333,0.23993165396985636,0.0030864197530863966,1.146,17.97,3,1728,3,2026-03-21T21:43:39.125114
bci_iv_2a,envelope_8_30hz,Envelope adaptive bands (H6),512,shared,789,Motor Imagery,4,0.25,0.2505787037037037,0.01800503378021303,0.2378472222222222,0.2760416666666667,0.24162328073841152,0.0007716049382715898,1.146,17.97,3,1728,3,2026-03-21T21:43:39.128614
bci_iv_2a,envelope_8_30hz,Envelope adaptive bands (H6),512,shared,2024,Motor Imagery,4,0.25,0.24710648148148148,0.016911619440049132,0.23263888888888892,0.2708333333333333,0.2391579538566081,-0.003858024691358023,1.146,17.97,3,1728,3,2026-03-21T21:43:39.131614
bci_iv_2a,spectral_500ms,STFT log-PSD 1000 ms (H7),512,shared,42,Motor Imagery,4,0.25,0.2667824074074074,0.010639338142853153,0.2534722222222222,0.2795138888888889,0.2536525755172212,0.02237654320987655,1.401,695.78,3,1728,3,2026-03-21T21:44:19.533505
bci_iv_2a,spectral_500ms,STFT log-PSD 1000 ms (H7),512,shared,123,Motor Imagery,4,0.25,0.2604166666666667,0.012357729458369568,0.24305555555555555,0.2708333333333333,0.2470254529271334,0.013888888888888876,1.401,695.78,3,1728,3,2026-03-21T21:44:19.537005
bci_iv_2a,spectral_500ms,STFT log-PSD 1000 ms (H7),512,shared,456,Motor Imagery,4,0.25,0.2633101851851852,0.012705149537095001,0.2534722222222222,0.28125,0.25141942548187335,0.0177469135802469,1.401,695.78,3,1728,3,2026-03-21T21:44:19.540004
bci_iv_2a,spectral_500ms,STFT log-PSD 1000 ms (H7),512,shared,789,Motor Imagery,4,0.25,0.26273148148148145,0.020897534820911803,0.24305555555555555,0.2916666666666667,0.250001497279898,0.01697530864197531,1.401,695.78,3,1728,3,2026-03-21T21:44:19.543004
bci_iv_2a,spectral_500ms,STFT log-PSD 1000 ms (H7),512,shared,2024,Motor Imagery,4,0.25,0.25289351851851855,0.005366677370078539,0.24826388888888892,0.2604166666666667,0.23716784248421155,0.0038580246913579863,1.401,695.78,3,1728,3,2026-03-21T21:44:19.546505
bci_iv_2a,delta_quant,Delta (Δ amplitude) BPE (H8),512,shared,42,Motor Imagery,4,0.25,0.27372685185185186,0.006391991329390777,0.265625,0.28125,0.2636746179007215,0.03163580246913581,1.14,4.57,3,1728,3,2026-03-21T21:45:24.898896
bci_iv_2a,delta_quant,Delta (Δ amplitude) BPE (H8),512,shared,123,Motor Imagery,4,0.25,0.2743055555555556,0.005670115145331433,0.2673611111111111,0.28125,0.26583042287796943,0.032407407407407406,1.14,4.57,3,1728,3,2026-03-21T21:45:24.902395
bci_iv_2a,delta_quant,Delta (Δ amplitude) BPE (H8),512,shared,456,Motor Imagery,4,0.25,0.2685185185185185,0.0008184106263733161,0.2673611111111111,0.2690972222222222,0.25628053317999594,0.02469135802469132,1.14,4.57,3,1728,3,2026-03-21T21:45:24.905395
bci_iv_2a,delta_quant,Delta (Δ amplitude) BPE (H8),512,shared,789,Motor Imagery,4,0.25,0.2795138888888889,0.004252586358998558,0.2743055555555556,0.2847222222222222,0.25879030588555846,0.03935185185185186,1.14,4.57,3,1728,3,2026-03-21T21:45:24.908395
bci_iv_2a,delta_quant,Delta (Δ amplitude) BPE (H8),512,shared,2024,Motor Imagery,4,0.25,0.2725694444444444,0.0014175287863328755,0.2708333333333333,0.2743055555555556,0.25677678277033206,0.030092592592592598,1.14,4.57,3,1728,3,2026-03-21T21:45:24.911395
bci_iv_2a,multiband_alpha_beta,Multi-band Envelope θ/α/β (H9),512,shared,42,Motor Imagery,4,0.25,0.2743055555555556,0.014175287863328594,0.2569444444444444,0.2916666666666667,0.2704359178437215,0.03240740740740744,1.301,5.17,3,1728,3,2026-03-21T21:47:01.645642
bci_iv_2a,multiband_alpha_beta,Multi-band Envelope θ/α/β (H9),512,shared,123,Motor Imagery,4,0.25,0.2708333333333333,0.014934592477504553,0.2517361111111111,0.2881944444444444,0.24797908415966363,0.027777777777777752,1.301,5.17,3,1728,3,2026-03-21T21:47:01.649142
bci_iv_2a,multiband_alpha_beta,Multi-band Envelope θ/α/β (H9),512,shared,456,Motor Imagery,4,0.25,0.27141203703703703,0.018446038715867162,0.24826388888888892,0.2934027777777778,0.2673829718158017,0.028549382716049343,1.301,5.17,3,1728,3,2026-03-21T21:47:01.652142
bci_iv_2a,multiband_alpha_beta,Multi-band Envelope θ/α/β (H9),512,shared,789,Motor Imagery,4,0.25,0.2673611111111111,0.014934592477504553,0.24826388888888892,0.2847222222222222,0.26171973797326015,0.023148148148148102,1.301,5.17,3,1728,3,2026-03-21T21:47:01.655143
bci_iv_2a,multiband_alpha_beta,Multi-band Envelope θ/α/β (H9),512,shared,2024,Motor Imagery,4,0.25,0.2673611111111111,0.018097796031379492,0.24305555555555555,0.2864583333333333,0.25464609749188005,0.02314814814814814,1.301,5.17,3,1728,3,2026-03-21T21:47:01.658642
physionet_mi,raw,Raw BPE (baseline),512,shared,42,Motor Imagery,4,0.25,0.2333333333333333,0.04800548665487304,0.18888888888888888,0.3,0.18548628485429378,-0.025104476340052567,1.128,7.08,3,270,3,2026-03-21T21:47:15.951594
physionet_mi,raw,Raw BPE (baseline),512,shared,123,Motor Imagery,4,0.25,0.2333333333333333,0.05051178406291057,0.17777777777777778,0.3,0.1860217410020122,-0.025357306300754206,1.128,7.08,3,270,3,2026-03-21T21:47:15.956093
physionet_mi,raw,Raw BPE (baseline),512,shared,456,Motor Imagery,4,0.25,0.22962962962962963,0.04566232594791833,0.17777777777777778,0.28888888888888886,0.18240150015212486,-0.030503319812114293,1.128,7.08,3,270,3,2026-03-21T21:47:15.959094
physionet_mi,raw,Raw BPE (baseline),512,shared,789,Motor Imagery,4,0.25,0.24074074074074073,0.04287347001033416,0.20000000000000004,0.3,0.19748843142050165,-0.015332451845291343,1.128,7.08,3,270,3,2026-03-21T21:47:15.962093
physionet_mi,raw,Raw BPE (baseline),512,shared,2024,Motor Imagery,4,0.25,0.2333333333333333,0.04157397096415489,0.18888888888888888,0.28888888888888886,0.18265420520864553,-0.02529314879433801,1.128,7.08,3,270,3,2026-03-21T21:47:15.965093
physionet_mi,downsample_64hz,Downsampled 64 Hz (H5),512,shared,42,Motor Imagery,4,0.25,0.2962962962962963,0.029162992125969685,0.25555555555555554,0.32222222222222224,0.20962855748813466,0.05822429021159655,1.193,18.64,3,270,3,2026-03-21T21:47:23.326644
physionet_mi,downsample_64hz,Downsampled 64 Hz (H5),512,shared,123,Motor Imagery,4,0.25,0.2888888888888889,0.027216552697590886,0.25555555555555554,0.32222222222222224,0.21119883169284,0.04794269617167298,1.193,18.64,3,270,3,2026-03-21T21:47:23.330143
physionet_mi,downsample_64hz,Downsampled 64 Hz (H5),512,shared,456,Motor Imagery,4,0.25,0.2814814814814815,0.01888525745775106,0.25555555555555554,0.3,0.19965578758091748,0.03841282255658388,1.193,18.64,3,270,3,2026-03-21T21:47:23.333143
physionet_mi,downsample_64hz,Downsampled 64 Hz (H5),512,shared,789,Motor Imagery,4,0.25,0.29259259259259257,0.022831162973959183,0.26666666666666666,0.32222222222222224,0.2145252158287475,0.05317573294396823,1.193,18.64,3,270,3,2026-03-21T21:47:23.336143
physionet_mi,downsample_64hz,Downsampled 64 Hz (H5),512,shared,2024,Motor Imagery,4,0.25,0.2814814814814815,0.02283116297395918,0.25555555555555554,0.3111111111111111,0.19698615526751992,0.038187955659804595,1.193,18.64,3,270,3,2026-03-21T21:47:23.339143
physionet_mi,envelope_8_30hz,Envelope adaptive bands (H6),512,shared,42,Motor Imagery,4,0.25,0.19259259259259257,0.027715980642769932,0.15555555555555556,0.2222222222222222,0.16692703995535743,-0.07861573042549559,1.16,18.11,3,270,3,2026-03-21T21:47:31.005138
physionet_mi,envelope_8_30hz,Envelope adaptive bands (H6),512,shared,123,Motor Imagery,4,0.25,0.20370370370370372,0.041902624070313935,0.14444444444444443,0.2333333333333333,0.17653277851566881,-0.06457992167159136,1.16,18.11,3,270,3,2026-03-21T21:47:31.012635
physionet_mi,envelope_8_30hz,Envelope adaptive bands (H6),512,shared,456,Motor Imagery,4,0.25,0.17777777777777778,0.02400274332743652,0.15555555555555556,0.2111111111111111,0.1547414170924921,-0.09839631352248679,1.16,18.11,3,270,3,2026-03-21T21:47:31.015635
physionet_mi,envelope_8_30hz,Envelope adaptive bands (H6),512,shared,789,Motor Imagery,4,0.25,0.20000000000000004,0.036288736930121156,0.15555555555555556,0.24444444444444444,0.17170518636228446,-0.06858736902903195,1.16,18.11,3,270,3,2026-03-21T21:47:31.019137
physionet_mi,envelope_8_30hz,Envelope adaptive bands (H6),512,shared,2024,Motor Imagery,4,0.25,0.1851851851851852,0.02771598064276993,0.15555555555555556,0.2222222222222222,0.15853987981839102,-0.08884622704474669,1.16,18.11,3,270,3,2026-03-21T21:47:31.022136
physionet_mi,spectral_500ms,STFT log-PSD 1000 ms (H7),512,shared,42,Motor Imagery,4,0.25,0.24074074074074073,0.06040557937148182,0.15555555555555556,0.28888888888888886,0.20962062101565482,-0.012966266309732485,1.349,649.51,3,270,3,2026-03-21T21:47:40.623194
physionet_mi,spectral_500ms,STFT log-PSD 1000 ms (H7),512,shared,123,Motor Imagery,4,0.25,0.2333333333333333,0.047140452079103175,0.16666666666666666,0.26666666666666666,0.20012647374917958,-0.022887458572787883,1.349,649.51,3,270,3,2026-03-21T21:47:40.626695
physionet_mi,spectral_500ms,STFT log-PSD 1000 ms (H7),512,shared,456,Motor Imagery,4,0.25,0.24814814814814815,0.049965694678637186,0.17777777777777778,0.28888888888888886,0.21863202610925994,-0.003229371104106519,1.349,649.51,3,270,3,2026-03-21T21:47:40.629693
physionet_mi,spectral_500ms,STFT log-PSD 1000 ms (H7),512,shared,789,Motor Imagery,4,0.25,0.24074074074074073,0.06040557937148181,0.15555555555555556,0.28888888888888886,0.20946018496368649,-0.013092381214159307,1.349,649.51,3,270,3,2026-03-21T21:47:40.632693
physionet_mi,spectral_500ms,STFT log-PSD 1000 ms (H7),512,shared,2024,Motor Imagery,4,0.25,0.22592592592592595,0.05158662324883007,0.15555555555555556,0.2777777777777778,0.19313365938152482,-0.03272833809329534,1.349,649.51,3,270,3,2026-03-21T21:47:40.635693
physionet_mi,delta_quant,Delta (Δ amplitude) BPE (H8),512,shared,42,Motor Imagery,4,0.25,0.32222222222222224,0.054433105395181744,0.25555555555555554,0.3888888888888889,0.26796488972532595,0.09883160715804791,1.086,6.79,3,270,3,2026-03-21T21:47:53.703370
physionet_mi,delta_quant,Delta (Δ amplitude) BPE (H8),512,shared,123,Motor Imagery,4,0.25,0.32962962962962966,0.04996569467863719,0.26666666666666666,0.3888888888888889,0.280718680207991,0.10848708186159499,1.086,6.79,3,270,3,2026-03-21T21:47:53.706871
physionet_mi,delta_quant,Delta (Δ amplitude) BPE (H8),512,shared,456,Motor Imagery,4,0.25,0.3296296296296296,0.03666479606152469,0.28888888888888886,0.37777777777777777,0.28202019883603363,0.1087317740524139,1.086,6.79,3,270,3,2026-03-21T21:47:53.709870
physionet_mi,delta_quant,Delta (Δ amplitude) BPE (H8),512,shared,789,Motor Imagery,4,0.25,0.3296296296296296,0.03666479606152469,0.28888888888888886,0.37777777777777777,0.28313753771070843,0.1089688107005566,1.086,6.79,3,270,3,2026-03-21T21:47:53.712870
physionet_mi,delta_quant,Delta (Δ amplitude) BPE (H8),512,shared,2024,Motor Imagery,4,0.25,0.34074074074074073,0.05158662324883007,0.28888888888888886,0.41111111111111115,0.29052971714266723,0.12308228827739191,1.086,6.79,3,270,3,2026-03-21T21:47:53.715869
physionet_mi,multiband_alpha_beta,Multi-band Envelope θ/α/β (H9),512,shared,42,Motor Imagery,4,0.25,0.25925925925925924,0.026189140043946214,0.2222222222222222,0.2777777777777778,0.2261899435656256,0.018700529310320846,1.224,7.69,3,270,3,2026-03-21T21:48:19.557469
physionet_mi,multiband_alpha_beta,Multi-band Envelope θ/α/β (H9),512,shared,123,Motor Imagery,4,0.25,0.2518518518518518,0.029162992125969674,0.2111111111111111,0.2777777777777778,0.22067231621668612,0.0077323732070298705,1.224,7.69,3,270,3,2026-03-21T21:48:19.561469
physionet_mi,multiband_alpha_beta,Multi-band Envelope θ/α/β (H9),512,shared,456,Motor Imagery,4,0.25,0.24444444444444446,0.027216552697590872,0.2111111111111111,0.2777777777777778,0.2102184307564794,-0.0008232884363903459,1.224,7.69,3,270,3,2026-03-21T21:48:19.564469
physionet_mi,multiband_alpha_beta,Multi-band Envelope θ/α/β (H9),512,shared,789,Motor Imagery,4,0.25,0.24444444444444446,0.03954473426678264,0.18888888888888888,0.2777777777777778,0.2149340295255343,-0.0011429909958732647,1.224,7.69,3,270,3,2026-03-21T21:48:19.567469
physionet_mi,multiband_alpha_beta,Multi-band Envelope θ/α/β (H9),512,shared,2024,Motor Imagery,4,0.25,0.2518518518518518,0.03666479606152468,0.2111111111111111,0.3,0.21563038612574215,0.008003149960829884,1.224,7.69,3,270,3,2026-03-21T21:48:19.570469
sleep_edf,raw,Raw BPE (baseline),512,shared,42,Sleep,5,0.2,0.7942386293013364,0.04613899846523996,0.7505660377358491,0.8580599144079887,0.5655768579346262,0.6175956908260298,1.163,11.64,3,8256,3,2026-03-21T21:50:05.025739
sleep_edf,raw,Raw BPE (baseline),512,shared,123,Sleep,5,0.2,0.7931133773474309,0.04715198517509953,0.7475471698113209,0.8580599144079887,0.5639434739997974,0.6157548741543,1.163,11.64,3,8256,3,2026-03-21T21:50:05.029240
sleep_edf,raw,Raw BPE (baseline),512,shared,456,Sleep,5,0.2,0.7938613556628713,0.04628357797267058,0.7494339622641509,0.8577032810271041,0.56543303952971,0.6172052633762449,1.163,11.64,3,8256,3,2026-03-21T21:50:05.032238
sleep_edf,raw,Raw BPE (baseline),512,shared,789,Sleep,5,0.2,0.7939871418263934,0.04616302125650278,0.7498113207547169,0.8577032810271041,0.5650964229657031,0.6171979083605951,1.163,11.64,3,8256,3,2026-03-21T21:50:05.035238
sleep_edf,raw,Raw BPE (baseline),512,shared,2024,Sleep,5,0.2,0.7937219224637638,0.046551464679771566,0.7483018867924528,0.8577032810271041,0.5646879066671243,0.6167225279008947,1.163,11.64,3,8256,3,2026-03-21T21:50:05.038239
sleep_edf,downsample_64hz,Downsampled 64 Hz (H5),512,shared,42,Sleep,5,0.2,0.7264004164630776,0.11020684730907322,0.570566037735849,0.8065667380442539,0.4987557019588969,0.5187839101208468,1.226,19.29,3,8256,3,2026-03-21T21:51:45.293896
sleep_edf,downsample_64hz,Downsampled 64 Hz (H5),512,shared,123,Sleep,5,0.2,0.7262885318914445,0.10987222865042243,0.5709433962264151,0.8069236259814417,0.49700920262181675,0.5179585962670904,1.226,19.29,3,8256,3,2026-03-21T21:51:45.297897
sleep_edf,downsample_64hz,Downsampled 64 Hz (H5),512,shared,456,Sleep,5,0.2,0.726155328245422,0.11028632728772965,0.570188679245283,0.8047822983583156,0.4982803537478566,0.5176092813366077,1.226,19.29,3,8256,3,2026-03-21T21:51:45.300897
sleep_edf,downsample_64hz,Downsampled 64 Hz (H5),512,shared,789,Sleep,5,0.2,0.7246597958750467,0.11190138733023136,0.5664150943396227,0.8051391862955032,0.49488167332120875,0.5159929992343407,1.226,19.29,3,8256,3,2026-03-21T21:51:45.303896
sleep_edf,downsample_64hz,Downsampled 64 Hz (H5),512,shared,2024,Sleep,5,0.2,0.7273997125492588,0.10903930753752047,0.5732075471698114,0.8062098501070664,0.49861140355759836,0.5194999326374611,1.226,19.29,3,8256,3,2026-03-21T21:51:45.306897
sleep_edf,envelope_8_30hz,Envelope adaptive bands (H6),512,shared,42,Sleep,5,0.2,0.7771415113839596,0.052965769215579515,0.7060377358490566,0.833095577746077,0.5316654439615368,0.5820759154129075,1.181,18.6,3,8256,3,2026-03-21T21:53:28.602361
sleep_edf,envelope_8_30hz,Envelope adaptive bands (H6),512,shared,123,Sleep,5,0.2,0.777453986258532,0.051488689408715295,0.7101886792452831,0.8195386981583357,0.5298298870391609,0.5816447363789288,1.181,18.6,3,8256,3,2026-03-21T21:53:28.609861
sleep_edf,envelope_8_30hz,Envelope adaptive bands (H6),512,shared,456,Sleep,5,0.2,0.7782227745357551,0.04957496732799188,0.7132075471698113,0.8334522111269614,0.5315749634095721,0.5826043002207545,1.181,18.6,3,8256,3,2026-03-21T21:53:28.613361
sleep_edf,envelope_8_30hz,Envelope adaptive bands (H6),512,shared,789,Sleep,5,0.2,0.779126201964433,0.051753122846878434,0.710566037735849,0.8355920114122682,0.5337484842706769,0.5846935218552466,1.181,18.6,3,8256,3,2026-03-21T21:53:28.616360
sleep_edf,envelope_8_30hz,Envelope adaptive bands (H6),512,shared,2024,Sleep,5,0.2,0.778161108319317,0.051613909850664455,0.7098113207547169,0.834522111269615,0.5316347151944093,0.5830724164939659,1.181,18.6,3,8256,3,2026-03-21T21:53:28.619360
sleep_edf,spectral_500ms,STFT log-PSD 1000 ms (H7),512,shared,42,Sleep,5,0.2,0.7465927795062951,0.12140385500769396,0.5977175463623395,0.8950943396226415,0.5674281160765123,0.5845252464593909,1.72,823.33,3,8256,3,2026-03-21T21:55:37.332759
sleep_edf,spectral_500ms,STFT log-PSD 1000 ms (H7),512,shared,123,Sleep,5,0.2,0.7469495825913818,0.12125907313456591,0.598074179743224,0.8950943396226415,0.5678635569648969,0.5850190341080768,1.72,823.33,3,8256,3,2026-03-21T21:55:37.336758
sleep_edf,spectral_500ms,STFT log-PSD 1000 ms (H7),512,shared,456,Sleep,5,0.2,0.7464738168605659,0.12140360541881502,0.5977175463623395,0.8950943396226415,0.5674810712340896,0.5844823973329089,1.72,823.33,3,8256,3,2026-03-21T21:55:37.339758
sleep_edf,spectral_500ms,STFT log-PSD 1000 ms (H7),512,shared,789,Sleep,5,0.2,0.7476700971314489,0.1212706945587387,0.6486564688017492,0.8954716981132075,0.5682405849489687,0.5860613128769399,1.72,823.33,3,8256,3,2026-03-21T21:55:37.342758
sleep_edf,spectral_500ms,STFT log-PSD 1000 ms (H7),512,shared,2024,Sleep,5,0.2,0.7463548542148367,0.12140358897120712,0.5977175463623395,0.8950943396226415,0.5670686632635843,0.5842157806607727,1.72,823.33,3,8256,3,2026-03-21T21:55:37.346258
sleep_edf,delta_quant,Delta (Δ amplitude) BPE (H8),512,shared,42,Sleep,5,0.2,0.7266666575730829,0.17017010000417812,0.4875089221984297,0.869472182596291,0.5083909358332166,0.5499108868823123,1.081,10.84,3,8256,3,2026-03-21T21:56:32.725154
sleep_edf,delta_quant,Delta (Δ amplitude) BPE (H8),512,shared,123,Sleep,5,0.2,0.7257555581056013,0.17400762766484212,0.48108493932905066,0.8708987161198288,0.5129947257658914,0.5511690335301834,1.081,10.84,3,8256,3,2026-03-21T21:56:32.728654
sleep_edf,delta_quant,Delta (Δ amplitude) BPE (H8),512,shared,456,Sleep,5,0.2,0.7274585398385321,0.16730599195354418,0.4925053533190578,0.8691155492154067,0.5116051705779284,0.5503921094944648,1.081,10.84,3,8256,3,2026-03-21T21:56:32.732154
sleep_edf,delta_quant,Delta (Δ amplitude) BPE (H8),512,shared,789,Sleep,5,0.2,0.727175946928155,0.17282904218000095,0.4842969307637402,0.8723252496433668,0.5122618713062758,0.5520855628181094,1.081,10.84,3,8256,3,2026-03-21T21:56:32.735155
sleep_edf,delta_quant,Delta (Δ amplitude) BPE (H8),512,shared,2024,Sleep,5,0.2,0.7272820262072086,0.16978338191393091,0.48857958600999285,0.8691155492154067,0.5090878840160256,0.5507482598588621,1.081,10.84,3,8256,3,2026-03-21T21:56:32.738155
sleep_edf,multiband_alpha_beta,Multi-band Envelope θ/α/β (H9),512,shared,42,Sleep,5,0.2,0.7496463333687663,0.02427025730461048,0.7173584905660378,0.77587437544611,0.41532565622853285,0.48621224108103434,1.273,12.53,3,8256,3,2026-03-21T22:00:51.804274
sleep_edf,multiband_alpha_beta,Multi-band Envelope θ/α/β (H9),512,shared,123,Sleep,5,0.2,0.7498084362955945,0.02694724370000438,0.7132075471698113,0.7773019271948608,0.41336997466477393,0.48568253483743895,1.273,12.53,3,8256,3,2026-03-21T22:00:51.807774
sleep_edf,multiband_alpha_beta,Multi-band Envelope θ/α/β (H9),512,shared,456,Sleep,5,0.2,0.7514364086430825,0.024622060318473967,0.7177358490566038,0.77587437544611,0.4172361722492917,0.4889745310109146,1.273,12.53,3,8256,3,2026-03-21T22:00:51.811274
sleep_edf,multiband_alpha_beta,Multi-band Envelope θ/α/β (H9),512,shared,789,Sleep,5,0.2,0.7486739919453518,0.02396548701537385,0.7162264150943396,0.7733761598857959,0.41398008176455897,0.48554793491990494,1.273,12.53,3,8256,3,2026-03-21T22:00:51.814274
sleep_edf,multiband_alpha_beta,Multi-band Envelope θ/α/β (H9),512,shared,2024,Sleep,5,0.2,0.7492985529758146,0.02800444889965592,0.7113207547169811,0.7780157030692362,0.41688109935466144,0.4862729228941358,1.273,12.53,3,8256,3,2026-03-21T22:00:51.817273
mental_arithmetic,raw,Raw BPE (baseline),512,shared,42,Cognitive,2,0.5,0.4666666666666666,0.08164965809277261,0.36666666666666664,0.5666666666666667,0.4454003693134128,-0.06666666666666665,1.355,2.71,3,90,3,2026-03-21T22:00:56.284318
mental_arithmetic,raw,Raw BPE (baseline),512,shared,123,Cognitive,2,0.5,0.45555555555555555,0.0785674201318386,0.4000000000000001,0.5666666666666667,0.4283076286037653,-0.08888888888888886,1.355,2.71,3,90,3,2026-03-21T22:00:56.287317
mental_arithmetic,raw,Raw BPE (baseline),512,shared,456,Cognitive,2,0.5,0.45555555555555555,0.0785674201318386,0.4000000000000001,0.5666666666666667,0.4283076286037654,-0.08888888888888886,1.355,2.71,3,90,3,2026-03-21T22:00:56.290317
mental_arithmetic,raw,Raw BPE (baseline),512,shared,789,Cognitive,2,0.5,0.45555555555555555,0.0785674201318386,0.4000000000000001,0.5666666666666667,0.4283076286037654,-0.08888888888888886,1.355,2.71,3,90,3,2026-03-21T22:00:56.293317
mental_arithmetic,raw,Raw BPE (baseline),512,shared,2024,Cognitive,2,0.5,0.45555555555555555,0.08314794192830981,0.38888888888888884,0.5666666666666667,0.43317494042131727,-0.08888888888888886,1.355,2.71,3,90,3,2026-03-21T22:00:56.296320
mental_arithmetic,downsample_64hz,Downsampled 64 Hz (H5),512,shared,42,Cognitive,2,0.5,0.4444444444444445,0.06285393610547088,0.4000000000000001,0.5333333333333333,0.4392372333548804,-0.11111111111111109,1.175,18.4,3,90,3,2026-03-21T22:00:56.807679
mental_arithmetic,downsample_64hz,Downsampled 64 Hz (H5),512,shared,123,Cognitive,2,0.5,0.43333333333333335,0.04714045207910316,0.4000000000000001,0.5,0.4271370650047121,-0.1333333333333333,1.175,18.4,3,90,3,2026-03-21T22:00:56.810678
mental_arithmetic,downsample_64hz,Downsampled 64 Hz (H5),512,shared,456,Cognitive,2,0.5,0.4444444444444445,0.06285393610547088,0.4000000000000001,0.5333333333333333,0.43711619263089857,-0.11111111111111109,1.175,18.4,3,90,3,2026-03-21T22:00:56.813678
mental_arithmetic,downsample_64hz,Downsampled 64 Hz (H5),512,shared,789,Cognitive,2,0.5,0.4444444444444445,0.06285393610547088,0.4000000000000001,0.5333333333333333,0.43711619263089857,-0.11111111111111109,1.175,18.4,3,90,3,2026-03-21T22:00:56.816679
mental_arithmetic,downsample_64hz,Downsampled 64 Hz (H5),512,shared,2024,Cognitive,2,0.5,0.45555555555555555,0.0785674201318386,0.4000000000000001,0.5666666666666667,0.44958375411806784,-0.08888888888888886,1.175,18.4,3,90,3,2026-03-21T22:00:56.819678
mental_arithmetic,envelope_8_30hz,Envelope adaptive bands (H6),512,shared,42,Cognitive,2,0.5,0.5222222222222223,0.0684934889218775,0.43333333333333335,0.6,0.5164565566679026,0.04444444444444443,1.162,18.17,3,90,3,2026-03-21T22:00:57.461206
mental_arithmetic,envelope_8_30hz,Envelope adaptive bands (H6),512,shared,123,Cognitive,2,0.5,0.5333333333333333,0.05443310539518172,0.4666666666666666,0.6,0.5277777777777777,0.06666666666666665,1.162,18.17,3,90,3,2026-03-21T22:00:57.465205
mental_arithmetic,envelope_8_30hz,Envelope adaptive bands (H6),512,shared,456,Cognitive,2,0.5,0.5444444444444444,0.0415739709641549,0.5,0.6,0.5387034977135089,0.08888888888888886,1.162,18.17,3,90,3,2026-03-21T22:00:57.468205
mental_arithmetic,envelope_8_30hz,Envelope adaptive bands (H6),512,shared,789,Cognitive,2,0.5,0.5444444444444444,0.0415739709641549,0.5,0.6,0.5387034977135089,0.08888888888888886,1.162,18.17,3,90,3,2026-03-21T22:00:57.471205
mental_arithmetic,envelope_8_30hz,Envelope adaptive bands (H6),512,shared,2024,Cognitive,2,0.5,0.5222222222222223,0.0684934889218775,0.43333333333333335,0.6,0.5164565566679026,0.04444444444444443,1.162,18.17,3,90,3,2026-03-21T22:00:57.474206
mental_arithmetic,spectral_500ms,STFT log-PSD 1000 ms (H7),512,shared,42,Cognitive,2,0.5,0.5222222222222223,0.05665577237325315,0.4666666666666666,0.6,0.4811032105149753,0.04444444444444443,1.35,662.14,3,90,3,2026-03-21T22:00:58.263066
mental_arithmetic,spectral_500ms,STFT log-PSD 1000 ms (H7),512,shared,123,Cognitive,2,0.5,0.5222222222222223,0.05665577237325315,0.4666666666666666,0.6,0.4811032105149753,0.04444444444444443,1.35,662.14,3,90,3,2026-03-21T22:00:58.266065
mental_arithmetic,spectral_500ms,STFT log-PSD 1000 ms (H7),512,shared,456,Cognitive,2,0.5,0.5222222222222223,0.05665577237325315,0.4666666666666666,0.6,0.4811032105149753,0.04444444444444443,1.35,662.14,3,90,3,2026-03-21T22:00:58.269065
mental_arithmetic,spectral_500ms,STFT log-PSD 1000 ms (H7),512,shared,789,Cognitive,2,0.5,0.5222222222222223,0.05665577237325315,0.4666666666666666,0.6,0.4811032105149753,0.04444444444444443,1.35,662.14,3,90,3,2026-03-21T22:00:58.272065
mental_arithmetic,spectral_500ms,STFT log-PSD 1000 ms (H7),512,shared,2024,Cognitive,2,0.5,0.5222222222222223,0.05665577237325315,0.4666666666666666,0.6,0.4811032105149753,0.04444444444444443,1.35,662.14,3,90,3,2026-03-21T22:00:58.275065
mental_arithmetic,delta_quant,Delta (Δ amplitude) BPE (H8),512,shared,42,Cognitive,2,0.5,0.38888888888888884,0.10999438818457406,0.2991666666666667,0.5333333333333333,0.35219080596591357,-0.22222222222222218,1.151,2.3,3,90,3,2026-03-21T22:01:01.180099
mental_arithmetic,delta_quant,Delta (Δ amplitude) BPE (H8),512,shared,123,Cognitive,2,0.5,0.41111111111111115,0.10999438818457406,0.26666666666666666,0.5333333333333333,0.38852303742009625,-0.17777777777777773,1.151,2.3,3,90,3,2026-03-21T22:01:01.185105
mental_arithmetic,delta_quant,Delta (Δ amplitude) BPE (H8),512,shared,456,Cognitive,2,0.5,0.39999999999999997,0.10886621079036347,0.3111111111111111,0.5333333333333333,0.38078224020561485,-0.19999999999999996,1.151,2.3,3,90,3,2026-03-21T22:01:01.188099
mental_arithmetic,delta_quant,Delta (Δ amplitude) BPE (H8),512,shared,789,Cognitive,2,0.5,0.41111111111111115,0.10999438818457406,0.26666666666666666,0.5333333333333333,0.38852303742009625,-0.17777777777777773,1.151,2.3,3,90,3,2026-03-21T22:01:01.191098
mental_arithmetic,delta_quant,Delta (Δ amplitude) BPE (H8),512,shared,2024,Cognitive,2,0.5,0.39999999999999997,0.10886621079036347,0.26666666666666666,0.5333333333333333,0.3710932449903039,-0.19999999999999996,1.151,2.3,3,90,3,2026-03-21T22:01:01.194098
mental_arithmetic,multiband_alpha_beta,Multi-band Envelope θ/α/β (H9),512,shared,42,Cognitive,2,0.5,0.4777777777777778,0.05665577237325315,0.4000000000000001,0.5333333333333333,0.4717799221475692,-0.04444444444444443,1.242,2.46,3,90,3,2026-03-21T22:01:03.466137
mental_arithmetic,multiband_alpha_beta,Multi-band Envelope θ/α/β (H9),512,shared,123,Cognitive,2,0.5,0.4666666666666666,0.04714045207910316,0.4000000000000001,0.5,0.45967975379740084,-0.06666666666666665,1.242,2.46,3,90,3,2026-03-21T22:01:03.470636
mental_arithmetic,multiband_alpha_beta,Multi-band Envelope θ/α/β (H9),512,shared,456,Cognitive,2,0.5,0.4666666666666666,0.04714045207910316,0.4000000000000001,0.5,0.4596797537974009,-0.06666666666666665,1.242,2.46,3,90,3,2026-03-21T22:01:03.473636
mental_arithmetic,multiband_alpha_beta,Multi-band Envelope θ/α/β (H9),512,shared,789,Cognitive,2,0.5,0.4777777777777778,0.05665577237325315,0.4000000000000001,0.5333333333333333,0.4717799221475692,-0.04444444444444443,1.242,2.46,3,90,3,2026-03-21T22:01:03.476635
mental_arithmetic,multiband_alpha_beta,Multi-band Envelope θ/α/β (H9),512,shared,2024,Cognitive,2,0.5,0.4777777777777778,0.05665577237325315,0.4000000000000001,0.5333333333333333,0.4717799221475692,-0.04444444444444443,1.242,2.46,3,90,3,2026-03-21T22:01:03.479636
epfl_p300,raw,Raw BPE (baseline),512,ds-specific,42,P300,2,0.5,0.660108024691358,0.005476492888340428,0.6556712962962963,0.6678240740740741,0.48294622030893003,-0.023690582021610746,1.369,0.67,3,5184,3,2026-03-21T22:02:36.046591
epfl_p300,raw,Raw BPE (baseline),512,ds-specific,123,P300,2,0.5,0.65991512345679,0.006415235010924366,0.6550925925925926,0.6689814814814815,0.4832053612738266,-0.023032854869031578,1.369,0.67,3,5184,3,2026-03-21T22:02:36.050090
epfl_p300,raw,Raw BPE (baseline),512,ds-specific,456,P300,2,0.5,0.65991512345679,0.005715868977634674,0.6545138888888888,0.6678240740740741,0.4828358359781653,-0.023860805397116325,1.369,0.67,3,5184,3,2026-03-21T22:02:36.053090
epfl_p300,raw,Raw BPE (baseline),512,ds-specific,789,P300,2,0.5,0.6606867283950617,0.0059830487728668455,0.6550925925925926,0.6654079861111111,0.48399025642484245,-0.02155903795205753,1.369,0.67,3,5184,3,2026-03-21T22:02:36.056091
epfl_p300,raw,Raw BPE (baseline),512,ds-specific,2024,P300,2,0.5,0.6606867283950617,0.0059830487728668455,0.6550925925925926,0.6689814814814815,0.4836408217223454,-0.02234345785959957,1.369,0.67,3,5184,3,2026-03-21T22:02:36.059090
epfl_p300,downsample_64hz,Downsampled 64 Hz (H5),512,ds-specific,42,P300,2,0.5,0.6689814814814814,0.008505172717997162,0.6585648148148148,0.6793981481481483,0.5021412825717781,0.015898791942158524,1.152,18.02,3,5184,3,2026-03-21T22:03:22.612998
epfl_p300,downsample_64hz,Downsampled 64 Hz (H5),512,ds-specific,123,P300,2,0.5,0.6691743827160493,0.00857488841469629,0.6579861111111112,0.6788194444444443,0.5019330255061573,0.01535770572948203,1.152,18.02,3,5184,3,2026-03-21T22:03:22.616999
epfl_p300,downsample_64hz,Downsampled 64 Hz (H5),512,ds-specific,456,P300,2,0.5,0.6705246913580246,0.007325168806345497,0.6603009259259259,0.6770833333333334,0.5024099436198189,0.015905774613737284,1.152,18.02,3,5184,3,2026-03-21T22:03:22.619998
epfl_p300,downsample_64hz,Downsampled 64 Hz (H5),512,ds-specific,789,P300,2,0.5,0.6707175925925926,0.007335321505336225,0.6614583333333334,0.6793981481481483,0.5025643847594089,0.016122620695260197,1.152,18.02,3,5184,3,2026-03-21T22:03:22.622998
epfl_p300,downsample_64hz,Downsampled 64 Hz (H5),512,ds-specific,2024,P300,2,0.5,0.6691743827160495,0.007967544918234318,0.6579861111111112,0.6759259259259259,0.5018560426208108,0.015251452693797907,1.152,18.02,3,5184,3,2026-03-21T22:03:22.625998
epfl_p300,envelope_8_30hz,Envelope adaptive bands (H6),512,ds-specific,42,P300,2,0.5,0.6574074074074074,0.009485563929895247,0.6452546296296297,0.6684027777777778,0.4880283548169539,-0.0112051414547093,1.397,21.78,3,5184,3,2026-03-21T22:04:14.967995
epfl_p300,envelope_8_30hz,Envelope adaptive bands (H6),512,ds-specific,123,P300,2,0.5,0.6577932098765432,0.008793419228427043,0.6464120370370371,0.6678240740740741,0.48822763339530956,-0.010892287541898193,1.397,21.78,3,5184,3,2026-03-21T22:04:14.971482
epfl_p300,envelope_8_30hz,Envelope adaptive bands (H6),512,ds-specific,456,P300,2,0.5,0.6587577160493828,0.009043756303804797,0.6464120370370371,0.6658950617283951,0.48951731067942267,-0.008400844110539615,1.397,21.78,3,5184,3,2026-03-21T22:04:14.974982
epfl_p300,envelope_8_30hz,Envelope adaptive bands (H6),512,ds-specific,789,P300,2,0.5,0.6577932098765432,0.008456909805857591,0.6464120370370371,0.6666666666666666,0.48893085774659434,-0.00934161490683231,1.397,21.78,3,5184,3,2026-03-21T22:04:14.978482
epfl_p300,envelope_8_30hz,Envelope adaptive bands (H6),512,ds-specific,2024,P300,2,0.5,0.6577932098765432,0.009263277163227588,0.6458333333333334,0.6684027777777778,0.4889255937917853,-0.00932404181184665,1.397,21.78,3,5184,3,2026-03-21T22:04:14.981482
epfl_p300,spectral_500ms,STFT log-PSD 1000 ms (H7),512,ds-specific,42,P300,2,0.5,0.6591435185185185,0.009832287760319943,0.6452546296296297,0.6666666666666666,0.49804709736863234,0.010820779850223672,1.135,580.33,3,5184,3,2026-03-21T22:05:00.290153
epfl_p300,spectral_500ms,STFT log-PSD 1000 ms (H7),512,ds-specific,123,P300,2,0.5,0.6574074074074073,0.009002516890106503,0.6446759259259259,0.6637731481481481,0.49628533341843584,0.007593197087567856,1.135,580.33,3,5184,3,2026-03-21T22:05:00.293652
epfl_p300,spectral_500ms,STFT log-PSD 1000 ms (H7),512,ds-specific,456,P300,2,0.5,0.6587577160493826,0.009652774693824678,0.6452546296296297,0.6672453703703703,0.49682921222214843,0.008213129057599708,1.135,580.33,3,5184,3,2026-03-21T22:05:00.296655
epfl_p300,spectral_500ms,STFT log-PSD 1000 ms (H7),512,ds-specific,789,P300,2,0.5,0.6579861111111112,0.010101101436408997,0.6440972222222222,0.6678240740740741,0.4969835983057833,0.008942771232782643,1.135,580.33,3,5184,3,2026-03-21T22:05:00.299652
epfl_p300,spectral_500ms,STFT log-PSD 1000 ms (H7),512,ds-specific,2024,P300,2,0.5,0.6583719135802468,0.010569157046144086,0.6435185185185185,0.6672453703703703,0.49627544160132353,0.007135151707650074,1.135,580.33,3,5184,3,2026-03-21T22:05:00.302651
epfl_p300,delta_quant,Delta (Δ amplitude) BPE (H8),512,ds-specific,42,P300,2,0.5,0.6572145061728395,0.008133938519408948,0.6493055555555556,0.6635802469135803,0.49056329480898686,-0.005411617123836014,1.318,0.64,3,5184,3,2026-03-21T22:06:25.894258
epfl_p300,delta_quant,Delta (Δ amplitude) BPE (H8),512,ds-specific,123,P300,2,0.5,0.657986111111111,0.00897768231344141,0.6487268518518519,0.6701388888888888,0.4910561918446506,-0.0046264459809836804,1.318,0.64,3,5184,3,2026-03-21T22:06:25.901257
epfl_p300,delta_quant,Delta (Δ amplitude) BPE (H8),512,ds-specific,456,P300,2,0.5,0.6576003086419754,0.008574888414696327,0.6498842592592593,0.6695601851851852,0.49112430691036374,-0.004286965979542072,1.318,0.64,3,5184,3,2026-03-21T22:06:25.904257
epfl_p300,delta_quant,Delta (Δ amplitude) BPE (H8),512,ds-specific,789,P300,2,0.5,0.6579861111111112,0.0077784896426141914,0.6521990740740741,0.6689814814814815,0.49036058536120075,-0.006195521942698197,1.318,0.64,3,5184,3,2026-03-21T22:06:25.907757
epfl_p300,delta_quant,Delta (Δ amplitude) BPE (H8),512,ds-specific,2024,P300,2,0.5,0.6574074074074074,0.006992503456941294,0.6516203703703703,0.6672453703703703,0.4906829358067759,-0.00522853052070571,1.318,0.64,3,5184,3,2026-03-21T22:06:25.910757
epfl_p300,multiband_alpha_beta,Multi-band Envelope θ/α/β (H9),512,ds-specific,42,P300,2,0.5,0.6637731481481481,0.0009450191908885987,0.6626157407407407,0.6649305555555556,0.49394846439367807,-0.0005977442536810873,1.823,0.93,3,5184,3,2026-03-21T22:07:45.191935
epfl_p300,multiband_alpha_beta,Multi-band Envelope θ/α/β (H9),512,ds-specific,123,P300,2,0.5,0.6633873456790124,0.0019096247948710828,0.6608796296296297,0.6655092592592593,0.4930249564886842,-0.002515223368298125,1.823,0.93,3,5184,3,2026-03-21T22:07:45.195435
epfl_p300,multiband_alpha_beta,Multi-band Envelope θ/α/β (H9),512,ds-specific,456,P300,2,0.5,0.6641589506172839,0.0019096247948710793,0.6614583333333334,0.6655092592592593,0.49451378078819164,0.0005244568639065269,1.823,0.93,3,5184,3,2026-03-21T22:07:45.198435
epfl_p300,multiband_alpha_beta,Multi-band Envelope θ/α/β (H9),512,ds-specific,789,P300,2,0.5,0.6626157407407408,0.0020596215763949354,0.6608796296296297,0.6655092592592593,0.49152365170286755,-0.005571805683641277,1.823,0.93,3,5184,3,2026-03-21T22:07:45.201936
epfl_p300,multiband_alpha_beta,Multi-band Envelope θ/α/β (H9),512,ds-specific,2024,P300,2,0.5,0.6633873456790124,0.0014435406584775924,0.6614583333333334,0.6649305555555556,0.49268279725494696,-0.003289079107034761,1.823,0.93,3,5184,3,2026-03-21T22:07:45.204935
ssvep_nakanishi,raw,Raw BPE (baseline),512,shared,42,SSVEP,12,0.0833,0.07777777777777778,0.00907218423253029,0.06666666666666667,0.08888888888888889,0.07556870808356102,-0.006060606060606026,1.212,4.67,3,540,3,2026-03-21T22:07:53.704168
ssvep_nakanishi,raw,Raw BPE (baseline),512,shared,123,SSVEP,12,0.0833,0.07037037037037037,0.018885257457751055,0.044444444444444446,0.08888888888888889,0.06816955569083467,-0.014141414141414158,1.212,4.67,3,540,3,2026-03-21T22:07:53.707667
ssvep_nakanishi,raw,Raw BPE (baseline),512,shared,456,SSVEP,12,0.0833,0.07407407407407407,0.015930231976004863,0.05555555555555555,0.09444444444444444,0.07232279001829169,-0.01010101010101013,1.212,4.67,3,540,3,2026-03-21T22:07:53.710667
ssvep_nakanishi,raw,Raw BPE (baseline),512,shared,789,SSVEP,12,0.0833,0.07777777777777777,0.01635511271542194,0.05555555555555555,0.09444444444444444,0.07687904451486946,-0.006060606060606062,1.212,4.67,3,540,3,2026-03-21T22:07:53.713667
ssvep_nakanishi,raw,Raw BPE (baseline),512,shared,2024,SSVEP,12,0.0833,0.06666666666666667,0.022680460581325723,0.03888888888888889,0.09444444444444444,0.0652208324849228,-0.018181818181818188,1.212,4.67,3,540,3,2026-03-21T22:07:53.716667
ssvep_nakanishi,downsample_64hz,Downsampled 64 Hz (H5),512,shared,42,SSVEP,12,0.0833,0.09444444444444444,0.031752644813856014,0.05000000000000001,0.12222222222222222,0.0859721179031847,0.012121212121212125,1.246,19.6,3,540,3,2026-03-21T22:07:58.075940
ssvep_nakanishi,downsample_64hz,Downsampled 64 Hz (H5),512,shared,123,SSVEP,12,0.0833,0.09629629629629628,0.029162992125969667,0.05555555555555555,0.12222222222222222,0.08740384068056693,0.014141414141414158,1.246,19.6,3,540,3,2026-03-21T22:07:58.079440
ssvep_nakanishi,downsample_64hz,Downsampled 64 Hz (H5),512,shared,456,SSVEP,12,0.0833,0.09074074074074075,0.03281489841975806,0.044444444444444446,0.11666666666666665,0.08118102071161536,0.008080808080808058,1.246,19.6,3,540,3,2026-03-21T22:07:58.082440
ssvep_nakanishi,downsample_64hz,Downsampled 64 Hz (H5),512,shared,789,SSVEP,12,0.0833,0.09074074074074075,0.029162992125969667,0.05000000000000001,0.11666666666666665,0.08124429758398057,0.008080808080808096,1.246,19.6,3,540,3,2026-03-21T22:07:58.085440
ssvep_nakanishi,downsample_64hz,Downsampled 64 Hz (H5),512,shared,2024,SSVEP,12,0.0833,0.09999999999999999,0.03542801198094257,0.05000000000000001,0.12777777777777777,0.09038161294064968,0.018181818181818188,1.246,19.6,3,540,3,2026-03-21T22:07:58.088440
ssvep_nakanishi,envelope_8_30hz,Envelope adaptive bands (H6),512,shared,42,SSVEP,12,0.0833,0.09074074074074073,0.021436735005167084,0.06111111111111111,0.1074999999999999,0.08104505373894536,0.008080808080808096,1.183,18.54,3,540,3,2026-03-21T22:08:03.115239
ssvep_nakanishi,envelope_8_30hz,Envelope adaptive bands (H6),512,shared,123,SSVEP,12,0.0833,0.08333333333333333,0.02400274332743652,0.05000000000000001,0.10555555555555556,0.07402378889462864,3.700743415417188e-17,1.183,18.54,3,540,3,2026-03-21T22:08:03.118238
ssvep_nakanishi,envelope_8_30hz,Envelope adaptive bands (H6),512,shared,456,SSVEP,12,0.0833,0.08148148148148149,0.02657907424890245,0.044444444444444446,0.10555555555555556,0.07289574831329056,-0.002020202020202033,1.183,18.54,3,540,3,2026-03-21T22:08:03.121239
ssvep_nakanishi,envelope_8_30hz,Envelope adaptive bands (H6),512,shared,789,SSVEP,12,0.0833,0.08888888888888889,0.020786985482077452,0.06111111111111111,0.1111111111111111,0.08138592471629828,0.006060606060606062,1.183,18.54,3,540,3,2026-03-21T22:08:03.124238
ssvep_nakanishi,envelope_8_30hz,Envelope adaptive bands (H6),512,shared,2024,SSVEP,12,0.0833,0.07777777777777778,0.02525589203145529,0.044444444444444446,0.10555555555555556,0.07273263591379073,-0.006060606060606062,1.183,18.54,3,540,3,2026-03-21T22:08:03.127238
ssvep_nakanishi,spectral_500ms,STFT log-PSD 1000 ms (H7),512,shared,42,SSVEP,12,0.0833,0.09629629629629628,0.021436735005167084,0.06666666666666667,0.11666666666666665,0.07711641249433014,0.014141414141414121,1.104,552.94,3,540,3,2026-03-21T22:08:08.287606
ssvep_nakanishi,spectral_500ms,STFT log-PSD 1000 ms (H7),512,shared,123,SSVEP,12,0.0833,0.09444444444444444,0.019772367133391318,0.06666666666666667,0.1111111111111111,0.07836758768364784,0.012121212121212163,1.104,552.94,3,540,3,2026-03-21T22:08:08.291106
ssvep_nakanishi,spectral_500ms,STFT log-PSD 1000 ms (H7),512,shared,456,SSVEP,12,0.0833,0.09444444444444444,0.020786985482077455,0.06666666666666667,0.11666666666666665,0.0819124836175031,0.012121212121212163,1.104,552.94,3,540,3,2026-03-21T22:08:08.294106
ssvep_nakanishi,spectral_500ms,STFT log-PSD 1000 ms (H7),512,shared,789,SSVEP,12,0.0833,0.09814814814814815,0.02237601106221217,0.06666666666666667,0.11666666666666665,0.0824880526197011,0.016161616161616193,1.104,552.94,3,540,3,2026-03-21T22:08:08.297106
ssvep_nakanishi,spectral_500ms,STFT log-PSD 1000 ms (H7),512,shared,2024,SSVEP,12,0.0833,0.09074074074074073,0.017173367584251305,0.06666666666666667,0.10555555555555556,0.07600720898589931,0.008080808080808133,1.104,552.94,3,540,3,2026-03-21T22:08:08.300606
ssvep_nakanishi,delta_quant,Delta (Δ amplitude) BPE (H8),512,shared,42,SSVEP,12,0.0833,0.07407407407407407,0.011415581486979588,0.06111111111111111,0.08888888888888889,0.05425631509116421,-0.010101010101010091,1.068,4.17,3,540,3,2026-03-21T22:08:16.168356
ssvep_nakanishi,delta_quant,Delta (Δ amplitude) BPE (H8),512,shared,123,SSVEP,12,0.0833,0.07592592592592592,0.006928995160692483,0.06666666666666667,0.08333333333333333,0.05777397729080147,-0.008080808080808058,1.068,4.17,3,540,3,2026-03-21T22:08:16.172357
ssvep_nakanishi,delta_quant,Delta (Δ amplitude) BPE (H8),512,shared,456,SSVEP,12,0.0833,0.07777777777777778,0.012001371663718261,0.06111111111111111,0.08888888888888889,0.05970648038673687,-0.006060606060606026,1.068,4.17,3,540,3,2026-03-21T22:08:16.175355
ssvep_nakanishi,delta_quant,Delta (Δ amplitude) BPE (H8),512,shared,789,SSVEP,12,0.0833,0.07222222222222222,0.009072184232530289,0.06111111111111111,0.08333333333333333,0.057286530900384124,-0.012121212121212125,1.068,4.17,3,540,3,2026-03-21T22:08:16.178355
ssvep_nakanishi,delta_quant,Delta (Δ amplitude) BPE (H8),512,shared,2024,SSVEP,12,0.0833,0.07407407407407407,0.009442628728875527,0.06111111111111111,0.08333333333333333,0.05771001674940538,-0.010101010101010091,1.068,4.17,3,540,3,2026-03-21T22:08:16.181355
ssvep_nakanishi,multiband_alpha_beta,Multi-band Envelope θ/α/β (H9),512,shared,42,SSVEP,12,0.0833,0.0888888888888889,0.00907218423253029,0.07777777777777778,0.10000000000000002,0.07821649180257732,0.006060606060606062,1.224,4.84,3,540,3,2026-03-21T22:08:26.971585
ssvep_nakanishi,multiband_alpha_beta,Multi-band Envelope θ/α/β (H9),512,shared,123,SSVEP,12,0.0833,0.08333333333333333,0.01635511271542194,0.06666666666666667,0.10555555555555556,0.07092411454787023,-3.700743415417188e-17,1.224,4.84,3,540,3,2026-03-21T22:08:26.975084
ssvep_nakanishi,multiband_alpha_beta,Multi-band Envelope θ/α/β (H9),512,shared,456,SSVEP,12,0.0833,0.0888888888888889,0.00907218423253029,0.07777777777777778,0.10000000000000002,0.07499413067427131,0.006060606060606062,1.224,4.84,3,540,3,2026-03-21T22:08:26.977584
ssvep_nakanishi,multiband_alpha_beta,Multi-band Envelope θ/α/β (H9),512,shared,789,SSVEP,12,0.0833,0.08703703703703702,0.009442628728875531,0.07777777777777778,0.10000000000000002,0.07503900716415317,0.004040404040404029,1.224,4.84,3,540,3,2026-03-21T22:08:26.981085
ssvep_nakanishi,multiband_alpha_beta,Multi-band Envelope θ/α/β (H9),512,shared,2024,SSVEP,12,0.0833,0.07962962962962962,0.009442628728875527,0.06666666666666667,0.08888888888888889,0.06835466979205189,-0.004040404040403993,1.224,4.84,3,540,3,2026-03-21T22:08:26.984084
