dataset,paradigm,win_ms,n_codes,vocab_size,seed,fold,accuracy,macro_f1,kappa,compression_ratio,mean_token_ms
bci_iv_2a,Motor Imagery,250,64,4096,42,0,0.2690972222222222,0.26754474186367566,0.02546296296296291,1.0845584186467991,3572.8826897446684
bci_iv_2a,Motor Imagery,250,64,4096,42,1,0.2465277777777778,0.24427103145384838,-0.004629629629629539,1.0845584186467991,3572.8826897446684
bci_iv_2a,Motor Imagery,250,64,4096,42,2,0.2586805555555556,0.2550043079407699,0.01157407407407407,1.0845584186467991,3572.8826897446684
bci_iv_2a,Motor Imagery,250,64,4096,42,3,0.234375,0.23245888991272248,-0.02083333333333326,1.0845584186467991,3572.8826897446684
bci_iv_2a,Motor Imagery,250,64,4096,42,4,0.2569444444444444,0.25645745271714954,0.0092592592592593,1.0845584186467991,3572.8826897446684
bci_iv_2a,Motor Imagery,250,64,4096,42,5,0.2604166666666667,0.255315187480236,0.01388888888888884,1.0845584186467991,3572.8826897446684
bci_iv_2a,Motor Imagery,250,64,4096,42,6,0.2361111111111111,0.23615801839551048,-0.0185185185185186,1.0845584186467991,3572.8826897446684
bci_iv_2a,Motor Imagery,250,64,4096,42,7,0.2725694444444444,0.27389698937227785,0.03009259259259256,1.0845584186467991,3572.8826897446684
bci_iv_2a,Motor Imagery,250,64,4096,42,8,0.2534722222222222,0.25217812561148356,0.00462962962962965,1.0845584186467991,3572.8826897446684
bci_iv_2a,Motor Imagery,250,64,4096,123,0,0.2690972222222222,0.26754474186367566,0.02546296296296291,1.0845584186467991,3572.8826897446684
bci_iv_2a,Motor Imagery,250,64,4096,123,1,0.2465277777777778,0.2442183242953298,-0.004629629629629539,1.0845584186467991,3572.8826897446684
bci_iv_2a,Motor Imagery,250,64,4096,123,2,0.2586805555555556,0.2550795407505142,0.01157407407407407,1.0845584186467991,3572.8826897446684
bci_iv_2a,Motor Imagery,250,64,4096,123,3,0.234375,0.23247271547909434,-0.02083333333333326,1.0845584186467991,3572.8826897446684
bci_iv_2a,Motor Imagery,250,64,4096,123,4,0.2569444444444444,0.25648887566930145,0.0092592592592593,1.0845584186467991,3572.8826897446684
bci_iv_2a,Motor Imagery,250,64,4096,123,5,0.2604166666666667,0.2558228673655594,0.01388888888888884,1.0845584186467991,3572.8826897446684
bci_iv_2a,Motor Imagery,250,64,4096,123,6,0.2361111111111111,0.23615187292674572,-0.0185185185185186,1.0845584186467991,3572.8826897446684
bci_iv_2a,Motor Imagery,250,64,4096,123,7,0.2725694444444444,0.27399400541254293,0.03009259259259256,1.0845584186467991,3572.8826897446684
bci_iv_2a,Motor Imagery,250,64,4096,123,8,0.2517361111111111,0.2504077218780345,0.0023148148148147696,1.0845584186467991,3572.8826897446684
bci_iv_2a,Motor Imagery,250,64,4096,456,0,0.2690972222222222,0.26753183728637,0.02546296296296291,1.0845584186467991,3572.8826897446684
bci_iv_2a,Motor Imagery,250,64,4096,456,1,0.2465277777777778,0.24427103145384838,-0.004629629629629539,1.0845584186467991,3572.8826897446684
bci_iv_2a,Motor Imagery,250,64,4096,456,2,0.2586805555555556,0.2550043079407699,0.01157407407407407,1.0845584186467991,3572.8826897446684
bci_iv_2a,Motor Imagery,250,64,4096,456,3,0.234375,0.23245888991272248,-0.02083333333333326,1.0845584186467991,3572.8826897446684
bci_iv_2a,Motor Imagery,250,64,4096,456,4,0.2569444444444444,0.25648887566930145,0.0092592592592593,1.0845584186467991,3572.8826897446684
bci_iv_2a,Motor Imagery,250,64,4096,456,5,0.2621527777777778,0.25740135697254884,0.01620370370370372,1.0845584186467991,3572.8826897446684
bci_iv_2a,Motor Imagery,250,64,4096,456,6,0.2361111111111111,0.23615187292674572,-0.0185185185185186,1.0845584186467991,3572.8826897446684
bci_iv_2a,Motor Imagery,250,64,4096,456,7,0.2725694444444444,0.27389698937227785,0.03009259259259256,1.0845584186467991,3572.8826897446684
bci_iv_2a,Motor Imagery,250,64,4096,456,8,0.2517361111111111,0.2502458114054578,0.0023148148148147696,1.0845584186467991,3572.8826897446684
bci_iv_2a,Motor Imagery,250,64,4096,789,0,0.2690972222222222,0.26754474186367566,0.02546296296296291,1.0845584186467991,3572.8826897446684
bci_iv_2a,Motor Imagery,250,64,4096,789,1,0.2465277777777778,0.2442183242953298,-0.004629629629629539,1.0845584186467991,3572.8826897446684
bci_iv_2a,Motor Imagery,250,64,4096,789,2,0.2604166666666667,0.2569613854999693,0.01388888888888884,1.0845584186467991,3572.8826897446684
bci_iv_2a,Motor Imagery,250,64,4096,789,3,0.234375,0.23244212066321668,-0.02083333333333326,1.0845584186467991,3572.8826897446684
bci_iv_2a,Motor Imagery,250,64,4096,789,4,0.2586805555555556,0.2585539875332533,0.01157407407407407,1.0845584186467991,3572.8826897446684
bci_iv_2a,Motor Imagery,250,64,4096,789,5,0.2621527777777778,0.25738379906823666,0.01620370370370372,1.0845584186467991,3572.8826897446684
bci_iv_2a,Motor Imagery,250,64,4096,789,6,0.2361111111111111,0.23615187292674572,-0.0185185185185186,1.0845584186467991,3572.8826897446684
bci_iv_2a,Motor Imagery,250,64,4096,789,7,0.2708333333333333,0.27235512616001495,0.02777777777777779,1.0845584186467991,3572.8826897446684
bci_iv_2a,Motor Imagery,250,64,4096,789,8,0.2534722222222222,0.25217812561148356,0.00462962962962965,1.0845584186467991,3572.8826897446684
bci_iv_2a,Motor Imagery,250,64,4096,2024,0,0.2690972222222222,0.267576007992699,0.02546296296296291,1.0845584186467991,3572.8826897446684
bci_iv_2a,Motor Imagery,250,64,4096,2024,1,0.2465277777777778,0.2442183242953298,-0.004629629629629539,1.0845584186467991,3572.8826897446684
bci_iv_2a,Motor Imagery,250,64,4096,2024,2,0.2586805555555556,0.2550043079407699,0.01157407407407407,1.0845584186467991,3572.8826897446684
bci_iv_2a,Motor Imagery,250,64,4096,2024,3,0.234375,0.23247271547909434,-0.02083333333333326,1.0845584186467991,3572.8826897446684
bci_iv_2a,Motor Imagery,250,64,4096,2024,4,0.2569444444444444,0.25648887566930145,0.0092592592592593,1.0845584186467991,3572.8826897446684
bci_iv_2a,Motor Imagery,250,64,4096,2024,5,0.2638888888888889,0.2589012218565904,0.01851851851851849,1.0845584186467991,3572.8826897446684
bci_iv_2a,Motor Imagery,250,64,4096,2024,6,0.2361111111111111,0.23615187292674572,-0.0185185185185186,1.0845584186467991,3572.8826897446684
bci_iv_2a,Motor Imagery,250,64,4096,2024,7,0.2725694444444444,0.27399400541254293,0.03009259259259256,1.0845584186467991,3572.8826897446684
bci_iv_2a,Motor Imagery,250,64,4096,2024,8,0.25,0.248709170704626,0.0,1.0845584186467991,3572.8826897446684
bci_iv_2a,Motor Imagery,500,64,4096,42,0,0.2725694444444444,0.27175845380704433,0.03009259259259256,1.0771093485853307,3481.540667087542
bci_iv_2a,Motor Imagery,500,64,4096,42,1,0.2829861111111111,0.2806562856595862,0.04398148148148151,1.0771093485853307,3481.540667087542
bci_iv_2a,Motor Imagery,500,64,4096,42,2,0.2847222222222222,0.28350834869372166,0.04629629629629628,1.0771093485853307,3481.540667087542
bci_iv_2a,Motor Imagery,500,64,4096,42,3,0.2864583333333333,0.2849275747858093,0.04861111111111116,1.0771093485853307,3481.540667087542
bci_iv_2a,Motor Imagery,500,64,4096,42,4,0.23958333333333334,0.23226001972310467,-0.01388888888888884,1.0771093485853307,3481.540667087542
bci_iv_2a,Motor Imagery,500,64,4096,42,5,0.2604166666666667,0.26032859668339353,0.01388888888888884,1.0771093485853307,3481.540667087542
bci_iv_2a,Motor Imagery,500,64,4096,42,6,0.2517361111111111,0.25317438066764214,0.0023148148148147696,1.0771093485853307,3481.540667087542
bci_iv_2a,Motor Imagery,500,64,4096,42,7,0.2743055555555556,0.2748611411852269,0.03240740740740744,1.0771093485853307,3481.540667087542
bci_iv_2a,Motor Imagery,500,64,4096,42,8,0.2604166666666667,0.2598752597567962,0.01388888888888884,1.0771093485853307,3481.540667087542
bci_iv_2a,Motor Imagery,500,64,4096,123,0,0.2725694444444444,0.2717161434430094,0.03009259259259256,1.0771093485853307,3481.540667087542
bci_iv_2a,Motor Imagery,500,64,4096,123,1,0.2829861111111111,0.28063763948786247,0.04398148148148151,1.0771093485853307,3481.540667087542
bci_iv_2a,Motor Imagery,500,64,4096,123,2,0.2864583333333333,0.2853724306723783,0.04861111111111116,1.0771093485853307,3481.540667087542
bci_iv_2a,Motor Imagery,500,64,4096,123,3,0.2881944444444444,0.286589404677991,0.05092592592592593,1.0771093485853307,3481.540667087542
bci_iv_2a,Motor Imagery,500,64,4096,123,4,0.23958333333333334,0.23226001972310467,-0.01388888888888884,1.0771093485853307,3481.540667087542
bci_iv_2a,Motor Imagery,500,64,4096,123,5,0.2586805555555556,0.25865373625699095,0.01157407407407407,1.0771093485853307,3481.540667087542
bci_iv_2a,Motor Imagery,500,64,4096,123,6,0.2534722222222222,0.25483529014829176,0.00462962962962965,1.0771093485853307,3481.540667087542
bci_iv_2a,Motor Imagery,500,64,4096,123,7,0.2743055555555556,0.2748896709507736,0.03240740740740744,1.0771093485853307,3481.540667087542
bci_iv_2a,Motor Imagery,500,64,4096,123,8,0.2586805555555556,0.2580462790363611,0.01157407407407407,1.0771093485853307,3481.540667087542
bci_iv_2a,Motor Imagery,500,64,4096,456,0,0.2708333333333333,0.2696727698429738,0.02777777777777779,1.0771093485853307,3481.540667087542
bci_iv_2a,Motor Imagery,500,64,4096,456,1,0.2829861111111111,0.2806678133354377,0.04398148148148151,1.0771093485853307,3481.540667087542
bci_iv_2a,Motor Imagery,500,64,4096,456,2,0.2864583333333333,0.28546063988383275,0.04861111111111116,1.0771093485853307,3481.540667087542
bci_iv_2a,Motor Imagery,500,64,4096,456,3,0.2881944444444444,0.28665251157156046,0.05092592592592593,1.0771093485853307,3481.540667087542
bci_iv_2a,Motor Imagery,500,64,4096,456,4,0.23958333333333334,0.23222081753346654,-0.01388888888888884,1.0771093485853307,3481.540667087542
bci_iv_2a,Motor Imagery,500,64,4096,456,5,0.2586805555555556,0.25865373625699095,0.01157407407407407,1.0771093485853307,3481.540667087542
bci_iv_2a,Motor Imagery,500,64,4096,456,6,0.2517361111111111,0.25319977440716235,0.0023148148148147696,1.0771093485853307,3481.540667087542
bci_iv_2a,Motor Imagery,500,64,4096,456,7,0.2743055555555556,0.2749086107564479,0.03240740740740744,1.0771093485853307,3481.540667087542
bci_iv_2a,Motor Imagery,500,64,4096,456,8,0.2604166666666667,0.2599041751503909,0.01388888888888884,1.0771093485853307,3481.540667087542
bci_iv_2a,Motor Imagery,500,64,4096,789,0,0.2760416666666667,0.2750493998789352,0.03472222222222221,1.0771093485853307,3481.540667087542
bci_iv_2a,Motor Imagery,500,64,4096,789,1,0.2829861111111111,0.2807017509380451,0.04398148148148151,1.0771093485853307,3481.540667087542
bci_iv_2a,Motor Imagery,500,64,4096,789,2,0.2847222222222222,0.28360165456151826,0.04629629629629628,1.0771093485853307,3481.540667087542
bci_iv_2a,Motor Imagery,500,64,4096,789,3,0.2881944444444444,0.28665251157156046,0.05092592592592593,1.0771093485853307,3481.540667087542
bci_iv_2a,Motor Imagery,500,64,4096,789,4,0.2378472222222222,0.230514932687126,-0.01620370370370372,1.0771093485853307,3481.540667087542
bci_iv_2a,Motor Imagery,500,64,4096,789,5,0.2604166666666667,0.26043932549709764,0.01388888888888884,1.0771093485853307,3481.540667087542
bci_iv_2a,Motor Imagery,500,64,4096,789,6,0.2534722222222222,0.25480472826592365,0.00462962962962965,1.0771093485853307,3481.540667087542
bci_iv_2a,Motor Imagery,500,64,4096,789,7,0.2725694444444444,0.27319304181068294,0.03009259259259256,1.0771093485853307,3481.540667087542
bci_iv_2a,Motor Imagery,500,64,4096,789,8,0.2604166666666667,0.25989547544505376,0.01388888888888884,1.0771093485853307,3481.540667087542
bci_iv_2a,Motor Imagery,500,64,4096,2024,0,0.2725694444444444,0.2718285465484925,0.03009259259259256,1.0771093485853307,3481.540667087542
bci_iv_2a,Motor Imagery,500,64,4096,2024,1,0.2829861111111111,0.2806696029172276,0.04398148148148151,1.0771093485853307,3481.540667087542
bci_iv_2a,Motor Imagery,500,64,4096,2024,2,0.2864583333333333,0.2853724306723783,0.04861111111111116,1.0771093485853307,3481.540667087542
bci_iv_2a,Motor Imagery,500,64,4096,2024,3,0.2881944444444444,0.2869050437455628,0.05092592592592593,1.0771093485853307,3481.540667087542
bci_iv_2a,Motor Imagery,500,64,4096,2024,4,0.24131944444444445,0.23387425312954588,-0.011574074074074181,1.0771093485853307,3481.540667087542
bci_iv_2a,Motor Imagery,500,64,4096,2024,5,0.2604166666666667,0.26032155192112655,0.01388888888888884,1.0771093485853307,3481.540667087542
bci_iv_2a,Motor Imagery,500,64,4096,2024,6,0.2534722222222222,0.25483529014829176,0.00462962962962965,1.0771093485853307,3481.540667087542
bci_iv_2a,Motor Imagery,500,64,4096,2024,7,0.2743055555555556,0.2749951129287271,0.03240740740740744,1.0771093485853307,3481.540667087542
bci_iv_2a,Motor Imagery,500,64,4096,2024,8,0.2604166666666667,0.2599041751503909,0.01388888888888884,1.0771093485853307,3481.540667087542
physionet_mi,Motor Imagery,250,64,4096,42,0,0.2756785524215008,0.27519530073188964,0.034067078827215935,1.31634474591813,3323.5974189637573
physionet_mi,Motor Imagery,250,64,4096,42,1,0.27833954230973923,0.2782257196208964,0.037981240829777274,1.31634474591813,3323.5974189637573
physionet_mi,Motor Imagery,250,64,4096,42,2,0.2844374342797056,0.28431213889103935,0.046207652012817846,1.31634474591813,3323.5974189637573
physionet_mi,Motor Imagery,250,64,4096,42,3,0.28465608465608466,0.2790673234909639,0.046323091978123454,1.31634474591813,3323.5974189637573
physionet_mi,Motor Imagery,250,64,4096,42,4,0.28819599109131405,0.2878001327385111,0.050911730671854616,1.31634474591813,3323.5974189637573
physionet_mi,Motor Imagery,250,64,4096,123,0,0.2957074721780604,0.29577033140387854,0.06095147157942038,1.31634474591813,3323.5974189637573
physionet_mi,Motor Imagery,250,64,4096,123,1,0.2879356568364611,0.28781941981812165,0.05059115719456875,1.31634474591813,3323.5974189637573
physionet_mi,Motor Imagery,250,64,4096,123,2,0.2876200640341515,0.2873519735844936,0.05016657649705292,1.31634474591813,3323.5974189637573
physionet_mi,Motor Imagery,250,64,4096,123,3,0.2731554160125589,0.2729721288953585,0.030951105795611,1.31634474591813,3323.5974189637573
physionet_mi,Motor Imagery,250,64,4096,123,4,0.2976085031000886,0.2974532728625634,0.06371232561544415,1.31634474591813,3323.5974189637573
physionet_mi,Motor Imagery,250,64,4096,456,0,0.27644869750132905,0.27598135345321256,0.03548201391144212,1.31634474591813,3323.5974189637573
physionet_mi,Motor Imagery,250,64,4096,456,1,0.26862539349422876,0.26885260059560806,0.02491223357209915,1.31634474591813,3323.5974189637573
physionet_mi,Motor Imagery,250,64,4096,456,2,0.2740740740740741,0.2735110650085752,0.03195061719177272,1.31634474591813,3323.5974189637573
physionet_mi,Motor Imagery,250,64,4096,456,3,0.2860878661087866,0.2850232553827473,0.04790324793009759,1.31634474591813,3323.5974189637573
physionet_mi,Motor Imagery,250,64,4096,456,4,0.27697189483227563,0.27614017081280584,0.03632346021602806,1.31634474591813,3323.5974189637573
physionet_mi,Motor Imagery,250,64,4096,789,0,0.2689655172413793,0.26701079038774306,0.02556205381761434,1.31634474591813,3323.5974189637573
physionet_mi,Motor Imagery,250,64,4096,789,1,0.2880636604774536,0.28809372123956833,0.05074985534242382,1.31634474591813,3323.5974189637573
physionet_mi,Motor Imagery,250,64,4096,789,2,0.29832810867293624,0.29718920146389605,0.0643468942565395,1.31634474591813,3323.5974189637573
physionet_mi,Motor Imagery,250,64,4096,789,3,0.26343799893560405,0.2622897258384951,0.01803535023802061,1.31634474591813,3323.5974189637573
physionet_mi,Motor Imagery,250,64,4096,789,4,0.2903225806451613,0.28867527237223234,0.05335705281511771,1.31634474591813,3323.5974189637573
physionet_mi,Motor Imagery,250,64,4096,2024,0,0.2789585547290117,0.27824863934170896,0.038463363044298426,1.31634474591813,3323.5974189637573
physionet_mi,Motor Imagery,250,64,4096,2024,1,0.29157894736842105,0.2911649206823534,0.05553313038658003,1.31634474591813,3323.5974189637573
physionet_mi,Motor Imagery,250,64,4096,2024,2,0.2783068783068783,0.278398783164096,0.03788112609215066,1.31634474591813,3323.5974189637573
physionet_mi,Motor Imagery,250,64,4096,2024,3,0.2718700890518596,0.26965672901192717,0.029009934177111507,1.31634474591813,3323.5974189637573
physionet_mi,Motor Imagery,250,64,4096,2024,4,0.2967479674796748,0.29677041970048473,0.06238265156664502,1.31634474591813,3323.5974189637573
physionet_mi,Motor Imagery,500,64,4096,42,0,0.2687599787120809,0.2685615754622732,0.024883773368549855,1.3283123925268219,3199.548557937723
physionet_mi,Motor Imagery,500,64,4096,42,1,0.2847259180415114,0.28427721113738125,0.04606138672579574,1.3283123925268219,3199.548557937723
physionet_mi,Motor Imagery,500,64,4096,42,2,0.288117770767613,0.28625434607625583,0.050863573994487155,1.3283123925268219,3199.548557937723
physionet_mi,Motor Imagery,500,64,4096,42,3,0.2619047619047619,0.26156067140430794,0.015993120853085685,1.3283123925268219,3199.548557937723
physionet_mi,Motor Imagery,500,64,4096,42,4,0.2574610244988864,0.2570649770977226,0.009910118697078252,1.3283123925268219,3199.548557937723
physionet_mi,Motor Imagery,500,64,4096,123,0,0.27503974562798095,0.2747145986232428,0.03346531650688278,1.3283123925268219,3199.548557937723
physionet_mi,Motor Imagery,500,64,4096,123,1,0.271313672922252,0.2710677275632485,0.028469718150863632,1.3283123925268219,3199.548557937723
physionet_mi,Motor Imagery,500,64,4096,123,2,0.25880469583778015,0.2588270841752159,0.011771486018180677,1.3283123925268219,3199.548557937723
physionet_mi,Motor Imagery,500,64,4096,123,3,0.28728414442700156,0.28626849683730754,0.04994017370431725,1.3283123925268219,3199.548557937723
physionet_mi,Motor Imagery,500,64,4096,123,4,0.28299379982285205,0.28306404032202553,0.0439954831903655,1.3283123925268219,3199.548557937723
physionet_mi,Motor Imagery,500,64,4096,456,0,0.28017012227538546,0.279711422555794,0.04031986398771925,1.3283123925268219,3199.548557937723
physionet_mi,Motor Imagery,500,64,4096,456,1,0.2623294858342078,0.2618354286384577,0.01630500815819369,1.3283123925268219,3199.548557937723
physionet_mi,Motor Imagery,500,64,4096,456,2,0.28359788359788357,0.28346136768111707,0.04461602043182045,1.3283123925268219,3199.548557937723
physionet_mi,Motor Imagery,500,64,4096,456,3,0.2688284518828452,0.268253833602861,0.025366229311179822,1.3283123925268219,3199.548557937723
physionet_mi,Motor Imagery,500,64,4096,456,4,0.26835902085222124,0.2682090388374687,0.024382731948875858,1.3283123925268219,3199.548557937723
physionet_mi,Motor Imagery,500,64,4096,789,0,0.2689655172413793,0.26822989894697963,0.025330605166081988,1.3283123925268219,3199.548557937723
physionet_mi,Motor Imagery,500,64,4096,789,1,0.24721485411140584,0.2465936551101971,-0.0037703094603358522,1.3283123925268219,3199.548557937723
physionet_mi,Motor Imagery,500,64,4096,789,2,0.27377220480668757,0.2737656129643841,0.0316476360090544,1.3283123925268219,3199.548557937723
physionet_mi,Motor Imagery,500,64,4096,789,3,0.2671633847791378,0.2656232144677138,0.022979061164087655,1.3283123925268219,3199.548557937723
physionet_mi,Motor Imagery,500,64,4096,789,4,0.2818100358422939,0.2814902379724326,0.04223650967776138,1.3283123925268219,3199.548557937723
physionet_mi,Motor Imagery,500,64,4096,2024,0,0.2688629117959617,0.26812865639113437,0.02514284251523302,1.3283123925268219,3199.548557937723
physionet_mi,Motor Imagery,500,64,4096,2024,1,0.26631578947368423,0.2655422866115654,0.021794128401062096,1.3283123925268219,3199.548557937723
physionet_mi,Motor Imagery,500,64,4096,2024,2,0.2714285714285714,0.27150842313459056,0.028604061340007036,1.3283123925268219,3199.548557937723
physionet_mi,Motor Imagery,500,64,4096,2024,3,0.26296490309062337,0.26227373037337537,0.017130200206676327,1.3283123925268219,3199.548557937723
physionet_mi,Motor Imagery,500,64,4096,2024,4,0.25158084914182477,0.2513488716901539,0.002152583753296633,1.3283123925268219,3199.548557937723
sleep_edf,Sleep,250,64,4096,42,0,0.8715032559845914,0.6696433540819053,0.7552400233942491,1.302279156098985,23804.420008426918
sleep_edf,Sleep,250,64,4096,42,1,0.7614176105224698,0.5687059283754822,0.5882612679559911,1.302279156098985,23804.420008426918
sleep_edf,Sleep,250,64,4096,42,2,0.8397299546841764,0.6056689703578917,0.6733259622346716,1.302279156098985,23804.420008426918
sleep_edf,Sleep,250,64,4096,42,3,0.7935004642525534,0.5786883709364742,0.6176598104711639,1.302279156098985,23804.420008426918
sleep_edf,Sleep,250,64,4096,42,4,0.7528019366986461,0.5685833963131139,0.5759099184336615,1.302279156098985,23804.420008426918
sleep_edf,Sleep,250,64,4096,123,0,0.7086213168424882,0.5186008731205115,0.5032654510976406,1.302279156098985,23804.420008426918
sleep_edf,Sleep,250,64,4096,123,1,0.7505938242280285,0.5605903246471077,0.5877355830242732,1.302279156098985,23804.420008426918
sleep_edf,Sleep,250,64,4096,123,2,0.8446610787172012,0.6443863142028213,0.7134741372625109,1.302279156098985,23804.420008426918
sleep_edf,Sleep,250,64,4096,123,3,0.8349426124977227,0.622252996963059,0.6836548863798123,1.302279156098985,23804.420008426918
sleep_edf,Sleep,250,64,4096,123,4,0.8803995680345572,0.6662097114541268,0.7463523258106306,1.302279156098985,23804.420008426918
sleep_edf,Sleep,250,64,4096,456,0,0.8538850574712644,0.6059247161923145,0.6845669861317993,1.302279156098985,23804.420008426918
sleep_edf,Sleep,250,64,4096,456,1,0.7958449500854393,0.5753978612222113,0.6081266536826426,1.302279156098985,23804.420008426918
sleep_edf,Sleep,250,64,4096,456,2,0.8342754852082156,0.651816275335451,0.713697341124558,1.302279156098985,23804.420008426918
sleep_edf,Sleep,250,64,4096,456,3,0.8214868540344515,0.6262139537705197,0.6693093360915263,1.302279156098985,23804.420008426918
sleep_edf,Sleep,250,64,4096,456,4,0.7484701799251073,0.5587256567102263,0.57956789095717,1.302279156098985,23804.420008426918
sleep_edf,Sleep,250,64,4096,789,0,0.6964170581191858,0.49531106454514473,0.48624193983957853,1.302279156098985,23804.420008426918
sleep_edf,Sleep,250,64,4096,789,1,0.8292866553736119,0.6408007037356802,0.6926502017566819,1.302279156098985,23804.420008426918
sleep_edf,Sleep,250,64,4096,789,2,0.8291357129914839,0.6446897722777178,0.6943246212992709,1.302279156098985,23804.420008426918
sleep_edf,Sleep,250,64,4096,789,3,0.8595056179775281,0.6291070538109971,0.7155523176636925,1.302279156098985,23804.420008426918
sleep_edf,Sleep,250,64,4096,789,4,0.800292477835664,0.5862689402116892,0.6252782365035163,1.302279156098985,23804.420008426918
sleep_edf,Sleep,250,64,4096,2024,0,0.7409967260822117,0.5384635144476433,0.5435061556670345,1.302279156098985,23804.420008426918
sleep_edf,Sleep,250,64,4096,2024,1,0.8628799851259645,0.6448553747967131,0.7196622457088508,1.302279156098985,23804.420008426918
sleep_edf,Sleep,250,64,4096,2024,2,0.8218496683861459,0.6276944617910845,0.6828214702850206,1.302279156098985,23804.420008426918
sleep_edf,Sleep,250,64,4096,2024,3,0.7812332439678285,0.5749647873898934,0.5943029140691336,1.302279156098985,23804.420008426918
sleep_edf,Sleep,250,64,4096,2024,4,0.807100482017056,0.6171819429897113,0.6624117540195602,1.302279156098985,23804.420008426918
sleep_edf,Sleep,500,64,4096,42,0,0.8128038154636339,0.6220342981716134,0.6606490299807496,1.3471676227812113,22083.369208785974
sleep_edf,Sleep,500,64,4096,42,1,0.7608695652173914,0.547696188585327,0.5796213447182343,1.3471676227812113,22083.369208785974
sleep_edf,Sleep,500,64,4096,42,2,0.7690742624618515,0.549795297389988,0.569082192789574,1.3471676227812113,22083.369208785974
sleep_edf,Sleep,500,64,4096,42,3,0.7878365831012071,0.5793438450849135,0.6094937073526774,1.3471676227812113,22083.369208785974
sleep_edf,Sleep,500,64,4096,42,4,0.721061597776383,0.5437253839881067,0.5364518656121503,1.3471676227812113,22083.369208785974
sleep_edf,Sleep,500,64,4096,123,0,0.7090760276464169,0.5313619563924251,0.5067874243412567,1.3471676227812113,22083.369208785974
sleep_edf,Sleep,500,64,4096,123,1,0.7446080760095012,0.5519898108489156,0.5730558961271701,1.3471676227812113,22083.369208785974
sleep_edf,Sleep,500,64,4096,123,2,0.7853498542274052,0.5972017832966724,0.6266698681914795,1.3471676227812113,22083.369208785974
sleep_edf,Sleep,500,64,4096,123,3,0.8298415011841865,0.6086167614312303,0.6696211708170134,1.3471676227812113,22083.369208785974
sleep_edf,Sleep,500,64,4096,123,4,0.8273938084953204,0.6198515613724291,0.657375756645787,1.3471676227812113,22083.369208785974
sleep_edf,Sleep,500,64,4096,456,0,0.8157241379310345,0.5619598575883038,0.6194488552165593,1.3471676227812113,22083.369208785974
sleep_edf,Sleep,500,64,4096,456,1,0.750337260545013,0.5123653840404448,0.519263090519823,1.3471676227812113,22083.369208785974
sleep_edf,Sleep,500,64,4096,456,2,0.7925381571509327,0.6073670170378809,0.6534474031517359,1.3471676227812113,22083.369208785974
sleep_edf,Sleep,500,64,4096,456,3,0.7706255666364461,0.584333582393681,0.5988829628111744,1.3471676227812113,22083.369208785974
sleep_edf,Sleep,500,64,4096,456,4,0.7664626906566809,0.577242161160205,0.6038155423142458,1.3471676227812113,22083.369208785974
sleep_edf,Sleep,500,64,4096,789,0,0.7133646495348623,0.5014080081931103,0.5006677594629432,1.3471676227812113,22083.369208785974
sleep_edf,Sleep,500,64,4096,789,1,0.79785431959345,0.6237223279841997,0.6469324679443768,1.3471676227812113,22083.369208785974
sleep_edf,Sleep,500,64,4096,789,2,0.7934408407320167,0.6275073505347213,0.6447566548982656,1.3471676227812113,22083.369208785974
sleep_edf,Sleep,500,64,4096,789,3,0.8077303370786517,0.57256713489716,0.6217446386413998,1.3471676227812113,22083.369208785974
sleep_edf,Sleep,500,64,4096,789,4,0.745727081619596,0.5402498335379295,0.5520935197889241,1.3471676227812113,22083.369208785974
sleep_edf,Sleep,500,64,4096,2024,0,0.7489086940705711,0.5306084243468115,0.5456217728304624,1.3471676227812113,22083.369208785974
sleep_edf,Sleep,500,64,4096,2024,1,0.8119364134981872,0.5940334529487482,0.6302309769783921,1.3471676227812113,22083.369208785974
sleep_edf,Sleep,500,64,4096,2024,2,0.7760685335298453,0.5885148804482598,0.622002712431811,1.3471676227812113,22083.369208785974
sleep_edf,Sleep,500,64,4096,2024,3,0.7563002680965147,0.5570721461362873,0.5535104115836595,1.3471676227812113,22083.369208785974
sleep_edf,Sleep,500,64,4096,2024,4,0.7794771968854283,0.5905198551198065,0.6227576873699339,1.3471676227812113,22083.369208785974
mental_arithmetic,Cognitive,250,64,4096,42,0,0.5285714285714286,0.5272743809545465,0.05714285714285716,1.1791922944310358,3286.1476608187136
mental_arithmetic,Cognitive,250,64,4096,42,1,0.5619047619047619,0.551490389079766,0.12380952380952381,1.1791922944310358,3286.1476608187136
mental_arithmetic,Cognitive,250,64,4096,42,2,0.5523809523809524,0.5403315946348733,0.10476190476190472,1.1791922944310358,3286.1476608187136
mental_arithmetic,Cognitive,250,64,4096,42,3,0.6095238095238096,0.6051907556859868,0.21904761904761905,1.1791922944310358,3286.1476608187136
mental_arithmetic,Cognitive,250,64,4096,42,4,0.55,0.5461867077526437,0.09999999999999998,1.1791922944310358,3286.1476608187136
mental_arithmetic,Cognitive,250,64,4096,123,0,0.6095238095238096,0.5990126676602086,0.21904761904761905,1.1791922944310358,3286.1476608187136
mental_arithmetic,Cognitive,250,64,4096,123,1,0.5857142857142857,0.582981443016594,0.17142857142857137,1.1791922944310358,3286.1476608187136
mental_arithmetic,Cognitive,250,64,4096,123,2,0.5476190476190477,0.5143031040779062,0.09523809523809523,1.1791922944310358,3286.1476608187136
mental_arithmetic,Cognitive,250,64,4096,123,3,0.6476190476190476,0.6475870827285921,0.2952380952380952,1.1791922944310358,3286.1476608187136
mental_arithmetic,Cognitive,250,64,4096,123,4,0.48333333333333334,0.4830102147175318,-0.03333333333333344,1.1791922944310358,3286.1476608187136
mental_arithmetic,Cognitive,250,64,4096,456,0,0.5761904761904761,0.574560105620177,0.1523809523809524,1.1791922944310358,3286.1476608187136
mental_arithmetic,Cognitive,250,64,4096,456,1,0.5666666666666667,0.5654744309784215,0.1333333333333333,1.1791922944310358,3286.1476608187136
mental_arithmetic,Cognitive,250,64,4096,456,2,0.5428571428571428,0.5401879390566554,0.08571428571428574,1.1791922944310358,3286.1476608187136
mental_arithmetic,Cognitive,250,64,4096,456,3,0.5,0.49743589743589745,0.0,1.1791922944310358,3286.1476608187136
mental_arithmetic,Cognitive,250,64,4096,456,4,0.5916666666666667,0.5915532092247846,0.18333333333333335,1.1791922944310358,3286.1476608187136
mental_arithmetic,Cognitive,250,64,4096,789,0,0.580952380952381,0.5806100217864923,0.16190476190476188,1.1791922944310358,3286.1476608187136
mental_arithmetic,Cognitive,250,64,4096,789,1,0.5523809523809524,0.5513636363636364,0.10476190476190472,1.1791922944310358,3286.1476608187136
mental_arithmetic,Cognitive,250,64,4096,789,2,0.5571428571428572,0.5358288770053475,0.11428571428571432,1.1791922944310358,3286.1476608187136
mental_arithmetic,Cognitive,250,64,4096,789,3,0.5761904761904761,0.5759500850822461,0.1523809523809524,1.1791922944310358,3286.1476608187136
mental_arithmetic,Cognitive,250,64,4096,789,4,0.5416666666666666,0.5390739576786088,0.08333333333333337,1.1791922944310358,3286.1476608187136
mental_arithmetic,Cognitive,250,64,4096,2024,0,0.5047619047619047,0.49444444444444446,0.00952380952380949,1.1791922944310358,3286.1476608187136
mental_arithmetic,Cognitive,250,64,4096,2024,1,0.5047619047619047,0.46074074074074073,0.00952380952380949,1.1791922944310358,3286.1476608187136
mental_arithmetic,Cognitive,250,64,4096,2024,2,0.6190476190476191,0.6181818181818182,0.23809523809523814,1.1791922944310358,3286.1476608187136
mental_arithmetic,Cognitive,250,64,4096,2024,3,0.5666666666666667,0.5458110516934047,0.1333333333333333,1.1791922944310358,3286.1476608187136
mental_arithmetic,Cognitive,250,64,4096,2024,4,0.5916666666666667,0.5912124582869855,0.18333333333333335,1.1791922944310358,3286.1476608187136
mental_arithmetic,Cognitive,500,64,4096,42,0,0.5190476190476191,0.5185126330843794,0.03809523809523807,1.290030553355211,2906.907894736842
mental_arithmetic,Cognitive,500,64,4096,42,1,0.5285714285714286,0.521794134560092,0.05714285714285716,1.290030553355211,2906.907894736842
mental_arithmetic,Cognitive,500,64,4096,42,2,0.5428571428571428,0.5428156748911466,0.08571428571428574,1.290030553355211,2906.907894736842
mental_arithmetic,Cognitive,500,64,4096,42,3,0.6047619047619047,0.5947548301597265,0.20952380952380956,1.290030553355211,2906.907894736842
mental_arithmetic,Cognitive,500,64,4096,42,4,0.5125,0.505276696206769,0.025000000000000022,1.290030553355211,2906.907894736842
mental_arithmetic,Cognitive,500,64,4096,123,0,0.5,0.49807652910245614,0.0,1.290030553355211,2906.907894736842
mental_arithmetic,Cognitive,500,64,4096,123,1,0.5,0.49159576675658845,0.0,1.290030553355211,2906.907894736842
mental_arithmetic,Cognitive,500,64,4096,123,2,0.5380952380952381,0.5232969038871077,0.07619047619047614,1.290030553355211,2906.907894736842
mental_arithmetic,Cognitive,500,64,4096,123,3,0.5571428571428572,0.5563279492946227,0.11428571428571432,1.290030553355211,2906.907894736842
mental_arithmetic,Cognitive,500,64,4096,123,4,0.4791666666666667,0.4771241830065359,-0.04166666666666674,1.290030553355211,2906.907894736842
mental_arithmetic,Cognitive,500,64,4096,456,0,0.5142857142857142,0.5121173469387754,0.02857142857142858,1.290030553355211,2906.907894736842
mental_arithmetic,Cognitive,500,64,4096,456,1,0.5476190476190477,0.543885319737534,0.09523809523809523,1.290030553355211,2906.907894736842
mental_arithmetic,Cognitive,500,64,4096,456,2,0.5238095238095238,0.5163964627855564,0.04761904761904767,1.290030553355211,2906.907894736842
mental_arithmetic,Cognitive,500,64,4096,456,3,0.5238095238095238,0.5234204793028323,0.04761904761904767,1.290030553355211,2906.907894736842
mental_arithmetic,Cognitive,500,64,4096,456,4,0.5166666666666667,0.5150163751654937,0.033333333333333326,1.290030553355211,2906.907894736842
mental_arithmetic,Cognitive,500,64,4096,789,0,0.5619047619047619,0.5619047619047619,0.12380952380952381,1.290030553355211,2906.907894736842
mental_arithmetic,Cognitive,500,64,4096,789,1,0.49523809523809526,0.49450449632119176,-0.00952380952380949,1.290030553355211,2906.907894736842
mental_arithmetic,Cognitive,500,64,4096,789,2,0.48095238095238096,0.47222798644255376,-0.03809523809523818,1.290030553355211,2906.907894736842
mental_arithmetic,Cognitive,500,64,4096,789,3,0.580952380952381,0.5795795795795796,0.16190476190476188,1.290030553355211,2906.907894736842
mental_arithmetic,Cognitive,500,64,4096,789,4,0.5,0.49650349650349646,0.0,1.290030553355211,2906.907894736842
mental_arithmetic,Cognitive,500,64,4096,2024,0,0.46190476190476193,0.4482806723861338,-0.07619047619047614,1.290030553355211,2906.907894736842
mental_arithmetic,Cognitive,500,64,4096,2024,1,0.49047619047619045,0.43273333165029915,-0.01904761904761898,1.290030553355211,2906.907894736842
mental_arithmetic,Cognitive,500,64,4096,2024,2,0.5904761904761905,0.5898810064492688,0.18095238095238098,1.290030553355211,2906.907894736842
mental_arithmetic,Cognitive,500,64,4096,2024,3,0.5285714285714286,0.5166352793471437,0.05714285714285716,1.290030553355211,2906.907894736842
mental_arithmetic,Cognitive,500,64,4096,2024,4,0.5625,0.5591245473153834,0.125,1.290030553355211,2906.907894736842
epfl_p300,P300,250,64,4096,42,0,0.8333333333333334,0.45454545454545453,0.0,7.0,125.0
epfl_p300,P300,250,64,4096,42,1,0.8333333333333334,0.45454545454545453,0.0,7.0,125.0
epfl_p300,P300,250,64,4096,42,2,0.8333333333333334,0.45454545454545453,0.0,7.0,125.0
epfl_p300,P300,250,64,4096,42,3,0.8333333333333334,0.45454545454545453,0.0,7.0,125.0
epfl_p300,P300,250,64,4096,42,4,0.8333333333333334,0.45454545454545453,0.0,7.0,125.0
epfl_p300,P300,250,64,4096,42,5,0.8333333333333334,0.45454545454545453,0.0,7.0,125.0
epfl_p300,P300,250,64,4096,42,6,0.8333333333333334,0.45454545454545453,0.0,7.0,125.0
epfl_p300,P300,250,64,4096,42,7,0.8333333333333334,0.45454545454545453,0.0,7.0,125.0
epfl_p300,P300,250,64,4096,42,8,0.8333333333333334,0.45454545454545453,0.0,7.0,125.0
epfl_p300,P300,250,64,4096,42,9,0.8333333333333334,0.45454545454545453,0.0,7.0,125.0
epfl_p300,P300,250,64,4096,123,0,0.16666666666666666,0.14285714285714285,0.0,7.0,125.0
epfl_p300,P300,250,64,4096,123,1,0.16666666666666666,0.14285714285714285,0.0,7.0,125.0
epfl_p300,P300,250,64,4096,123,2,0.16666666666666666,0.14285714285714285,0.0,7.0,125.0
epfl_p300,P300,250,64,4096,123,3,0.16666666666666666,0.14285714285714285,0.0,7.0,125.0
epfl_p300,P300,250,64,4096,123,4,0.16666666666666666,0.14285714285714285,0.0,7.0,125.0
epfl_p300,P300,250,64,4096,123,5,0.16666666666666666,0.14285714285714285,0.0,7.0,125.0
epfl_p300,P300,250,64,4096,123,6,0.16666666666666666,0.14285714285714285,0.0,7.0,125.0
epfl_p300,P300,250,64,4096,123,7,0.16666666666666666,0.14285714285714285,0.0,7.0,125.0
epfl_p300,P300,250,64,4096,123,8,0.16666666666666666,0.14285714285714285,0.0,7.0,125.0
epfl_p300,P300,250,64,4096,123,9,0.16666666666666666,0.14285714285714285,0.0,7.0,125.0
epfl_p300,P300,250,64,4096,456,0,0.16666666666666666,0.14285714285714285,0.0,7.0,125.0
epfl_p300,P300,250,64,4096,456,1,0.16666666666666666,0.14285714285714285,0.0,7.0,125.0
epfl_p300,P300,250,64,4096,456,2,0.16666666666666666,0.14285714285714285,0.0,7.0,125.0
epfl_p300,P300,250,64,4096,456,3,0.16666666666666666,0.14285714285714285,0.0,7.0,125.0
epfl_p300,P300,250,64,4096,456,4,0.16666666666666666,0.14285714285714285,0.0,7.0,125.0
epfl_p300,P300,250,64,4096,456,5,0.16666666666666666,0.14285714285714285,0.0,7.0,125.0
epfl_p300,P300,250,64,4096,456,6,0.16666666666666666,0.14285714285714285,0.0,7.0,125.0
epfl_p300,P300,250,64,4096,456,7,0.16666666666666666,0.14285714285714285,0.0,7.0,125.0
epfl_p300,P300,250,64,4096,456,8,0.16666666666666666,0.14285714285714285,0.0,7.0,125.0
epfl_p300,P300,250,64,4096,456,9,0.16666666666666666,0.14285714285714285,0.0,7.0,125.0
epfl_p300,P300,250,64,4096,789,0,0.16666666666666666,0.14285714285714285,0.0,7.0,125.0
epfl_p300,P300,250,64,4096,789,1,0.16666666666666666,0.14285714285714285,0.0,7.0,125.0
epfl_p300,P300,250,64,4096,789,2,0.16666666666666666,0.14285714285714285,0.0,7.0,125.0
epfl_p300,P300,250,64,4096,789,3,0.16666666666666666,0.14285714285714285,0.0,7.0,125.0
epfl_p300,P300,250,64,4096,789,4,0.16666666666666666,0.14285714285714285,0.0,7.0,125.0
epfl_p300,P300,250,64,4096,789,5,0.16666666666666666,0.14285714285714285,0.0,7.0,125.0
epfl_p300,P300,250,64,4096,789,6,0.16666666666666666,0.14285714285714285,0.0,7.0,125.0
epfl_p300,P300,250,64,4096,789,7,0.16666666666666666,0.14285714285714285,0.0,7.0,125.0
epfl_p300,P300,250,64,4096,789,8,0.16666666666666666,0.14285714285714285,0.0,7.0,125.0
epfl_p300,P300,250,64,4096,789,9,0.16666666666666666,0.14285714285714285,0.0,7.0,125.0
epfl_p300,P300,250,64,4096,2024,0,0.8333333333333334,0.45454545454545453,0.0,7.0,125.0
epfl_p300,P300,250,64,4096,2024,1,0.8333333333333334,0.45454545454545453,0.0,7.0,125.0
epfl_p300,P300,250,64,4096,2024,2,0.8333333333333334,0.45454545454545453,0.0,7.0,125.0
epfl_p300,P300,250,64,4096,2024,3,0.8333333333333334,0.45454545454545453,0.0,7.0,125.0
epfl_p300,P300,250,64,4096,2024,4,0.8333333333333334,0.45454545454545453,0.0,7.0,125.0
epfl_p300,P300,250,64,4096,2024,5,0.8333333333333334,0.45454545454545453,0.0,7.0,125.0
epfl_p300,P300,250,64,4096,2024,6,0.8333333333333334,0.45454545454545453,0.0,7.0,125.0
epfl_p300,P300,250,64,4096,2024,7,0.8333333333333334,0.45454545454545453,0.0,7.0,125.0
epfl_p300,P300,250,64,4096,2024,8,0.8333333333333334,0.45454545454545453,0.0,7.0,125.0
epfl_p300,P300,250,64,4096,2024,9,0.8333333333333334,0.45454545454545453,0.0,7.0,125.0
epfl_p300,P300,500,64,4096,42,0,0.8333333333333334,0.45454545454545453,0.0,7.0,250.0
epfl_p300,P300,500,64,4096,42,1,0.8333333333333334,0.45454545454545453,0.0,7.0,250.0
epfl_p300,P300,500,64,4096,42,2,0.8333333333333334,0.45454545454545453,0.0,7.0,250.0
epfl_p300,P300,500,64,4096,42,3,0.8333333333333334,0.45454545454545453,0.0,7.0,250.0
epfl_p300,P300,500,64,4096,42,4,0.8333333333333334,0.45454545454545453,0.0,7.0,250.0
epfl_p300,P300,500,64,4096,42,5,0.8333333333333334,0.45454545454545453,0.0,7.0,250.0
epfl_p300,P300,500,64,4096,42,6,0.8333333333333334,0.45454545454545453,0.0,7.0,250.0
epfl_p300,P300,500,64,4096,42,7,0.8333333333333334,0.45454545454545453,0.0,7.0,250.0
epfl_p300,P300,500,64,4096,42,8,0.8333333333333334,0.45454545454545453,0.0,7.0,250.0
epfl_p300,P300,500,64,4096,42,9,0.8333333333333334,0.45454545454545453,0.0,7.0,250.0
epfl_p300,P300,500,64,4096,123,0,0.16666666666666666,0.14285714285714285,0.0,7.0,250.0
epfl_p300,P300,500,64,4096,123,1,0.16666666666666666,0.14285714285714285,0.0,7.0,250.0
epfl_p300,P300,500,64,4096,123,2,0.16666666666666666,0.14285714285714285,0.0,7.0,250.0
epfl_p300,P300,500,64,4096,123,3,0.16666666666666666,0.14285714285714285,0.0,7.0,250.0
epfl_p300,P300,500,64,4096,123,4,0.16666666666666666,0.14285714285714285,0.0,7.0,250.0
epfl_p300,P300,500,64,4096,123,5,0.16666666666666666,0.14285714285714285,0.0,7.0,250.0
epfl_p300,P300,500,64,4096,123,6,0.16666666666666666,0.14285714285714285,0.0,7.0,250.0
epfl_p300,P300,500,64,4096,123,7,0.16666666666666666,0.14285714285714285,0.0,7.0,250.0
epfl_p300,P300,500,64,4096,123,8,0.16666666666666666,0.14285714285714285,0.0,7.0,250.0
epfl_p300,P300,500,64,4096,123,9,0.16666666666666666,0.14285714285714285,0.0,7.0,250.0
epfl_p300,P300,500,64,4096,456,0,0.16666666666666666,0.14285714285714285,0.0,7.0,250.0
epfl_p300,P300,500,64,4096,456,1,0.16666666666666666,0.14285714285714285,0.0,7.0,250.0
epfl_p300,P300,500,64,4096,456,2,0.16666666666666666,0.14285714285714285,0.0,7.0,250.0
epfl_p300,P300,500,64,4096,456,3,0.16666666666666666,0.14285714285714285,0.0,7.0,250.0
epfl_p300,P300,500,64,4096,456,4,0.16666666666666666,0.14285714285714285,0.0,7.0,250.0
epfl_p300,P300,500,64,4096,456,5,0.16666666666666666,0.14285714285714285,0.0,7.0,250.0
epfl_p300,P300,500,64,4096,456,6,0.16666666666666666,0.14285714285714285,0.0,7.0,250.0
epfl_p300,P300,500,64,4096,456,7,0.16666666666666666,0.14285714285714285,0.0,7.0,250.0
epfl_p300,P300,500,64,4096,456,8,0.16666666666666666,0.14285714285714285,0.0,7.0,250.0
epfl_p300,P300,500,64,4096,456,9,0.16666666666666666,0.14285714285714285,0.0,7.0,250.0
epfl_p300,P300,500,64,4096,789,0,0.16666666666666666,0.14285714285714285,0.0,7.0,250.0
epfl_p300,P300,500,64,4096,789,1,0.16666666666666666,0.14285714285714285,0.0,7.0,250.0
epfl_p300,P300,500,64,4096,789,2,0.16666666666666666,0.14285714285714285,0.0,7.0,250.0
epfl_p300,P300,500,64,4096,789,3,0.16666666666666666,0.14285714285714285,0.0,7.0,250.0
epfl_p300,P300,500,64,4096,789,4,0.16666666666666666,0.14285714285714285,0.0,7.0,250.0
epfl_p300,P300,500,64,4096,789,5,0.16666666666666666,0.14285714285714285,0.0,7.0,250.0
epfl_p300,P300,500,64,4096,789,6,0.16666666666666666,0.14285714285714285,0.0,7.0,250.0
epfl_p300,P300,500,64,4096,789,7,0.16666666666666666,0.14285714285714285,0.0,7.0,250.0
epfl_p300,P300,500,64,4096,789,8,0.16666666666666666,0.14285714285714285,0.0,7.0,250.0
epfl_p300,P300,500,64,4096,789,9,0.16666666666666666,0.14285714285714285,0.0,7.0,250.0
epfl_p300,P300,500,64,4096,2024,0,0.8333333333333334,0.45454545454545453,0.0,7.0,250.0
epfl_p300,P300,500,64,4096,2024,1,0.8333333333333334,0.45454545454545453,0.0,7.0,250.0
epfl_p300,P300,500,64,4096,2024,2,0.8333333333333334,0.45454545454545453,0.0,7.0,250.0
epfl_p300,P300,500,64,4096,2024,3,0.8333333333333334,0.45454545454545453,0.0,7.0,250.0
epfl_p300,P300,500,64,4096,2024,4,0.8333333333333334,0.45454545454545453,0.0,7.0,250.0
epfl_p300,P300,500,64,4096,2024,5,0.8333333333333334,0.45454545454545453,0.0,7.0,250.0
epfl_p300,P300,500,64,4096,2024,6,0.8333333333333334,0.45454545454545453,0.0,7.0,250.0
epfl_p300,P300,500,64,4096,2024,7,0.8333333333333334,0.45454545454545453,0.0,7.0,250.0
epfl_p300,P300,500,64,4096,2024,8,0.8333333333333334,0.45454545454545453,0.0,7.0,250.0
epfl_p300,P300,500,64,4096,2024,9,0.8333333333333334,0.45454545454545453,0.0,7.0,250.0
ssvep_nakanishi,SSVEP,250,64,4096,42,0,0.06111111111111111,0.053966786630477104,-0.024242424242424176,1.4227402920130539,2899.3344907407404
ssvep_nakanishi,SSVEP,250,64,4096,42,1,0.13333333333333333,0.1190954317466719,0.054545454545454564,1.4227402920130539,2899.3344907407404
ssvep_nakanishi,SSVEP,250,64,4096,42,2,0.08333333333333333,0.0734862137608133,0.0,1.4227402920130539,2899.3344907407404
ssvep_nakanishi,SSVEP,250,64,4096,42,3,0.10555555555555556,0.08161208095593593,0.024242424242424288,1.4227402920130539,2899.3344907407404
ssvep_nakanishi,SSVEP,250,64,4096,42,4,0.08888888888888889,0.07112844912384082,0.0060606060606061,1.4227402920130539,2899.3344907407404
ssvep_nakanishi,SSVEP,250,64,4096,42,5,0.10555555555555556,0.07763660719196108,0.024242424242424065,1.4227402920130539,2899.3344907407404
ssvep_nakanishi,SSVEP,250,64,4096,42,6,0.1,0.08995330828664162,0.018181818181818188,1.4227402920130539,2899.3344907407404
ssvep_nakanishi,SSVEP,250,64,4096,42,7,0.07222222222222222,0.059481437205051675,-0.0121212121212122,1.4227402920130539,2899.3344907407404
ssvep_nakanishi,SSVEP,250,64,4096,42,8,0.08333333333333333,0.07901208081682125,0.0,1.4227402920130539,2899.3344907407404
ssvep_nakanishi,SSVEP,250,64,4096,123,0,0.05555555555555555,0.04052302878019664,-0.030303030303030276,1.4227402920130539,2899.3344907407404
ssvep_nakanishi,SSVEP,250,64,4096,123,1,0.12222222222222222,0.10555083482632004,0.042424242424242475,1.4227402920130539,2899.3344907407404
ssvep_nakanishi,SSVEP,250,64,4096,123,2,0.07222222222222222,0.062218688635480246,-0.0121212121212122,1.4227402920130539,2899.3344907407404
ssvep_nakanishi,SSVEP,250,64,4096,123,3,0.09444444444444444,0.06817305924448781,0.012121212121212088,1.4227402920130539,2899.3344907407404
ssvep_nakanishi,SSVEP,250,64,4096,123,4,0.06111111111111111,0.054168560319143556,-0.024242424242424176,1.4227402920130539,2899.3344907407404
ssvep_nakanishi,SSVEP,250,64,4096,123,5,0.1,0.058993526897938665,0.018181818181818188,1.4227402920130539,2899.3344907407404
ssvep_nakanishi,SSVEP,250,64,4096,123,6,0.09444444444444444,0.0838179225961122,0.012121212121212088,1.4227402920130539,2899.3344907407404
ssvep_nakanishi,SSVEP,250,64,4096,123,7,0.07222222222222222,0.05765453079854702,-0.0121212121212122,1.4227402920130539,2899.3344907407404
ssvep_nakanishi,SSVEP,250,64,4096,123,8,0.07222222222222222,0.06797255709096958,-0.0121212121212122,1.4227402920130539,2899.3344907407404
ssvep_nakanishi,SSVEP,250,64,4096,456,0,0.06111111111111111,0.04453347802392055,-0.024242424242424176,1.4227402920130539,2899.3344907407404
ssvep_nakanishi,SSVEP,250,64,4096,456,1,0.12222222222222222,0.1065659324223734,0.042424242424242475,1.4227402920130539,2899.3344907407404
ssvep_nakanishi,SSVEP,250,64,4096,456,2,0.08333333333333333,0.08254391307490544,0.0,1.4227402920130539,2899.3344907407404
ssvep_nakanishi,SSVEP,250,64,4096,456,3,0.10555555555555556,0.07849306632184395,0.024242424242424288,1.4227402920130539,2899.3344907407404
ssvep_nakanishi,SSVEP,250,64,4096,456,4,0.07777777777777778,0.06043889155380264,-0.0060606060606061,1.4227402920130539,2899.3344907407404
ssvep_nakanishi,SSVEP,250,64,4096,456,5,0.10555555555555556,0.07495071422217396,0.024242424242424288,1.4227402920130539,2899.3344907407404
ssvep_nakanishi,SSVEP,250,64,4096,456,6,0.10555555555555556,0.09117476469430837,0.024242424242424288,1.4227402920130539,2899.3344907407404
ssvep_nakanishi,SSVEP,250,64,4096,456,7,0.08888888888888889,0.07002510374312376,0.0060606060606061,1.4227402920130539,2899.3344907407404
ssvep_nakanishi,SSVEP,250,64,4096,456,8,0.08333333333333333,0.07234465051630323,0.0,1.4227402920130539,2899.3344907407404
ssvep_nakanishi,SSVEP,250,64,4096,789,0,0.06666666666666667,0.05322899673510123,-0.018181818181818077,1.4227402920130539,2899.3344907407404
ssvep_nakanishi,SSVEP,250,64,4096,789,1,0.12222222222222222,0.10517889842451245,0.042424242424242475,1.4227402920130539,2899.3344907407404
ssvep_nakanishi,SSVEP,250,64,4096,789,2,0.07222222222222222,0.06652097683937307,-0.0121212121212122,1.4227402920130539,2899.3344907407404
ssvep_nakanishi,SSVEP,250,64,4096,789,3,0.08333333333333333,0.05894268515236256,0.0,1.4227402920130539,2899.3344907407404
ssvep_nakanishi,SSVEP,250,64,4096,789,4,0.06666666666666667,0.05824190670070726,-0.018181818181818077,1.4227402920130539,2899.3344907407404
ssvep_nakanishi,SSVEP,250,64,4096,789,5,0.1,0.046415074238839255,0.018181818181818188,1.4227402920130539,2899.3344907407404
ssvep_nakanishi,SSVEP,250,64,4096,789,6,0.1,0.0884239217572551,0.018181818181818188,1.4227402920130539,2899.3344907407404
ssvep_nakanishi,SSVEP,250,64,4096,789,7,0.07222222222222222,0.05314407814407814,-0.0121212121212122,1.4227402920130539,2899.3344907407404
ssvep_nakanishi,SSVEP,250,64,4096,789,8,0.07777777777777778,0.07613051874035372,-0.0060606060606061,1.4227402920130539,2899.3344907407404
ssvep_nakanishi,SSVEP,250,64,4096,2024,0,0.07777777777777778,0.07167005453184055,-0.0060606060606061,1.4227402920130539,2899.3344907407404
ssvep_nakanishi,SSVEP,250,64,4096,2024,1,0.12777777777777777,0.10550532701070336,0.048484848484848464,1.4227402920130539,2899.3344907407404
ssvep_nakanishi,SSVEP,250,64,4096,2024,2,0.08333333333333333,0.07174854152187189,0.0,1.4227402920130539,2899.3344907407404
ssvep_nakanishi,SSVEP,250,64,4096,2024,3,0.08888888888888889,0.07236743731308949,0.0060606060606061,1.4227402920130539,2899.3344907407404
ssvep_nakanishi,SSVEP,250,64,4096,2024,4,0.08333333333333333,0.06834785318980721,0.0,1.4227402920130539,2899.3344907407404
ssvep_nakanishi,SSVEP,250,64,4096,2024,5,0.1111111111111111,0.07271312565430212,0.030303030303030165,1.4227402920130539,2899.3344907407404
ssvep_nakanishi,SSVEP,250,64,4096,2024,6,0.1,0.08863127570024121,0.018181818181818188,1.4227402920130539,2899.3344907407404
ssvep_nakanishi,SSVEP,250,64,4096,2024,7,0.07777777777777778,0.06414084338842847,-0.006060606060605878,1.4227402920130539,2899.3344907407404
ssvep_nakanishi,SSVEP,250,64,4096,2024,8,0.07222222222222222,0.06799317452967707,-0.0121212121212122,1.4227402920130539,2899.3344907407404
ssvep_nakanishi,SSVEP,500,64,4096,42,0,0.08888888888888889,0.07351949178559458,0.0060606060606061,1.2914717770816075,3097.241512345679
ssvep_nakanishi,SSVEP,500,64,4096,42,1,0.07222222222222222,0.07063238112415848,-0.0121212121212122,1.2914717770816075,3097.241512345679
ssvep_nakanishi,SSVEP,500,64,4096,42,2,0.044444444444444446,0.030287578986209124,-0.042424242424242475,1.2914717770816075,3097.241512345679
ssvep_nakanishi,SSVEP,500,64,4096,42,3,0.05555555555555555,0.04574631987285332,-0.030303030303030276,1.2914717770816075,3097.241512345679
ssvep_nakanishi,SSVEP,500,64,4096,42,4,0.08888888888888889,0.08182828462162253,0.0060606060606061,1.2914717770816075,3097.241512345679
ssvep_nakanishi,SSVEP,500,64,4096,42,5,0.05,0.0452228747822108,-0.036363636363636376,1.2914717770816075,3097.241512345679
ssvep_nakanishi,SSVEP,500,64,4096,42,6,0.09444444444444444,0.08356094626718731,0.012121212121212088,1.2914717770816075,3097.241512345679
ssvep_nakanishi,SSVEP,500,64,4096,42,7,0.12777777777777777,0.09778338394409825,0.048484848484848464,1.2914717770816075,3097.241512345679
ssvep_nakanishi,SSVEP,500,64,4096,42,8,0.08333333333333333,0.06303766088298228,0.0,1.2914717770816075,3097.241512345679
ssvep_nakanishi,SSVEP,500,64,4096,123,0,0.07777777777777778,0.06925524425524425,-0.0060606060606061,1.2914717770816075,3097.241512345679
ssvep_nakanishi,SSVEP,500,64,4096,123,1,0.09444444444444444,0.09281031787497306,0.012121212121212088,1.2914717770816075,3097.241512345679
ssvep_nakanishi,SSVEP,500,64,4096,123,2,0.07777777777777778,0.06379907215160671,-0.0060606060606061,1.2914717770816075,3097.241512345679
ssvep_nakanishi,SSVEP,500,64,4096,123,3,0.05555555555555555,0.0451459114719334,-0.030303030303030276,1.2914717770816075,3097.241512345679
ssvep_nakanishi,SSVEP,500,64,4096,123,4,0.10555555555555556,0.09445014780541094,0.024242424242424288,1.2914717770816075,3097.241512345679
ssvep_nakanishi,SSVEP,500,64,4096,123,5,0.03888888888888889,0.03454919149743591,-0.048484848484848575,1.2914717770816075,3097.241512345679
ssvep_nakanishi,SSVEP,500,64,4096,123,6,0.1,0.08816188520489594,0.018181818181818188,1.2914717770816075,3097.241512345679
ssvep_nakanishi,SSVEP,500,64,4096,123,7,0.12222222222222222,0.08730074312170687,0.042424242424242475,1.2914717770816075,3097.241512345679
ssvep_nakanishi,SSVEP,500,64,4096,123,8,0.08333333333333333,0.06687547751144242,0.0,1.2914717770816075,3097.241512345679
ssvep_nakanishi,SSVEP,500,64,4096,456,0,0.07222222222222222,0.057264136829354224,-0.0121212121212122,1.2914717770816075,3097.241512345679
ssvep_nakanishi,SSVEP,500,64,4096,456,1,0.08333333333333333,0.07982501793776303,0.0,1.2914717770816075,3097.241512345679
ssvep_nakanishi,SSVEP,500,64,4096,456,2,0.06111111111111111,0.050291297553606555,-0.024242424242424176,1.2914717770816075,3097.241512345679
ssvep_nakanishi,SSVEP,500,64,4096,456,3,0.06666666666666667,0.055716869416559824,-0.018181818181818077,1.2914717770816075,3097.241512345679
ssvep_nakanishi,SSVEP,500,64,4096,456,4,0.08888888888888889,0.07660950817801278,0.0060606060606061,1.2914717770816075,3097.241512345679
ssvep_nakanishi,SSVEP,500,64,4096,456,5,0.044444444444444446,0.03661416085015406,-0.042424242424242475,1.2914717770816075,3097.241512345679
ssvep_nakanishi,SSVEP,500,64,4096,456,6,0.08888888888888889,0.07813489633004346,0.0060606060606061,1.2914717770816075,3097.241512345679
ssvep_nakanishi,SSVEP,500,64,4096,456,7,0.13333333333333333,0.10772393171697299,0.054545454545454564,1.2914717770816075,3097.241512345679
ssvep_nakanishi,SSVEP,500,64,4096,456,8,0.1,0.08150230653464823,0.018181818181818188,1.2914717770816075,3097.241512345679
ssvep_nakanishi,SSVEP,500,64,4096,789,0,0.08888888888888889,0.07607233830453763,0.0060606060606061,1.2914717770816075,3097.241512345679
ssvep_nakanishi,SSVEP,500,64,4096,789,1,0.08333333333333333,0.08043148318154317,0.0,1.2914717770816075,3097.241512345679
ssvep_nakanishi,SSVEP,500,64,4096,789,2,0.05555555555555555,0.048667459877137303,-0.030303030303030276,1.2914717770816075,3097.241512345679
ssvep_nakanishi,SSVEP,500,64,4096,789,3,0.06666666666666667,0.051638924152515454,-0.018181818181818077,1.2914717770816075,3097.241512345679
ssvep_nakanishi,SSVEP,500,64,4096,789,4,0.1111111111111111,0.09767058751125156,0.030303030303030276,1.2914717770816075,3097.241512345679
ssvep_nakanishi,SSVEP,500,64,4096,789,5,0.03333333333333333,0.02867576610407525,-0.05454545454545445,1.2914717770816075,3097.241512345679
ssvep_nakanishi,SSVEP,500,64,4096,789,6,0.08888888888888889,0.07781359023595665,0.006060606060605878,1.2914717770816075,3097.241512345679
ssvep_nakanishi,SSVEP,500,64,4096,789,7,0.12222222222222222,0.09467019482364751,0.042424242424242586,1.2914717770816075,3097.241512345679
ssvep_nakanishi,SSVEP,500,64,4096,789,8,0.09444444444444444,0.07618703045619521,0.012121212121212088,1.2914717770816075,3097.241512345679
ssvep_nakanishi,SSVEP,500,64,4096,2024,0,0.09444444444444444,0.0816468253968254,0.012121212121212088,1.2914717770816075,3097.241512345679
ssvep_nakanishi,SSVEP,500,64,4096,2024,1,0.06666666666666667,0.06548702044669787,-0.018181818181818077,1.2914717770816075,3097.241512345679
ssvep_nakanishi,SSVEP,500,64,4096,2024,2,0.05555555555555555,0.04891771012738755,-0.030303030303030276,1.2914717770816075,3097.241512345679
ssvep_nakanishi,SSVEP,500,64,4096,2024,3,0.06666666666666667,0.0543293463489248,-0.018181818181818077,1.2914717770816075,3097.241512345679
ssvep_nakanishi,SSVEP,500,64,4096,2024,4,0.09444444444444444,0.08763846659770021,0.012121212121212088,1.2914717770816075,3097.241512345679
ssvep_nakanishi,SSVEP,500,64,4096,2024,5,0.044444444444444446,0.03709563315021224,-0.042424242424242475,1.2914717770816075,3097.241512345679
ssvep_nakanishi,SSVEP,500,64,4096,2024,6,0.1,0.08943920279366363,0.018181818181818188,1.2914717770816075,3097.241512345679
ssvep_nakanishi,SSVEP,500,64,4096,2024,7,0.12222222222222222,0.09755585731132181,0.042424242424242475,1.2914717770816075,3097.241512345679
ssvep_nakanishi,SSVEP,500,64,4096,2024,8,0.09444444444444444,0.07413336207903269,0.012121212121212088,1.2914717770816075,3097.241512345679
bci_iv_2a,Motor Imagery,500,64,512,42,0,0.2361111111111111,0.23365190727078794,-0.0185185185185186,1.0677671899020502,3512.0015256734005
bci_iv_2a,Motor Imagery,500,64,512,42,1,0.22743055555555555,0.19728185790159847,-0.03009259259259256,1.0677671899020502,3512.0015256734005
bci_iv_2a,Motor Imagery,500,64,512,42,2,0.23958333333333334,0.2188852579790871,-0.01388888888888884,1.0677671899020502,3512.0015256734005
bci_iv_2a,Motor Imagery,500,64,512,123,0,0.22569444444444445,0.22292555758760885,-0.03240740740740744,1.0677671899020502,3512.0015256734005
bci_iv_2a,Motor Imagery,500,64,512,123,1,0.24479166666666666,0.2270511813851,-0.00694444444444442,1.0677671899020502,3512.0015256734005
bci_iv_2a,Motor Imagery,500,64,512,123,2,0.24305555555555555,0.20557179297218509,-0.0092592592592593,1.0677671899020502,3512.0015256734005
bci_iv_2a,Motor Imagery,500,64,512,456,0,0.22569444444444445,0.224795285147095,-0.03240740740740744,1.0677671899020502,3512.0015256734005
bci_iv_2a,Motor Imagery,500,64,512,456,1,0.2378472222222222,0.20691419860627178,-0.01620370370370372,1.0677671899020502,3512.0015256734005
bci_iv_2a,Motor Imagery,500,64,512,456,2,0.24305555555555555,0.2158328459319415,-0.0092592592592593,1.0677671899020502,3512.0015256734005
bci_iv_2a,Motor Imagery,500,64,512,789,0,0.2326388888888889,0.2305296756836044,-0.02314814814814814,1.0677671899020502,3512.0015256734005
bci_iv_2a,Motor Imagery,500,64,512,789,1,0.22743055555555555,0.1900740881999206,-0.03009259259259256,1.0677671899020502,3512.0015256734005
bci_iv_2a,Motor Imagery,500,64,512,789,2,0.2326388888888889,0.2105294165069797,-0.02314814814814814,1.0677671899020502,3512.0015256734005
bci_iv_2a,Motor Imagery,500,64,512,2024,0,0.22395833333333334,0.21673029244016573,-0.03472222222222232,1.0677671899020502,3512.0015256734005
bci_iv_2a,Motor Imagery,500,64,512,2024,1,0.22569444444444445,0.200789573480108,-0.03240740740740744,1.0677671899020502,3512.0015256734005
bci_iv_2a,Motor Imagery,500,64,512,2024,2,0.2309027777777778,0.2036396753604347,-0.02546296296296302,1.0677671899020502,3512.0015256734005
physionet_mi,Motor Imagery,500,64,512,42,0,0.3888888888888889,0.34691502959237547,0.19394235466536391,1.2350018077708924,3441.290509259259
physionet_mi,Motor Imagery,500,64,512,42,1,0.25555555555555554,0.10176991150442478,0.0,1.2350018077708924,3441.290509259259
physionet_mi,Motor Imagery,500,64,512,42,2,0.28888888888888886,0.2529712324123955,0.051539601514902,1.2350018077708924,3441.290509259259
physionet_mi,Motor Imagery,500,64,512,123,0,0.2777777777777778,0.23349730224730225,0.03576726553486076,1.2350018077708924,3441.290509259259
physionet_mi,Motor Imagery,500,64,512,123,1,0.35555555555555557,0.3208333333333333,0.14956011730205288,1.2350018077708924,3441.290509259259
physionet_mi,Motor Imagery,500,64,512,123,2,0.25555555555555554,0.10176991150442478,0.0,1.2350018077708924,3441.290509259259
physionet_mi,Motor Imagery,500,64,512,456,0,0.25555555555555554,0.10176991150442478,0.0,1.2350018077708924,3441.290509259259
physionet_mi,Motor Imagery,500,64,512,456,1,0.34444444444444444,0.3121760210098072,0.1343332246494946,1.2350018077708924,3441.290509259259
physionet_mi,Motor Imagery,500,64,512,456,2,0.3,0.2632307210533598,0.065435965056865,1.2350018077708924,3441.290509259259
physionet_mi,Motor Imagery,500,64,512,789,0,0.37777777777777777,0.34364965498394484,0.1788856304985338,1.2350018077708924,3441.290509259259
physionet_mi,Motor Imagery,500,64,512,789,1,0.25555555555555554,0.10176991150442478,0.0,1.2350018077708924,3441.290509259259
physionet_mi,Motor Imagery,500,64,512,789,2,0.3,0.2684596811525283,0.06728080276361248,1.2350018077708924,3441.290509259259
physionet_mi,Motor Imagery,500,64,512,2024,0,0.25555555555555554,0.10176991150442478,0.0,1.2350018077708924,3441.290509259259
physionet_mi,Motor Imagery,500,64,512,2024,1,0.34444444444444444,0.30437546193643755,0.13546076196678603,1.2350018077708924,3441.290509259259
physionet_mi,Motor Imagery,500,64,512,2024,2,0.3,0.25377853235238634,0.06574394463667821,1.2350018077708924,3441.290509259259
sleep_edf,Sleep,500,64,512,42,0,0.4614835948644793,0.3877383826494617,0.2686778584036221,1.243580453110236,23922.85913275194
sleep_edf,Sleep,500,64,512,42,1,0.8597430406852249,0.6606115862322886,0.73699547665638,1.243580453110236,23922.85913275194
sleep_edf,Sleep,500,64,512,42,2,0.8769811320754717,0.6551697624504945,0.7292637974708933,1.243580453110236,23922.85913275194
sleep_edf,Sleep,500,64,512,123,0,0.8784905660377359,0.6576191023568935,0.7322360439844582,1.243580453110236,23922.85913275194
sleep_edf,Sleep,500,64,512,123,1,0.4600570613409415,0.38808778818224204,0.2679101154752572,1.243580453110236,23922.85913275194
sleep_edf,Sleep,500,64,512,123,2,0.8576017130620985,0.6542879610854729,0.7326327565636026,1.243580453110236,23922.85913275194
sleep_edf,Sleep,500,64,512,456,0,0.8576017130620985,0.6548183297317619,0.7329099063845158,1.243580453110236,23922.85913275194
sleep_edf,Sleep,500,64,512,456,1,0.4614835948644793,0.38813932893235664,0.2684214709531165,1.243580453110236,23922.85913275194
sleep_edf,Sleep,500,64,512,456,2,0.8781132075471698,0.6570818548047758,0.7315891883077685,1.243580453110236,23922.85913275194
sleep_edf,Sleep,500,64,512,789,0,0.4607703281027104,0.38848284169286257,0.26843199709281107,1.243580453110236,23922.85913275194
sleep_edf,Sleep,500,64,512,789,1,0.8586723768736617,0.6572582726854004,0.7348976460050513,1.243580453110236,23922.85913275194
sleep_edf,Sleep,500,64,512,789,2,0.8769811320754717,0.6554689202241728,0.72927499662338,1.243580453110236,23922.85913275194
sleep_edf,Sleep,500,64,512,2024,0,0.8572448251249107,0.6542199689819733,0.7325724724304838,1.243580453110236,23922.85913275194
sleep_edf,Sleep,500,64,512,2024,1,0.460413694721826,0.38913806492708825,0.26791948041280667,1.243580453110236,23922.85913275194
sleep_edf,Sleep,500,64,512,2024,2,0.8769811320754717,0.6557596605901465,0.7291316284208929,1.243580453110236,23922.85913275194
mental_arithmetic,Cognitive,500,64,512,42,0,0.5,0.3333333333333333,0.0,1.221544909038956,3069.8830409356724
mental_arithmetic,Cognitive,500,64,512,42,1,0.6333333333333333,0.6296296296296295,0.2666666666666667,1.221544909038956,3069.8830409356724
mental_arithmetic,Cognitive,500,64,512,42,2,0.5333333333333333,0.5248868778280543,0.06666666666666665,1.221544909038956,3069.8830409356724
mental_arithmetic,Cognitive,500,64,512,123,0,0.5,0.4949494949494949,0.0,1.221544909038956,3069.8830409356724
mental_arithmetic,Cognitive,500,64,512,123,1,0.5,0.3333333333333333,0.0,1.221544909038956,3069.8830409356724
mental_arithmetic,Cognitive,500,64,512,123,2,0.6,0.5927601809954751,0.19999999999999996,1.221544909038956,3069.8830409356724
mental_arithmetic,Cognitive,500,64,512,456,0,0.6,0.5927601809954751,0.19999999999999996,1.221544909038956,3069.8830409356724
mental_arithmetic,Cognitive,500,64,512,456,1,0.5,0.3333333333333333,0.0,1.221544909038956,3069.8830409356724
mental_arithmetic,Cognitive,500,64,512,456,2,0.5,0.4949494949494949,0.0,1.221544909038956,3069.8830409356724
mental_arithmetic,Cognitive,500,64,512,789,0,0.5,0.3333333333333333,0.0,1.221544909038956,3069.8830409356724
mental_arithmetic,Cognitive,500,64,512,789,1,0.6,0.5927601809954751,0.19999999999999996,1.221544909038956,3069.8830409356724
mental_arithmetic,Cognitive,500,64,512,789,2,0.5,0.4949494949494949,0.0,1.221544909038956,3069.8830409356724
mental_arithmetic,Cognitive,500,64,512,2024,0,0.6333333333333333,0.6296296296296295,0.2666666666666667,1.221544909038956,3069.8830409356724
mental_arithmetic,Cognitive,500,64,512,2024,1,0.5,0.3333333333333333,0.0,1.221544909038956,3069.8830409356724
mental_arithmetic,Cognitive,500,64,512,2024,2,0.5,0.4949494949494949,0.0,1.221544909038956,3069.8830409356724
epfl_p300,P300,500,64,512,42,0,0.16666666666666666,0.14285714285714285,0.0,7.0,250.0
epfl_p300,P300,500,64,512,42,1,0.16666666666666666,0.14285714285714285,0.0,7.0,250.0
epfl_p300,P300,500,64,512,42,2,0.16666666666666666,0.14285714285714285,0.0,7.0,250.0
epfl_p300,P300,500,64,512,123,0,0.16666666666666666,0.14285714285714285,0.0,7.0,250.0
epfl_p300,P300,500,64,512,123,1,0.16666666666666666,0.14285714285714285,0.0,7.0,250.0
epfl_p300,P300,500,64,512,123,2,0.16666666666666666,0.14285714285714285,0.0,7.0,250.0
epfl_p300,P300,500,64,512,456,0,0.16666666666666666,0.14285714285714285,0.0,7.0,250.0
epfl_p300,P300,500,64,512,456,1,0.16666666666666666,0.14285714285714285,0.0,7.0,250.0
epfl_p300,P300,500,64,512,456,2,0.16666666666666666,0.14285714285714285,0.0,7.0,250.0
epfl_p300,P300,500,64,512,789,0,0.8333333333333334,0.45454545454545453,0.0,7.0,250.0
epfl_p300,P300,500,64,512,789,1,0.8333333333333334,0.45454545454545453,0.0,7.0,250.0
epfl_p300,P300,500,64,512,789,2,0.8333333333333334,0.45454545454545453,0.0,7.0,250.0
epfl_p300,P300,500,64,512,2024,0,0.8333333333333334,0.45454545454545453,0.0,7.0,250.0
epfl_p300,P300,500,64,512,2024,1,0.8333333333333334,0.45454545454545453,0.0,7.0,250.0
epfl_p300,P300,500,64,512,2024,2,0.8333333333333334,0.45454545454545453,0.0,7.0,250.0
ssvep_nakanishi,SSVEP,500,64,512,42,0,0.07777777777777778,0.032828282828282825,-0.0060606060606061,1.175490212751484,3402.8356481481483
ssvep_nakanishi,SSVEP,500,64,512,42,1,0.08888888888888889,0.07294889403391937,0.0060606060606061,1.175490212751484,3402.8356481481483
ssvep_nakanishi,SSVEP,500,64,512,42,2,0.06666666666666667,0.022018970189701895,-0.018181818181818077,1.175490212751484,3402.8356481481483
ssvep_nakanishi,SSVEP,500,64,512,123,0,0.08333333333333333,0.04365879716489473,0.0,1.175490212751484,3402.8356481481483
ssvep_nakanishi,SSVEP,500,64,512,123,1,0.08333333333333333,0.06779658085408437,2.220446049250313e-16,1.175490212751484,3402.8356481481483
ssvep_nakanishi,SSVEP,500,64,512,123,2,0.06666666666666667,0.021772151898734177,-0.018181818181818077,1.175490212751484,3402.8356481481483
ssvep_nakanishi,SSVEP,500,64,512,456,0,0.08333333333333333,0.043749476927261506,0.0,1.175490212751484,3402.8356481481483
ssvep_nakanishi,SSVEP,500,64,512,456,1,0.08333333333333333,0.06706480658970139,0.0,1.175490212751484,3402.8356481481483
ssvep_nakanishi,SSVEP,500,64,512,456,2,0.06111111111111111,0.021141649048625793,-0.024242424242424176,1.175490212751484,3402.8356481481483
ssvep_nakanishi,SSVEP,500,64,512,789,0,0.07777777777777778,0.030247326203208556,-0.0060606060606061,1.175490212751484,3402.8356481481483
ssvep_nakanishi,SSVEP,500,64,512,789,1,0.08888888888888889,0.07107404048916992,0.0060606060606061,1.175490212751484,3402.8356481481483
ssvep_nakanishi,SSVEP,500,64,512,789,2,0.07222222222222222,0.024305555555555552,-0.0121212121212122,1.175490212751484,3402.8356481481483
ssvep_nakanishi,SSVEP,500,64,512,2024,0,0.09444444444444444,0.05481061629623244,0.012121212121212088,1.175490212751484,3402.8356481481483
ssvep_nakanishi,SSVEP,500,64,512,2024,1,0.08888888888888889,0.07206036756930494,0.0060606060606061,1.175490212751484,3402.8356481481483
ssvep_nakanishi,SSVEP,500,64,512,2024,2,0.06666666666666667,0.02288299935358759,-0.01818181818181852,1.175490212751484,3402.8356481481483
