dataset,paradigm,win_sec,win_ms,n_codes,vocab_size,seed,n_classes,chance_level,n_trials,n_subjects,n_windows,n_freq,freq_resolution_hz,compression_ratio,mean_token_ms,accuracy_mean,accuracy_std,accuracy_ci_low,accuracy_ci_high,macro_f1_mean,kappa_mean,n_folds,n_hist_features,cv_strategy,timestamp
bci_iv_2a,Motor Imagery,0.25,250,64,4096,42,4,0.25,5184,9,31,11,4.03,1.085,3572.9,0.2542438271604939,0.012495474336961142,0.24507619598765434,0.26216242283950614,0.25258719386085265,0.00565843621399177,9,2048,LOSO,2026-03-10T23:07:53.219805
bci_iv_2a,Motor Imagery,0.25,250,64,4096,123,4,0.25,5184,9,31,11,4.03,1.085,3572.9,0.25405092592592593,0.012519275262027736,0.24594907407407407,0.2621527777777778,0.2524645184045331,0.005401234567901227,9,2048,LOSO,2026-03-10T23:07:53.229395
bci_iv_2a,Motor Imagery,0.25,250,64,4096,456,4,0.25,5184,9,31,11,4.03,1.085,3572.9,0.2542438271604938,0.0126287710673865,0.24710648148148148,0.26186824845679013,0.2526056636600047,0.00565843621399177,9,2048,LOSO,2026-03-10T23:07:53.236522
bci_iv_2a,Motor Imagery,0.25,250,64,4096,789,4,0.25,5184,9,31,11,4.03,1.085,3572.9,0.25462962962962965,0.012465659275774314,0.24681230709876545,0.26195987654320985,0.2530877204024362,0.006172839506172843,9,2048,LOSO,2026-03-10T23:07:53.244023
bci_iv_2a,Motor Imagery,0.25,250,64,4096,2024,4,0.25,5184,9,31,11,4.03,1.085,3572.9,0.2542438271604939,0.012813057025783649,0.2446903935185185,0.2619598765432099,0.25261294469752216,0.00565843621399177,9,2048,LOSO,2026-03-10T23:07:53.251023
bci_iv_2a,Motor Imagery,0.5,500,64,4096,42,4,0.25,5184,9,15,22,2.0,1.077,3481.5,0.2681327160493827,0.015247741393032017,0.2572193287037037,0.27758487654320985,0.26681667344025833,0.024176954732510286,9,2048,LOSO,2026-03-10T23:15:46.202680
bci_iv_2a,Motor Imagery,0.5,500,64,4096,123,4,0.25,5184,9,15,22,2.0,1.077,3481.5,0.2683256172839506,0.015723521506415754,0.25752314814814814,0.2784577546296297,0.267000068266307,0.02443415637860084,9,2048,LOSO,2026-03-10T23:15:46.210179
bci_iv_2a,Motor Imagery,0.5,500,64,4096,456,4,0.25,5184,9,15,22,2.0,1.077,3481.5,0.2681327160493827,0.015766062300696403,0.25751350308641974,0.2785493827160494,0.266815649859807,0.024176954732510296,9,2048,LOSO,2026-03-10T23:15:46.217179
bci_iv_2a,Motor Imagery,0.5,500,64,4096,789,4,0.25,5184,9,15,22,2.0,1.077,3481.5,0.2685185185185185,0.015742442718443796,0.2570360725308642,0.2778790509259259,0.2672058689617714,0.024691358024691343,9,2048,LOSO,2026-03-10T23:15:46.224178
bci_iv_2a,Motor Imagery,0.5,500,64,4096,2024,4,0.25,5184,9,15,22,2.0,1.077,3481.5,0.2689043209876543,0.015144896933943297,0.2588734567901234,0.2777777777777778,0.2676340007957492,0.025205761316872417,9,2048,LOSO,2026-03-10T23:15:46.231638
physionet_mi,Motor Imagery,0.25,250,64,4096,42,4,0.25,9795,109,35,11,4.0,1.316,3323.6,0.2822615209516689,0.004569548361072657,0.2780062568460653,0.2860283171549006,0.2809201230946601,0.043098158863957826,5,2048,5fold-subject,2026-03-10T23:26:17.685507
physionet_mi,Motor Imagery,0.25,250,64,4096,123,4,0.25,9795,109,35,11,4.0,1.316,3323.6,0.28840542243226414,0.008618779352067266,0.28096894435060277,0.29491352147855177,0.28827342531288314,0.05127452733641944,5,2048,5fold-subject,2026-03-10T23:26:17.690005
physionet_mi,Motor Imagery,0.25,250,64,4096,456,4,0.25,9795,109,35,11,4.0,1.316,3323.6,0.27644158520213885,0.005657384130053143,0.2718044188435088,0.28077217733057286,0.2759016890505898,0.03531431456428793,5,2048,5fold-subject,2026-03-10T23:26:17.695009
physionet_mi,Motor Imagery,0.25,250,64,4096,789,4,0.25,9795,109,35,11,4.0,1.316,3323.6,0.2818235731945069,0.013318636957490781,0.2699204189386705,0.2930730078227297,0.28065174226038697,0.0424102412939432,5,2048,5fold-subject,2026-03-10T23:26:17.699005
physionet_mi,Motor Imagery,0.25,250,64,4096,2024,4,0.25,9795,109,35,11,4.0,1.316,3323.6,0.28349248738716915,0.00920462728694769,0.2758118607151719,0.29202594562286477,0.28284789838011404,0.04465404105335713,5,2048,5fold-subject,2026-03-10T23:26:17.704006
physionet_mi,Motor Imagery,0.5,500,64,4096,42,4,0.25,9795,109,17,22,2.0,1.328,3199.5,0.2721938907849707,0.012209315583617292,0.261940787937478,0.2818745724408428,0.27154375623558813,0.029542394727799338,5,2048,5fold-subject,2026-03-10T23:36:34.449894
physionet_mi,Motor Imagery,0.5,500,64,4096,123,4,0.25,9795,109,17,22,2.0,1.328,3199.5,0.27508721172757333,0.009905972687525732,0.2663100820884633,0.28277107441441907,0.27478838950420803,0.03352843551412197,5,2048,5fold-subject,2026-03-10T23:36:34.454894
physionet_mi,Motor Imagery,0.5,500,64,4096,456,4,0.25,9795,109,17,22,2.0,1.328,3199.5,0.27265699288850864,0.007949061510792672,0.26604109305114065,0.27927289272587663,0.2722942182631397,0.030197970767557814,5,2048,5fold-subject,2026-03-10T23:36:34.459893
physionet_mi,Motor Imagery,0.5,500,64,4096,789,4,0.25,9795,109,17,22,2.0,1.328,3199.5,0.2677851993561809,0.011466988967415865,0.2568764568764569,0.27698733722093005,0.26714052389234144,0.023684700511329915,5,2048,5fold-subject,2026-03-10T23:36:34.464393
physionet_mi,Motor Imagery,0.5,500,64,4096,2024,4,0.25,9795,109,17,22,2.0,1.328,3199.5,0.2642306049861331,0.006917157014885323,0.25764220535389204,0.2693797511845501,0.2637603936401639,0.018964763243255023,5,2048,5fold-subject,2026-03-10T23:36:34.468894
sleep_edf,Sleep,0.25,250,64,4096,42,5,0.2,54587,20,248,11,4.0,1.302,23804.4,0.8037906444284875,0.04555840627549516,0.764387911738957,0.8423129776188208,0.5982580040129735,0.6420793964979474,5,2048,5fold-subject,2026-03-10T23:59:43.768981
sleep_edf,Sleep,0.25,250,64,4096,123,5,0.2,54587,20,248,11,4.0,1.302,23804.4,0.8038436800639994,0.06386995102289242,0.7506745789277511,0.8570127812002479,0.6024080440775252,0.6468964767149735,5,2048,5fold-subject,2026-03-10T23:59:43.773981
sleep_edf,Sleep,0.25,250,64,4096,456,5,0.2,54587,20,248,11,4.0,1.302,23804.4,0.8107925053448956,0.036415076932180705,0.7751061950137954,0.8395615878786822,0.6036156926461447,0.6510536415975393,5,2048,5fold-subject,2026-03-10T23:59:43.778981
sleep_edf,Sleep,0.25,250,64,4096,789,5,0.2,54587,20,248,11,4.0,1.302,23804.4,0.8029275044594948,0.056452061973942175,0.7555785010653139,0.841619197428372,0.5992355069162458,0.6428094634125481,5,2048,5fold-subject,2026-03-10T23:59:43.783481
sleep_edf,Sleep,0.25,250,64,4096,2024,5,0.2,54587,20,248,11,4.0,1.302,23804.4,0.8028120211158413,0.04068355327183092,0.765290029011271,0.839511968972788,0.600632016283009,0.6405409079499199,5,2048,5fold-subject,2026-03-10T23:59:43.787983
sleep_edf,Sleep,0.5,500,64,4096,42,5,0.2,54587,20,119,22,2.0,1.347,22083.4,0.7703291648040933,0.03042682240766968,0.7457258244792118,0.7938810322937747,0.5685190026439898,0.5910596280906771,5,2048,5fold-subject,2026-03-11T00:22:05.657458
sleep_edf,Sleep,0.5,500,64,4096,123,5,0.2,54587,20,119,22,2.0,1.347,22083.4,0.779253853512566,0.04698719768085,0.7385436123078482,0.8199640947172838,0.5818043746683346,0.6067020232245414,5,2048,5fold-subject,2026-03-11T00:22:05.662958
sleep_edf,Sleep,0.5,500,64,4096,456,5,0.2,54587,20,119,22,2.0,1.347,22083.4,0.7791375625840214,0.02271879081858684,0.7608450938079668,0.7980095662978098,0.5686536004441031,0.5989715708027077,5,2048,5fold-subject,2026-03-11T00:22:05.667957
sleep_edf,Sleep,0.5,500,64,4096,789,5,0.2,54587,20,119,22,2.0,1.347,22083.4,0.7716234457117153,0.036145467432093875,0.7376732916246207,0.8009220308152439,0.5730909310294241,0.5932390081471819,5,2048,5fold-subject,2026-03-11T00:22:05.672457
sleep_edf,Sleep,0.5,500,64,4096,2024,5,0.2,54587,20,119,22,2.0,1.347,22083.4,0.7745382212161094,0.021976604460668517,0.7558189767676147,0.7926594084793116,0.5721497517999827,0.5948247122388518,5,2048,5fold-subject,2026-03-11T00:22:05.677458
mental_arithmetic,Cognitive,0.25,250,64,4096,42,2,0.5,1080,36,31,11,4.0,1.179,3286.1,0.5604761904761905,0.026836195816391194,0.5419047619047619,0.5859642857142857,0.5540947656215632,0.12095238095238095,5,1079,5fold-subject,2026-03-11T00:22:23.543098
mental_arithmetic,Cognitive,0.25,250,64,4096,123,2,0.5,1080,36,31,11,4.0,1.179,3286.1,0.5747619047619048,0.05609354027667514,0.5214285714285715,0.62,0.5653789024401666,0.14952380952380948,5,1079,5fold-subject,2026-03-11T00:22:23.548598
mental_arithmetic,Cognitive,0.25,250,64,4096,456,2,0.5,1080,36,31,11,4.0,1.179,3286.1,0.5554761904761905,0.03194027873854096,0.5266666666666666,0.5804761904761906,0.5538423164631873,0.11095238095238096,5,1079,5fold-subject,2026-03-11T00:22:23.554098
mental_arithmetic,Cognitive,0.25,250,64,4096,789,2,0.5,1080,36,31,11,4.0,1.179,3286.1,0.5616666666666666,0.014761904761904768,0.5492738095238096,0.5742857142857144,0.5565653155832662,0.12333333333333334,5,1079,5fold-subject,2026-03-11T00:22:23.559097
mental_arithmetic,Cognitive,0.25,250,64,4096,2024,2,0.5,1080,36,31,11,4.0,1.179,3286.1,0.5573809523809524,0.04604788988938915,0.5171428571428571,0.5976190476190476,0.5420781026694786,0.11476190476190476,5,1079,5fold-subject,2026-03-11T00:22:23.564099
mental_arithmetic,Cognitive,0.5,500,64,4096,42,2,0.5,1080,36,15,22,2.0,1.29,2906.9,0.5415476190476192,0.03321492574908163,0.5183333333333333,0.5752380952380952,0.5366307937804227,0.08309523809523811,5,1079,5fold-subject,2026-03-11T00:22:39.376285
mental_arithmetic,Cognitive,0.5,500,64,4096,123,2,0.5,1080,36,15,22,2.0,1.29,2906.9,0.5148809523809523,0.028437184624849114,0.4916666666666667,0.5380952380952382,0.5092842664094622,0.029761904761904746,5,1079,5fold-subject,2026-03-11T00:22:39.381285
mental_arithmetic,Cognitive,0.5,500,64,4096,456,2,0.5,1080,36,15,22,2.0,1.29,2906.9,0.5252380952380953,0.0118187368057056,0.5166666666666666,0.5366666666666667,0.5221671967860383,0.050476190476190494,5,1079,5fold-subject,2026-03-11T00:22:39.386285
mental_arithmetic,Cognitive,0.5,500,64,4096,789,2,0.5,1080,36,15,22,2.0,1.29,2906.9,0.5238095238095238,0.039840953644479794,0.49142857142857144,0.56,0.5209440641503168,0.0476190476190476,5,1079,5fold-subject,2026-03-11T00:22:39.391285
mental_arithmetic,Cognitive,0.5,500,64,4096,2024,2,0.5,1080,36,15,22,2.0,1.29,2906.9,0.5267857142857142,0.04661136178679022,0.4871190476190477,0.5657142857142857,0.5093309674296458,0.0535714285714286,5,1079,5fold-subject,2026-03-11T00:22:39.396286
epfl_p300,P300,0.25,250,64,4096,42,2,0.5,17280,10,7,1,0,7.0,125.0,0.8333333333333334,0.0,0.8333333333333334,0.8333333333333334,0.4545454545454545,0.0,10,1088,LOSO,2026-03-11T00:22:57.413430
epfl_p300,P300,0.25,250,64,4096,123,2,0.5,17280,10,7,1,0,7.0,125.0,0.16666666666666669,2.7755575615628914e-17,0.16666666666666669,0.16666666666666669,0.14285714285714285,0.0,10,1088,LOSO,2026-03-11T00:22:57.422430
epfl_p300,P300,0.25,250,64,4096,456,2,0.5,17280,10,7,1,0,7.0,125.0,0.16666666666666669,2.7755575615628914e-17,0.16666666666666669,0.16666666666666669,0.14285714285714285,0.0,10,1088,LOSO,2026-03-11T00:22:57.430929
epfl_p300,P300,0.25,250,64,4096,789,2,0.5,17280,10,7,1,0,7.0,125.0,0.16666666666666669,2.7755575615628914e-17,0.16666666666666669,0.16666666666666669,0.14285714285714285,0.0,10,1088,LOSO,2026-03-11T00:22:57.439431
epfl_p300,P300,0.25,250,64,4096,2024,2,0.5,17280,10,7,1,0,7.0,125.0,0.8333333333333334,0.0,0.8333333333333334,0.8333333333333334,0.4545454545454545,0.0,10,1088,LOSO,2026-03-11T00:22:57.447931
epfl_p300,P300,0.5,500,64,4096,42,2,0.5,17280,10,7,1,0,7.0,250.0,0.8333333333333334,0.0,0.8333333333333334,0.8333333333333334,0.4545454545454545,0.0,10,1088,LOSO,2026-03-11T00:23:14.926950
epfl_p300,P300,0.5,500,64,4096,123,2,0.5,17280,10,7,1,0,7.0,250.0,0.16666666666666669,2.7755575615628914e-17,0.16666666666666669,0.16666666666666669,0.14285714285714285,0.0,10,1088,LOSO,2026-03-11T00:23:14.935950
epfl_p300,P300,0.5,500,64,4096,456,2,0.5,17280,10,7,1,0,7.0,250.0,0.16666666666666669,2.7755575615628914e-17,0.16666666666666669,0.16666666666666669,0.14285714285714285,0.0,10,1088,LOSO,2026-03-11T00:23:14.944450
epfl_p300,P300,0.5,500,64,4096,789,2,0.5,17280,10,7,1,0,7.0,250.0,0.16666666666666669,2.7755575615628914e-17,0.16666666666666669,0.16666666666666669,0.14285714285714285,0.0,10,1088,LOSO,2026-03-11T00:23:14.952450
epfl_p300,P300,0.5,500,64,4096,2024,2,0.5,17280,10,7,1,0,7.0,250.0,0.8333333333333334,0.0,0.8333333333333334,0.8333333333333334,0.4545454545454545,0.0,10,1088,LOSO,2026-03-11T00:23:14.960449
ssvep_nakanishi,SSVEP,0.25,250,64,4096,42,12,0.0833,1620,9,33,11,4.0,1.423,2899.3,0.0925925925925926,0.02011626016888929,0.07962962962962963,0.10555555555555556,0.07837471063535718,0.010101010101010091,9,1619,LOSO,2026-03-11T00:24:26.394717
ssvep_nakanishi,SSVEP,0.25,250,64,4096,123,12,0.0833,1620,9,33,11,4.0,1.423,2899.3,0.08271604938271605,0.020191885473822377,0.07004629629629629,0.09662037037037036,0.06656363435435508,-0.00067340067340069,9,1619,LOSO,2026-03-11T00:24:26.402718
ssvep_nakanishi,SSVEP,0.25,250,64,4096,456,12,0.0833,1620,9,33,11,4.0,1.423,2899.3,0.0925925925925926,0.01756820922315766,0.08054012345679012,0.10246913580246914,0.07567450161919503,0.01010101010101013,9,1619,LOSO,2026-03-11T00:24:26.410217
ssvep_nakanishi,SSVEP,0.25,250,64,4096,789,12,0.0833,1620,9,33,11,4.0,1.423,2899.3,0.0845679012345679,0.017911874232773965,0.07469135802469135,0.09814814814814815,0.06735856185917587,0.0013468013468013555,9,1619,LOSO,2026-03-11T00:24:26.418217
ssvep_nakanishi,SSVEP,0.25,250,64,4096,2024,12,0.0833,1620,9,33,11,4.0,1.423,2899.3,0.09135802469135802,0.017195541082943355,0.0808641975308642,0.10061728395061728,0.07590195920444015,0.008754208754208749,9,1619,LOSO,2026-03-11T00:24:26.425717
ssvep_nakanishi,SSVEP,0.5,500,64,4096,42,12,0.0833,1620,9,16,22,2.0,1.291,3097.2,0.07839506172839507,0.024629552275629633,0.06358024691358025,0.09415123456790123,0.06573543580743518,-0.005387205387205397,9,1619,LOSO,2026-03-11T00:25:37.357754
ssvep_nakanishi,SSVEP,0.5,500,64,4096,123,12,0.0833,1620,9,16,22,2.0,1.291,3097.2,0.08395061728395063,0.024066158876071515,0.06666666666666667,0.0990895061728395,0.07137199898829438,0.0006734006734006654,9,1619,LOSO,2026-03-11T00:25:37.365752
ssvep_nakanishi,SSVEP,0.5,500,64,4096,456,12,0.0833,1620,9,16,22,2.0,1.291,3097.2,0.08209876543209876,0.024113611092129145,0.06757716049382716,0.0962962962962963,0.06929801392745723,-0.0013468013468013308,9,1619,LOSO,2026-03-11T00:25:37.373253
ssvep_nakanishi,SSVEP,0.5,500,64,4096,789,12,0.0833,1620,9,16,22,2.0,1.291,3097.2,0.08271604938271604,0.02585233529799003,0.0654320987654321,0.09814814814814815,0.07020304162742887,-0.000673400673400653,9,1619,LOSO,2026-03-11T00:25:37.380752
ssvep_nakanishi,SSVEP,0.5,500,64,4096,2024,12,0.0833,1620,9,16,22,2.0,1.291,3097.2,0.08209876543209876,0.02353787156165138,0.06728395061728394,0.09753086419753086,0.07069371380575179,-0.0013468013468013308,9,1619,LOSO,2026-03-11T00:25:37.388254
bci_iv_2a,Motor Imagery,0.5,500,64,512,42,4,0.25,1728,3,15,22,2.0,1.068,3512.0,0.234375,0.00511097272356936,0.22743055555555555,0.23958333333333334,0.21660634105049117,-0.020833333333333332,3,1727,LOSO,2026-03-21T22:08:46.501368
bci_iv_2a,Motor Imagery,0.5,500,64,512,123,4,0.25,1728,3,15,22,2.0,1.068,3512.0,0.2378472222222222,0.008622490987124613,0.22569444444444445,0.24479166666666666,0.21851617731496464,-0.01620370370370372,3,1727,LOSO,2026-03-21T22:08:46.506868
bci_iv_2a,Motor Imagery,0.5,500,64,512,456,4,0.25,1728,3,15,22,2.0,1.068,3512.0,0.2355324074074074,0.007274192760403083,0.22569444444444445,0.24305555555555555,0.21584744322843608,-0.019290123456790154,3,1727,LOSO,2026-03-21T22:08:46.509869
bci_iv_2a,Motor Imagery,0.5,500,64,512,789,4,0.25,1728,3,15,22,2.0,1.068,3512.0,0.23090277777777776,0.002455231879119961,0.22743055555555555,0.23263888888888892,0.2103777267968349,-0.025462962962962948,3,1727,LOSO,2026-03-21T22:08:46.513369
bci_iv_2a,Motor Imagery,0.5,500,64,512,2024,4,0.25,1728,3,15,22,2.0,1.068,3512.0,0.22685185185185186,0.0029508214777736047,0.22395833333333334,0.2309027777777778,0.20705318042690282,-0.030864197530864262,3,1727,LOSO,2026-03-21T22:08:46.516369
physionet_mi,Motor Imagery,0.5,500,64,512,42,4,0.25,270,3,17,22,2.0,1.235,3441.3,0.31111111111111106,0.05665577237325318,0.25555555555555554,0.3888888888888889,0.23388539116973192,0.0818273187267553,3,269,5fold-subject,2026-03-21T22:08:49.360225
physionet_mi,Motor Imagery,0.5,500,64,512,123,4,0.25,270,3,17,22,2.0,1.235,3441.3,0.2962962962962963,0.042873470010334175,0.25555555555555554,0.35555555555555557,0.21870018236168678,0.06177579427897121,3,269,5fold-subject,2026-03-21T22:08:49.367225
physionet_mi,Motor Imagery,0.5,500,64,512,456,4,0.25,270,3,17,22,2.0,1.235,3441.3,0.3,0.03628873693012116,0.25555555555555554,0.3444444444444444,0.22572555118919727,0.06658972990211987,3,269,5fold-subject,2026-03-21T22:08:49.370225
physionet_mi,Motor Imagery,0.5,500,64,512,789,4,0.25,270,3,17,22,2.0,1.235,3441.3,0.3111111111111111,0.050511784062910584,0.25555555555555554,0.37777777777777777,0.23795974921363264,0.08205547775404876,3,269,5fold-subject,2026-03-21T22:08:49.373225
physionet_mi,Motor Imagery,0.5,500,64,512,2024,4,0.25,270,3,17,22,2.0,1.235,3441.3,0.3,0.03628873693012116,0.25555555555555554,0.3444444444444444,0.2199746352644162,0.06706823553448808,3,269,5fold-subject,2026-03-21T22:08:49.395224
sleep_edf,Sleep,0.5,500,64,512,42,5,0.2,8256,3,119,22,2.0,1.244,23922.9,0.7327359225417253,0.19193342057675042,0.4614835948644793,0.8769811320754717,0.5678399104440817,0.5783123775102985,3,1024,5fold-subject,2026-03-21T22:10:05.810854
sleep_edf,Sleep,0.5,500,64,512,123,5,0.2,8256,3,119,22,2.0,1.244,23922.9,0.7320497801469253,0.19251686568066825,0.46005706134094143,0.8784905660377359,0.5666649505415361,0.5775929720077727,3,1024,5fold-subject,2026-03-21T22:10:05.814356
sleep_edf,Sleep,0.5,500,64,512,456,5,0.2,8256,3,119,22,2.0,1.244,23922.9,0.7323995051579159,0.19174940797665027,0.4614835948644793,0.8781132075471699,0.5666798378229648,0.5776401885484669,3,1024,5fold-subject,2026-03-21T22:10:05.817361
sleep_edf,Sleep,0.5,500,64,512,789,5,0.2,8256,3,119,22,2.0,1.244,23922.9,0.7321412790172813,0.19203375984353857,0.4607703281027104,0.8769811320754717,0.5670700115341453,0.5775348799070809,3,1024,5fold-subject,2026-03-21T22:10:05.820360
sleep_edf,Sleep,0.5,500,64,512,2024,5,0.2,8256,3,119,22,2.0,1.244,23922.9,0.731546550640736,0.19188911663088148,0.460413694721826,0.8769811320754717,0.5663725648330694,0.5765411937547278,3,1024,5fold-subject,2026-03-21T22:10:05.823862
mental_arithmetic,Cognitive,0.5,500,64,512,42,2,0.5,90,3,15,22,2.0,1.222,3069.9,0.5555555555555555,0.05665577237325315,0.5111111111111111,0.6333333333333333,0.495949946930339,0.11111111111111112,3,89,5fold-subject,2026-03-21T22:10:06.201101
mental_arithmetic,Cognitive,0.5,500,64,512,123,2,0.5,90,3,15,22,2.0,1.222,3069.9,0.5333333333333333,0.04714045207910316,0.5,0.6,0.47368100309276784,0.06666666666666665,3,89,5fold-subject,2026-03-21T22:10:06.205600
mental_arithmetic,Cognitive,0.5,500,64,512,456,2,0.5,90,3,15,22,2.0,1.222,3069.9,0.5333333333333333,0.04714045207910316,0.5,0.6,0.47368100309276784,0.06666666666666665,3,89,5fold-subject,2026-03-21T22:10:06.208600
mental_arithmetic,Cognitive,0.5,500,64,512,789,2,0.5,90,3,15,22,2.0,1.222,3069.9,0.5333333333333333,0.04714045207910316,0.5,0.6,0.47368100309276784,0.06666666666666665,3,89,5fold-subject,2026-03-21T22:10:06.211602
mental_arithmetic,Cognitive,0.5,500,64,512,2024,2,0.5,90,3,15,22,2.0,1.222,3069.9,0.5444444444444444,0.06285393610547088,0.5,0.6333333333333333,0.48597081930415253,0.0888888888888889,3,89,5fold-subject,2026-03-21T22:10:06.214600
epfl_p300,P300,0.5,500,64,512,42,2,0.5,5184,3,7,1,0,7.0,250.0,0.16666666666666666,0.0,0.16666666666666666,0.16666666666666666,0.14285714285714285,0.0,3,1088,LOSO,2026-03-21T22:10:10.507713
epfl_p300,P300,0.5,500,64,512,123,2,0.5,5184,3,7,1,0,7.0,250.0,0.16666666666666666,0.0,0.16666666666666666,0.16666666666666666,0.14285714285714285,0.0,3,1088,LOSO,2026-03-21T22:10:10.515214
epfl_p300,P300,0.5,500,64,512,456,2,0.5,5184,3,7,1,0,7.0,250.0,0.16666666666666666,0.0,0.16666666666666666,0.16666666666666666,0.14285714285714285,0.0,3,1088,LOSO,2026-03-21T22:10:10.518713
epfl_p300,P300,0.5,500,64,512,789,2,0.5,5184,3,7,1,0,7.0,250.0,0.8333333333333334,0.0,0.8333333333333334,0.8333333333333334,0.45454545454545453,0.0,3,1088,LOSO,2026-03-21T22:10:10.521713
epfl_p300,P300,0.5,500,64,512,2024,2,0.5,5184,3,7,1,0,7.0,250.0,0.8333333333333334,0.0,0.8333333333333334,0.8333333333333334,0.45454545454545453,0.0,3,1088,LOSO,2026-03-21T22:10:10.524213
ssvep_nakanishi,SSVEP,0.5,500,64,512,42,12,0.0833,540,3,16,22,2.0,1.175,3402.8,0.07777777777777778,0.00907218423253029,0.06666666666666667,0.08888888888888889,0.04259871568396803,-0.006060606060606026,3,539,LOSO,2026-03-21T22:10:13.878597
ssvep_nakanishi,SSVEP,0.5,500,64,512,123,12,0.0833,540,3,16,22,2.0,1.175,3402.8,0.07777777777777778,0.00785674201318386,0.06666666666666667,0.08333333333333333,0.04440917663923776,-0.006060606060605951,3,539,LOSO,2026-03-21T22:10:13.882098
ssvep_nakanishi,SSVEP,0.5,500,64,512,456,12,0.0833,540,3,16,22,2.0,1.175,3402.8,0.07592592592592592,0.01047565601757848,0.06111111111111111,0.08333333333333333,0.043985310855196226,-0.008080808080808058,3,539,LOSO,2026-03-21T22:10:13.885597
ssvep_nakanishi,SSVEP,0.5,500,64,512,789,12,0.0833,540,3,16,22,2.0,1.175,3402.8,0.07962962962962963,0.006928995160692488,0.07222222222222222,0.08888888888888889,0.04187564074931135,-0.004040404040404066,3,539,LOSO,2026-03-21T22:10:13.888597
ssvep_nakanishi,SSVEP,0.5,500,64,512,2024,12,0.0833,540,3,16,22,2.0,1.175,3402.8,0.08333333333333333,0.01200137166371826,0.06666666666666667,0.09444444444444444,0.04991799440637499,-1.1102230246251565e-16,3,539,LOSO,2026-03-21T22:10:13.891598
